{"t":{"$date":"2025-04-03T14:41:44.025+00:00"},"s":"I",  "c":"NETWORK",  "id":4915701, "ctx":"main","msg":"Initialized wire specification","attr":{"spec":{"incomingExternalClient":{"minWireVersion":0,"maxWireVersion":13},"incomingInternalClient":{"minWireVersion":0,"maxWireVersion":13},"outgoing":{"minWireVersion":0,"maxWireVersion":13},"isInternalClient":true}}}
{"t":{"$date":"2025-04-03T14:41:44.026+00:00"},"s":"I",  "c":"CONTROL",  "id":23285,   "ctx":"main","msg":"Automatically disabling TLS 1.0, to force-enable TLS 1.0 specify --sslDisabledProtocols 'none'"}
{"t":{"$date":"2025-04-03T14:41:44.026+00:00"},"s":"W",  "c":"ASIO",     "id":22601,   "ctx":"main","msg":"No TransportLayer configured during NetworkInterface startup"}
{"t":{"$date":"2025-04-03T14:41:44.028+00:00"},"s":"I",  "c":"NETWORK",  "id":4648601, "ctx":"main","msg":"Implicit TCP FastOpen unavailable. If TCP FastOpen is required, set tcpFastOpenServer, tcpFastOpenClient, and tcpFastOpenQueueSize."}
{"t":{"$date":"2025-04-03T14:41:44.063+00:00"},"s":"W",  "c":"ASIO",     "id":22601,   "ctx":"main","msg":"No TransportLayer configured during NetworkInterface startup"}
{"t":{"$date":"2025-04-03T14:41:44.064+00:00"},"s":"W",  "c":"ASIO",     "id":22601,   "ctx":"main","msg":"No TransportLayer configured during NetworkInterface startup"}
{"t":{"$date":"2025-04-03T14:41:44.065+00:00"},"s":"I",  "c":"REPL",     "id":5123008, "ctx":"main","msg":"Successfully registered PrimaryOnlyService","attr":{"service":"TenantMigrationDonorService","ns":"config.tenantMigrationDonors"}}
{"t":{"$date":"2025-04-03T14:41:44.066+00:00"},"s":"I",  "c":"REPL",     "id":5123008, "ctx":"main","msg":"Successfully registered PrimaryOnlyService","attr":{"service":"TenantMigrationRecipientService","ns":"config.tenantMigrationRecipients"}}
{"t":{"$date":"2025-04-03T14:41:44.067+00:00"},"s":"I",  "c":"CONTROL",  "id":5945603, "ctx":"main","msg":"Multi threading initialized"}
{"t":{"$date":"2025-04-03T14:41:44.075+00:00"},"s":"I",  "c":"CONTROL",  "id":4615611, "ctx":"initandlisten","msg":"MongoDB starting","attr":{"pid":2082,"port":27017,"dbPath":".","architecture":"64-bit","host":"76d0c403a533"}}
{"t":{"$date":"2025-04-03T14:41:44.076+00:00"},"s":"I",  "c":"CONTROL",  "id":23403,   "ctx":"initandlisten","msg":"Build Info","attr":{"buildInfo":{"version":"5.0.30","gitVersion":"966efda23d779a86c76c34e1b13e561d68f2bb37","openSSLVersion":"OpenSSL 1.1.1f  31 Mar 2020","modules":[],"allocator":"tcmalloc","environment":{"distmod":"ubuntu2004","distarch":"aarch64","target_arch":"aarch64"}}}}
{"t":{"$date":"2025-04-03T14:41:44.077+00:00"},"s":"I",  "c":"CONTROL",  "id":51765,   "ctx":"initandlisten","msg":"Operating System","attr":{"os":{"name":"Ubuntu","version":"20.04"}}}
{"t":{"$date":"2025-04-03T14:41:44.078+00:00"},"s":"I",  "c":"CONTROL",  "id":21951,   "ctx":"initandlisten","msg":"Options set by command line","attr":{"options":{"net":{"bindIp":"localhost","port":27017},"replication":{"replSet":"mr1"},"security":{"keyFile":"/tmp/appsmith/mongodb-key"},"storage":{"dbPath":"."},"systemLog":{"destination":"file","path":"/appsmith-stacks/logs/mongodb/db.log"}}}}
{"t":{"$date":"2025-04-03T14:41:44.082+00:00"},"s":"I",  "c":"STORAGE",  "id":22270,   "ctx":"initandlisten","msg":"Storage engine to use detected by data files","attr":{"dbpath":".","storageEngine":"wiredTiger"}}
{"t":{"$date":"2025-04-03T14:41:44.085+00:00"},"s":"I",  "c":"STORAGE",  "id":22315,   "ctx":"initandlisten","msg":"Opening WiredTiger","attr":{"config":"create,cache_size=1699M,session_max=33000,eviction=(threads_min=4,threads_max=4),config_base=false,statistics=(fast),log=(enabled=true,archive=true,path=journal,compressor=snappy),builtin_extension_config=(zstd=(compression_level=6)),file_manager=(close_idle_time=600,close_scan_interval=10,close_handle_minimum=2000),statistics_log=(wait=0),verbose=[recovery_progress,checkpoint_progress,compact_progress],"}}
{"t":{"$date":"2025-04-03T14:41:44.844+00:00"},"s":"I",  "c":"STORAGE",  "id":22430,   "ctx":"initandlisten","msg":"WiredTiger message","attr":{"message":"[1743691304:844964][2082:0xffffa5c2a040], txn-recover: [WT_VERB_RECOVERY_PROGRESS] Recovering log 2 through 3"}}
{"t":{"$date":"2025-04-03T14:41:49.368+00:00"},"s":"I",  "c":"STORAGE",  "id":22430,   "ctx":"initandlisten","msg":"WiredTiger message","attr":{"message":"[1743691309:368089][2082:0xffffa5c2a040], txn-recover: [WT_VERB_RECOVERY_PROGRESS] Recovering log 3 through 3"}}
{"t":{"$date":"2025-04-03T14:41:54.734+00:00"},"s":"I",  "c":"STORAGE",  "id":22430,   "ctx":"initandlisten","msg":"WiredTiger message","attr":{"message":"[1743691314:734686][2082:0xffffa5c2a040], txn-recover: [WT_VERB_RECOVERY_ALL] Main recovery loop: starting at 2/71936 to 3/256"}}
{"t":{"$date":"2025-04-03T14:41:54.824+00:00"},"s":"I",  "c":"STORAGE",  "id":22430,   "ctx":"initandlisten","msg":"WiredTiger message","attr":{"message":"[1743691314:824065][2082:0xffffa5c2a040], txn-recover: [WT_VERB_RECOVERY_PROGRESS] Recovering log 2 through 3"}}
{"t":{"$date":"2025-04-03T14:41:54.920+00:00"},"s":"I",  "c":"STORAGE",  "id":22430,   "ctx":"initandlisten","msg":"WiredTiger message","attr":{"message":"[1743691314:920001][2082:0xffffa5c2a040], txn-recover: [WT_VERB_RECOVERY_PROGRESS] Recovering log 3 through 3"}}
{"t":{"$date":"2025-04-03T14:41:54.997+00:00"},"s":"I",  "c":"STORAGE",  "id":22430,   "ctx":"initandlisten","msg":"WiredTiger message","attr":{"message":"[1743691314:997827][2082:0xffffa5c2a040], txn-recover: [WT_VERB_RECOVERY_PROGRESS] recovery log replay has successfully finished and ran for 10158 milliseconds"}}
{"t":{"$date":"2025-04-03T14:41:55.010+00:00"},"s":"I",  "c":"STORAGE",  "id":22430,   "ctx":"initandlisten","msg":"WiredTiger message","attr":{"message":"[1743691315:10079][2082:0xffffa5c2a040], txn-recover: [WT_VERB_RECOVERY_ALL] Set global recovery timestamp: (1743691284, 7)"}}
{"t":{"$date":"2025-04-03T14:41:55.012+00:00"},"s":"I",  "c":"STORAGE",  "id":22430,   "ctx":"initandlisten","msg":"WiredTiger message","attr":{"message":"[1743691315:12469][2082:0xffffa5c2a040], txn-recover: [WT_VERB_RECOVERY_ALL] Set global oldest timestamp: (1743691283, 1)"}}
{"t":{"$date":"2025-04-03T14:41:55.015+00:00"},"s":"I",  "c":"STORAGE",  "id":22430,   "ctx":"initandlisten","msg":"WiredTiger message","attr":{"message":"[1743691315:15310][2082:0xffffa5c2a040], txn-recover: [WT_VERB_RECOVERY_PROGRESS] recovery rollback to stable has successfully finished and ran for 1 milliseconds"}}
{"t":{"$date":"2025-04-03T14:41:55.018+00:00"},"s":"I",  "c":"STORAGE",  "id":22430,   "ctx":"initandlisten","msg":"WiredTiger message","attr":{"message":"[1743691315:18590][2082:0xffffa5c2a040], WT_SESSION.checkpoint: [WT_VERB_CHECKPOINT_PROGRESS] saving checkpoint snapshot min: 1, snapshot max: 1 snapshot count: 0, oldest timestamp: (1743691283, 1) , meta checkpoint timestamp: (1743691284, 7) base write gen: 33"}}
{"t":{"$date":"2025-04-03T14:41:55.044+00:00"},"s":"I",  "c":"STORAGE",  "id":22430,   "ctx":"initandlisten","msg":"WiredTiger message","attr":{"message":"[1743691315:44385][2082:0xffffa5c2a040], txn-recover: [WT_VERB_RECOVERY_PROGRESS] recovery checkpoint has successfully finished and ran for 27 milliseconds"}}
{"t":{"$date":"2025-04-03T14:41:55.051+00:00"},"s":"I",  "c":"STORAGE",  "id":22430,   "ctx":"initandlisten","msg":"WiredTiger message","attr":{"message":"[1743691315:51015][2082:0xffffa5c2a040], txn-recover: [WT_VERB_RECOVERY_PROGRESS] recovery was completed successfully and took 10211ms, including 10158ms for the log replay, 1ms for the rollback to stable, and 27ms for the checkpoint."}}
{"t":{"$date":"2025-04-03T14:41:55.054+00:00"},"s":"I",  "c":"STORAGE",  "id":4795906, "ctx":"initandlisten","msg":"WiredTiger opened","attr":{"durationMillis":10966}}
{"t":{"$date":"2025-04-03T14:41:55.055+00:00"},"s":"I",  "c":"RECOVERY", "id":23987,   "ctx":"initandlisten","msg":"WiredTiger recoveryTimestamp","attr":{"recoveryTimestamp":{"$timestamp":{"t":1743691284,"i":7}}}}
{"t":{"$date":"2025-04-03T14:41:55.057+00:00"},"s":"I",  "c":"RECOVERY", "id":5380106, "ctx":"initandlisten","msg":"WiredTiger oldestTimestamp","attr":{"oldestTimestamp":{"$timestamp":{"t":1743691283,"i":1}}}}
{"t":{"$date":"2025-04-03T14:41:55.104+00:00"},"s":"I",  "c":"STORAGE",  "id":22383,   "ctx":"initandlisten","msg":"The size storer reports that the oplog contains","attr":{"numRecords":7,"dataSize":1188}}
{"t":{"$date":"2025-04-03T14:41:55.108+00:00"},"s":"I",  "c":"STORAGE",  "id":22384,   "ctx":"initandlisten","msg":"Scanning the oplog to determine where to place markers for truncation"}
{"t":{"$date":"2025-04-03T14:41:55.132+00:00"},"s":"I",  "c":"STORAGE",  "id":22382,   "ctx":"initandlisten","msg":"WiredTiger record store oplog processing finished","attr":{"durationMillis":28}}
{"t":{"$date":"2025-04-03T14:41:55.146+00:00"},"s":"I",  "c":"STORAGE",  "id":22262,   "ctx":"initandlisten","msg":"Timestamp monitor starting"}
{"t":{"$date":"2025-04-03T14:41:55.157+00:00"},"s":"W",  "c":"CONTROL",  "id":22138,   "ctx":"initandlisten","msg":"You are running this process as the root user, which is not recommended","tags":["startupWarnings"]}
{"t":{"$date":"2025-04-03T14:41:55.225+00:00"},"s":"I",  "c":"NETWORK",  "id":4915702, "ctx":"initandlisten","msg":"Updated wire specification","attr":{"oldSpec":{"incomingExternalClient":{"minWireVersion":0,"maxWireVersion":13},"incomingInternalClient":{"minWireVersion":0,"maxWireVersion":13},"outgoing":{"minWireVersion":0,"maxWireVersion":13},"isInternalClient":true},"newSpec":{"incomingExternalClient":{"minWireVersion":0,"maxWireVersion":13},"incomingInternalClient":{"minWireVersion":13,"maxWireVersion":13},"outgoing":{"minWireVersion":13,"maxWireVersion":13},"isInternalClient":true}}}
{"t":{"$date":"2025-04-03T14:41:55.237+00:00"},"s":"I",  "c":"STORAGE",  "id":5071100, "ctx":"initandlisten","msg":"Clearing temp directory"}
{"t":{"$date":"2025-04-03T14:41:55.289+00:00"},"s":"I",  "c":"CONTROL",  "id":20536,   "ctx":"initandlisten","msg":"Flow Control is enabled on this deployment"}
{"t":{"$date":"2025-04-03T14:41:55.292+00:00"},"s":"I",  "c":"STORAGE",  "id":5380103, "ctx":"initandlisten","msg":"Unpin oldest timestamp request","attr":{"service":"_wt_startup","requestedTs":{"$timestamp":{"t":1743691283,"i":1}}}}
{"t":{"$date":"2025-04-03T14:41:55.302+00:00"},"s":"I",  "c":"SHARDING", "id":20997,   "ctx":"initandlisten","msg":"Refreshed RWC defaults","attr":{"newDefaults":{}}}
{"t":{"$date":"2025-04-03T14:41:55.306+00:00"},"s":"I",  "c":"FTDC",     "id":20625,   "ctx":"initandlisten","msg":"Initializing full-time diagnostic data capture","attr":{"dataDirectory":"./diagnostic.data"}}
{"t":{"$date":"2025-04-03T14:41:55.341+00:00"},"s":"I",  "c":"REPL",     "id":6015317, "ctx":"initandlisten","msg":"Setting new configuration state","attr":{"newState":"ConfigStartingUp","oldState":"ConfigPreStart"}}
{"t":{"$date":"2025-04-03T14:41:55.344+00:00"},"s":"I",  "c":"REPL",     "id":4280500, "ctx":"initandlisten","msg":"Attempting to create internal replication collections"}
{"t":{"$date":"2025-04-03T14:41:55.350+00:00"},"s":"I",  "c":"-",        "id":4939300, "ctx":"monitoring-keys-for-HMAC","msg":"Failed to refresh key cache","attr":{"error":"ReadConcernMajorityNotAvailableYet: Read concern majority reads are currently not possible.","nextWakeupMillis":200}}
{"t":{"$date":"2025-04-03T14:41:55.363+00:00"},"s":"I",  "c":"REPL",     "id":4280501, "ctx":"initandlisten","msg":"Attempting to load local voted for document"}
{"t":{"$date":"2025-04-03T14:41:55.365+00:00"},"s":"I",  "c":"REPL",     "id":4280502, "ctx":"initandlisten","msg":"Searching for local Rollback ID document"}
{"t":{"$date":"2025-04-03T14:41:55.376+00:00"},"s":"I",  "c":"REPL",     "id":21529,   "ctx":"initandlisten","msg":"Initializing rollback ID","attr":{"rbid":1}}
{"t":{"$date":"2025-04-03T14:41:55.389+00:00"},"s":"I",  "c":"REPL",     "id":4280504, "ctx":"initandlisten","msg":"Cleaning up any partially applied oplog batches & reading last op from oplog"}
{"t":{"$date":"2025-04-03T14:41:55.411+00:00"},"s":"I",  "c":"REPL",     "id":21544,   "ctx":"initandlisten","msg":"Recovering from stable timestamp","attr":{"stableTimestamp":{"$timestamp":{"t":1743691284,"i":7}},"topOfOplog":{"ts":{"$timestamp":{"t":1743691284,"i":7}},"t":1},"appliedThrough":{"ts":{"$timestamp":{"t":0,"i":0}},"t":-1}}}
{"t":{"$date":"2025-04-03T14:41:55.415+00:00"},"s":"I",  "c":"REPL",     "id":21545,   "ctx":"initandlisten","msg":"Starting recovery oplog application at the stable timestamp","attr":{"stableTimestamp":{"$timestamp":{"t":1743691284,"i":7}}}}
{"t":{"$date":"2025-04-03T14:41:55.417+00:00"},"s":"I",  "c":"REPL",     "id":5466604, "ctx":"initandlisten","msg":"Start point for recovery oplog application exists in oplog. No adjustment necessary","attr":{"startPoint":{"$timestamp":{"t":1743691284,"i":7}}}}
{"t":{"$date":"2025-04-03T14:41:55.418+00:00"},"s":"I",  "c":"REPL",     "id":21549,   "ctx":"initandlisten","msg":"No oplog entries to apply for recovery. Start point is at the top of the oplog"}
{"t":{"$date":"2025-04-03T14:41:55.419+00:00"},"s":"I",  "c":"REPL",     "id":4280505, "ctx":"initandlisten","msg":"Creating any necessary TenantMigrationAccessBlockers for unfinished migrations"}
{"t":{"$date":"2025-04-03T14:41:55.420+00:00"},"s":"I",  "c":"REPL",     "id":4280506, "ctx":"initandlisten","msg":"Reconstructing prepared transactions"}
{"t":{"$date":"2025-04-03T14:41:55.425+00:00"},"s":"I",  "c":"REPL",     "id":4280507, "ctx":"initandlisten","msg":"Loaded replica set config, scheduled callback to set local config"}
{"t":{"$date":"2025-04-03T14:41:55.425+00:00"},"s":"I",  "c":"REPL",     "id":4280508, "ctx":"ReplCoord-0","msg":"Attempting to set local replica set config; validating config for startup"}
{"t":{"$date":"2025-04-03T14:41:55.433+00:00"},"s":"I",  "c":"CONTROL",  "id":20714,   "ctx":"LogicalSessionCacheRefresh","msg":"Failed to refresh session cache, will try again at the next refresh interval","attr":{"error":"NotYetInitialized: Replication has not yet been configured"}}
{"t":{"$date":"2025-04-03T14:41:55.434+00:00"},"s":"I",  "c":"REPL",     "id":40440,   "ctx":"initandlisten","msg":"Starting the TopologyVersionObserver"}
{"t":{"$date":"2025-04-03T14:41:55.436+00:00"},"s":"I",  "c":"REPL",     "id":40445,   "ctx":"TopologyVersionObserver","msg":"Started TopologyVersionObserver"}
{"t":{"$date":"2025-04-03T14:41:55.438+00:00"},"s":"I",  "c":"NETWORK",  "id":23015,   "ctx":"listener","msg":"Listening on","attr":{"address":"/tmp/mongodb-27017.sock"}}
{"t":{"$date":"2025-04-03T14:41:55.445+00:00"},"s":"I",  "c":"NETWORK",  "id":23015,   "ctx":"listener","msg":"Listening on","attr":{"address":"127.0.0.1"}}
{"t":{"$date":"2025-04-03T14:41:55.446+00:00"},"s":"I",  "c":"NETWORK",  "id":23016,   "ctx":"listener","msg":"Waiting for connections","attr":{"port":27017,"ssl":"off"}}
{"t":{"$date":"2025-04-03T14:41:55.434+00:00"},"s":"I",  "c":"CONTROL",  "id":20711,   "ctx":"LogicalSessionCacheReap","msg":"Failed to reap transaction table","attr":{"error":"NotYetInitialized: Replication has not yet been configured"}}
{"t":{"$date":"2025-04-03T14:41:55.453+00:00"},"s":"I",  "c":"NETWORK",  "id":22943,   "ctx":"listener","msg":"Connection accepted","attr":{"remote":"127.0.0.1:56390","uuid":"d256de99-c709-4fff-b3ff-1493b8c7f28f","connectionId":2,"connectionCount":1}}
{"t":{"$date":"2025-04-03T14:41:55.466+00:00"},"s":"W",  "c":"COMMAND",  "id":5578800, "ctx":"conn2","msg":"Deprecated operation requested. The client driver may require an upgrade in order to ensure compatibility with future server versions. For more details see https://dochub.mongodb.org/core/legacy-opcode-compatibility","attr":{"op":"query","clientInfo":{"address":"127.0.0.1:56390"}}}
{"t":{"$date":"2025-04-03T14:41:55.509+00:00"},"s":"I",  "c":"ACCESS",   "id":20250,   "ctx":"conn2","msg":"Authentication succeeded","attr":{"mechanism":"SCRAM-SHA-256","speculative":false,"principalName":"__system","authenticationDatabase":"local","remote":"127.0.0.1:56390","extraInfo":{}}}
{"t":{"$date":"2025-04-03T14:41:55.512+00:00"},"s":"I",  "c":"NETWORK",  "id":22944,   "ctx":"conn2","msg":"Connection ended","attr":{"remote":"127.0.0.1:56390","uuid":"d256de99-c709-4fff-b3ff-1493b8c7f28f","connectionId":2,"connectionCount":0}}
{"t":{"$date":"2025-04-03T14:41:55.512+00:00"},"s":"I",  "c":"REPL",     "id":4280509, "ctx":"ReplCoord-0","msg":"Local configuration validated for startup"}
{"t":{"$date":"2025-04-03T14:41:55.519+00:00"},"s":"I",  "c":"REPL",     "id":6015317, "ctx":"ReplCoord-0","msg":"Setting new configuration state","attr":{"newState":"ConfigSteady","oldState":"ConfigStartingUp"}}
{"t":{"$date":"2025-04-03T14:41:55.521+00:00"},"s":"I",  "c":"REPL",     "id":21392,   "ctx":"ReplCoord-0","msg":"New replica set config in use","attr":{"config":{"_id":"mr1","version":1,"term":1,"members":[{"_id":0,"host":"localhost:27017","arbiterOnly":false,"buildIndexes":true,"hidden":false,"priority":1,"tags":{},"secondaryDelaySecs":0,"votes":1}],"protocolVersion":1,"writeConcernMajorityJournalDefault":true,"settings":{"chainingAllowed":true,"heartbeatIntervalMillis":2000,"heartbeatTimeoutSecs":10,"electionTimeoutMillis":10000,"catchUpTimeoutMillis":-1,"catchUpTakeoverDelayMillis":30000,"getLastErrorModes":{},"getLastErrorDefaults":{"w":1,"wtimeout":0},"replicaSetId":{"$oid":"67ee9e1364f238a0d6b94056"}}}}}
{"t":{"$date":"2025-04-03T14:41:55.522+00:00"},"s":"I",  "c":"REPL",     "id":21393,   "ctx":"ReplCoord-0","msg":"Found self in config","attr":{"hostAndPort":"localhost:27017"}}
{"t":{"$date":"2025-04-03T14:41:55.523+00:00"},"s":"I",  "c":"REPL",     "id":21358,   "ctx":"ReplCoord-0","msg":"Replica set state transition","attr":{"newState":"STARTUP2","oldState":"STARTUP"}}
{"t":{"$date":"2025-04-03T14:41:55.524+00:00"},"s":"I",  "c":"REPL",     "id":21320,   "ctx":"ReplCoord-0","msg":"Updated term","attr":{"term":1}}
{"t":{"$date":"2025-04-03T14:41:55.525+00:00"},"s":"I",  "c":"REPL",     "id":21306,   "ctx":"ReplCoord-0","msg":"Starting replication storage threads"}
{"t":{"$date":"2025-04-03T14:41:55.527+00:00"},"s":"I",  "c":"REPL",     "id":4280512, "ctx":"ReplCoord-0","msg":"No initial sync required. Attempting to begin steady replication"}
{"t":{"$date":"2025-04-03T14:41:55.528+00:00"},"s":"I",  "c":"REPL",     "id":21358,   "ctx":"ReplCoord-0","msg":"Replica set state transition","attr":{"newState":"RECOVERING","oldState":"STARTUP2"}}
{"t":{"$date":"2025-04-03T14:41:55.533+00:00"},"s":"I",  "c":"REPL",     "id":21299,   "ctx":"ReplCoord-0","msg":"Starting replication fetcher thread"}
{"t":{"$date":"2025-04-03T14:41:55.534+00:00"},"s":"I",  "c":"REPL",     "id":21300,   "ctx":"ReplCoord-0","msg":"Starting replication applier thread"}
{"t":{"$date":"2025-04-03T14:41:55.535+00:00"},"s":"I",  "c":"REPL",     "id":21301,   "ctx":"ReplCoord-0","msg":"Starting replication reporter thread"}
{"t":{"$date":"2025-04-03T14:41:55.537+00:00"},"s":"I",  "c":"REPL",     "id":4280511, "ctx":"ReplCoord-0","msg":"Set local replica set config"}
{"t":{"$date":"2025-04-03T14:41:55.535+00:00"},"s":"I",  "c":"REPL",     "id":21224,   "ctx":"OplogApplier-0","msg":"Starting oplog application"}
{"t":{"$date":"2025-04-03T14:41:55.543+00:00"},"s":"I",  "c":"REPL",     "id":21358,   "ctx":"OplogApplier-0","msg":"Replica set state transition","attr":{"newState":"SECONDARY","oldState":"RECOVERING"}}
{"t":{"$date":"2025-04-03T14:41:55.544+00:00"},"s":"I",  "c":"ELECTION", "id":4615652, "ctx":"OplogApplier-0","msg":"Starting an election, since we've seen no PRIMARY in election timeout period","attr":{"electionTimeoutPeriodMillis":10000}}
{"t":{"$date":"2025-04-03T14:41:55.545+00:00"},"s":"I",  "c":"ELECTION", "id":21438,   "ctx":"OplogApplier-0","msg":"Conducting a dry run election to see if we could be elected","attr":{"currentTerm":1}}
{"t":{"$date":"2025-04-03T14:41:55.546+00:00"},"s":"I",  "c":"ELECTION", "id":21444,   "ctx":"ReplCoord-0","msg":"Dry election run succeeded, running for election","attr":{"newTerm":2}}
{"t":{"$date":"2025-04-03T14:41:55.547+00:00"},"s":"I",  "c":"ELECTION", "id":6015300, "ctx":"ReplCoord-0","msg":"Storing last vote document in local storage for my election","attr":{"lastVote":{"term":2,"candidateIndex":0}}}
{"t":{"$date":"2025-04-03T14:41:55.550+00:00"},"s":"I",  "c":"ELECTION", "id":21450,   "ctx":"ReplCoord-0","msg":"Election succeeded, assuming primary role","attr":{"term":2}}
{"t":{"$date":"2025-04-03T14:41:55.551+00:00"},"s":"I",  "c":"REPL",     "id":21358,   "ctx":"ReplCoord-0","msg":"Replica set state transition","attr":{"newState":"PRIMARY","oldState":"SECONDARY"}}
{"t":{"$date":"2025-04-03T14:41:55.554+00:00"},"s":"I",  "c":"REPL",     "id":21106,   "ctx":"ReplCoord-0","msg":"Resetting sync source to empty","attr":{"previousSyncSource":":27017"}}
{"t":{"$date":"2025-04-03T14:41:55.555+00:00"},"s":"I",  "c":"REPL",     "id":21359,   "ctx":"ReplCoord-0","msg":"Entering primary catch-up mode"}
{"t":{"$date":"2025-04-03T14:41:55.556+00:00"},"s":"I",  "c":"REPL",     "id":6015304, "ctx":"ReplCoord-0","msg":"Skipping primary catchup since we are the only node in the replica set."}
{"t":{"$date":"2025-04-03T14:41:55.557+00:00"},"s":"I",  "c":"REPL",     "id":21363,   "ctx":"ReplCoord-0","msg":"Exited primary catch-up mode"}
{"t":{"$date":"2025-04-03T14:41:55.558+00:00"},"s":"I",  "c":"REPL",     "id":21107,   "ctx":"ReplCoord-0","msg":"Stopping replication producer"}
{"t":{"$date":"2025-04-03T14:41:55.559+00:00"},"s":"I",  "c":"-",        "id":4939300, "ctx":"monitoring-keys-for-HMAC","msg":"Failed to refresh key cache","attr":{"error":"ReadConcernMajorityNotAvailableYet: Read concern majority reads are currently not possible.","nextWakeupMillis":400}}
{"t":{"$date":"2025-04-03T14:41:55.560+00:00"},"s":"I",  "c":"REPL",     "id":21239,   "ctx":"ReplBatcher","msg":"Oplog buffer has been drained","attr":{"term":2}}
{"t":{"$date":"2025-04-03T14:41:55.562+00:00"},"s":"I",  "c":"REPL",     "id":21343,   "ctx":"RstlKillOpThread","msg":"Starting to kill user operations"}
{"t":{"$date":"2025-04-03T14:41:55.565+00:00"},"s":"I",  "c":"REPL",     "id":21344,   "ctx":"RstlKillOpThread","msg":"Stopped killing user operations"}
{"t":{"$date":"2025-04-03T14:41:55.574+00:00"},"s":"I",  "c":"REPL",     "id":21340,   "ctx":"RstlKillOpThread","msg":"State transition ops metrics","attr":{"metrics":{"lastStateTransition":"stepUp","userOpsKilled":0,"userOpsRunning":0}}}
{"t":{"$date":"2025-04-03T14:41:55.576+00:00"},"s":"I",  "c":"REPL",     "id":4508103, "ctx":"OplogApplier-0","msg":"Increment the config term via reconfig"}
{"t":{"$date":"2025-04-03T14:41:55.578+00:00"},"s":"I",  "c":"REPL",     "id":6015313, "ctx":"OplogApplier-0","msg":"Replication config state is Steady, starting reconfig"}
{"t":{"$date":"2025-04-03T14:41:55.578+00:00"},"s":"I",  "c":"REPL",     "id":6015317, "ctx":"OplogApplier-0","msg":"Setting new configuration state","attr":{"newState":"ConfigReconfiguring","oldState":"ConfigSteady"}}
{"t":{"$date":"2025-04-03T14:41:55.580+00:00"},"s":"I",  "c":"REPL",     "id":21353,   "ctx":"OplogApplier-0","msg":"replSetReconfig config object parses ok","attr":{"numMembers":1}}
{"t":{"$date":"2025-04-03T14:41:55.581+00:00"},"s":"I",  "c":"REPL",     "id":51814,   "ctx":"OplogApplier-0","msg":"Persisting new config to disk"}
{"t":{"$date":"2025-04-03T14:41:55.584+00:00"},"s":"I",  "c":"REPL",     "id":6015315, "ctx":"OplogApplier-0","msg":"Persisted new config to disk"}
{"t":{"$date":"2025-04-03T14:41:55.587+00:00"},"s":"I",  "c":"REPL",     "id":6015317, "ctx":"OplogApplier-0","msg":"Setting new configuration state","attr":{"newState":"ConfigSteady","oldState":"ConfigReconfiguring"}}
{"t":{"$date":"2025-04-03T14:41:55.589+00:00"},"s":"I",  "c":"REPL",     "id":21392,   "ctx":"OplogApplier-0","msg":"New replica set config in use","attr":{"config":{"_id":"mr1","version":1,"term":2,"members":[{"_id":0,"host":"localhost:27017","arbiterOnly":false,"buildIndexes":true,"hidden":false,"priority":1,"tags":{},"secondaryDelaySecs":0,"votes":1}],"protocolVersion":1,"writeConcernMajorityJournalDefault":true,"settings":{"chainingAllowed":true,"heartbeatIntervalMillis":2000,"heartbeatTimeoutSecs":10,"electionTimeoutMillis":10000,"catchUpTimeoutMillis":-1,"catchUpTakeoverDelayMillis":30000,"getLastErrorModes":{},"getLastErrorDefaults":{"w":1,"wtimeout":0},"replicaSetId":{"$oid":"67ee9e1364f238a0d6b94056"}}}}}
{"t":{"$date":"2025-04-03T14:41:55.590+00:00"},"s":"I",  "c":"REPL",     "id":21393,   "ctx":"OplogApplier-0","msg":"Found self in config","attr":{"hostAndPort":"localhost:27017"}}
{"t":{"$date":"2025-04-03T14:41:55.598+00:00"},"s":"I",  "c":"REPL",     "id":6015310, "ctx":"OplogApplier-0","msg":"Starting to transition to primary."}
{"t":{"$date":"2025-04-03T14:41:55.600+00:00"},"s":"I",  "c":"REPL",     "id":6015309, "ctx":"OplogApplier-0","msg":"Logging transition to primary to oplog on stepup"}
{"t":{"$date":"2025-04-03T14:41:55.602+00:00"},"s":"I",  "c":"STORAGE",  "id":20657,   "ctx":"OplogApplier-0","msg":"IndexBuildsCoordinator::onStepUp - this node is stepping up to primary"}
{"t":{"$date":"2025-04-03T14:41:55.604+00:00"},"s":"I",  "c":"REPL",     "id":21331,   "ctx":"OplogApplier-0","msg":"Transition to primary complete; database writes are now permitted"}
{"t":{"$date":"2025-04-03T14:41:55.615+00:00"},"s":"I",  "c":"STORAGE",  "id":20320,   "ctx":"TenantMigrationDonorService-0","msg":"createCollection","attr":{"namespace":"config.tenantMigrationDonors","uuidDisposition":"generated","uuid":{"uuid":{"$uuid":"f968eae6-152b-4885-a108-0b35292d0984"}},"options":{}}}
{"t":{"$date":"2025-04-03T14:41:55.616+00:00"},"s":"I",  "c":"STORAGE",  "id":20320,   "ctx":"TenantMigrationRecipientService-0","msg":"createCollection","attr":{"namespace":"config.tenantMigrationRecipients","uuidDisposition":"generated","uuid":{"uuid":{"$uuid":"359cf404-1006-47d3-bc26-5ca3e5329400"}},"options":{}}}
{"t":{"$date":"2025-04-03T14:41:55.688+00:00"},"s":"I",  "c":"INDEX",    "id":20345,   "ctx":"TenantMigrationDonorService-0","msg":"Index build: done building","attr":{"buildUUID":null,"namespace":"config.tenantMigrationDonors","index":"_id_","commitTimestamp":{"$timestamp":{"t":1743691315,"i":7}}}}
{"t":{"$date":"2025-04-03T14:41:55.689+00:00"},"s":"I",  "c":"INDEX",    "id":20345,   "ctx":"TenantMigrationDonorService-0","msg":"Index build: done building","attr":{"buildUUID":null,"namespace":"config.tenantMigrationDonors","index":"TenantMigrationDonorTTLIndex","commitTimestamp":{"$timestamp":{"t":1743691315,"i":7}}}}
{"t":{"$date":"2025-04-03T14:41:55.697+00:00"},"s":"I",  "c":"STORAGE",  "id":20320,   "ctx":"TenantMigrationDonorService-0","msg":"createCollection","attr":{"namespace":"config.external_validation_keys","uuidDisposition":"generated","uuid":{"uuid":{"$uuid":"6f25b9a6-b9d7-4fa0-9fb1-c2ebb846d5d2"}},"options":{}}}
{"t":{"$date":"2025-04-03T14:41:55.721+00:00"},"s":"I",  "c":"INDEX",    "id":20345,   "ctx":"TenantMigrationRecipientService-0","msg":"Index build: done building","attr":{"buildUUID":null,"namespace":"config.tenantMigrationRecipients","index":"_id_","commitTimestamp":{"$timestamp":{"t":1743691315,"i":6}}}}
{"t":{"$date":"2025-04-03T14:41:55.722+00:00"},"s":"I",  "c":"INDEX",    "id":20345,   "ctx":"TenantMigrationRecipientService-0","msg":"Index build: done building","attr":{"buildUUID":null,"namespace":"config.tenantMigrationRecipients","index":"TenantMigrationRecipientTTLIndex","commitTimestamp":{"$timestamp":{"t":1743691315,"i":6}}}}
{"t":{"$date":"2025-04-03T14:41:55.727+00:00"},"s":"I",  "c":"COMMAND",  "id":51803,   "ctx":"TenantMigrationRecipientService-0","msg":"Slow query","attr":{"type":"command","ns":"config.tenantMigrationRecipients","command":{"createIndexes":"tenantMigrationRecipients","indexes":[{"key":{"expireAt":1},"name":"TenantMigrationRecipientTTLIndex","expireAfterSeconds":0}],"$db":"config"},"totalOplogSlotDurationMicros":165948,"numYields":0,"reslen":271,"locks":{"ParallelBatchWriterMode":{"acquireCount":{"r":4}},"FeatureCompatibilityVersion":{"acquireCount":{"r":3,"w":1}},"ReplicationStateTransition":{"acquireCount":{"w":4}},"Global":{"acquireCount":{"r":3,"w":1}},"Database":{"acquireCount":{"r":3,"w":1}},"Collection":{"acquireCount":{"r":2,"w":1}},"Mutex":{"acquireCount":{"r":4}}},"storage":{},"protocol":"op_msg","durationMillis":111}}
{"t":{"$date":"2025-04-03T14:41:55.730+00:00"},"s":"I",  "c":"REPL",     "id":5123005, "ctx":"TenantMigrationRecipientService-1","msg":"Rebuilding PrimaryOnlyService due to stepUp","attr":{"service":"TenantMigrationRecipientService"}}
{"t":{"$date":"2025-04-03T14:41:55.786+00:00"},"s":"I",  "c":"INDEX",    "id":20345,   "ctx":"TenantMigrationDonorService-0","msg":"Index build: done building","attr":{"buildUUID":null,"namespace":"config.external_validation_keys","index":"_id_","commitTimestamp":{"$timestamp":{"t":1743691315,"i":9}}}}
{"t":{"$date":"2025-04-03T14:41:55.787+00:00"},"s":"I",  "c":"INDEX",    "id":20345,   "ctx":"TenantMigrationDonorService-0","msg":"Index build: done building","attr":{"buildUUID":null,"namespace":"config.external_validation_keys","index":"ExternalKeysTTLIndex","commitTimestamp":{"$timestamp":{"t":1743691315,"i":9}}}}
{"t":{"$date":"2025-04-03T14:41:55.788+00:00"},"s":"I",  "c":"REPL",     "id":5123005, "ctx":"TenantMigrationDonorService-0","msg":"Rebuilding PrimaryOnlyService due to stepUp","attr":{"service":"TenantMigrationDonorService"}}
{"t":{"$date":"2025-04-03T14:41:57.570+00:00"},"s":"I",  "c":"NETWORK",  "id":22943,   "ctx":"listener","msg":"Connection accepted","attr":{"remote":"127.0.0.1:56392","uuid":"de8dedb8-abe3-458f-a974-bbed56f54738","connectionId":3,"connectionCount":1}}
{"t":{"$date":"2025-04-03T14:41:57.573+00:00"},"s":"I",  "c":"NETWORK",  "id":22943,   "ctx":"listener","msg":"Connection accepted","attr":{"remote":"127.0.0.1:56394","uuid":"a45feba5-9e7f-47db-9d17-22c8995da585","connectionId":4,"connectionCount":2}}
{"t":{"$date":"2025-04-03T14:41:57.608+00:00"},"s":"I",  "c":"NETWORK",  "id":51800,   "ctx":"conn4","msg":"client metadata","attr":{"remote":"127.0.0.1:56394","client":"conn4","negotiatedCompressors":[],"doc":{"driver":{"name":"mongo-java-driver|reactive-streams|spring-boot","version":"5.0.1"},"os":{"type":"Linux","name":"Linux","architecture":"aarch64","version":"5.10.104-linuxkit"},"platform":"Java/Eclipse Adoptium/17.0.9+9","env":{"container":{"runtime":"docker"}}}}}
{"t":{"$date":"2025-04-03T14:41:57.608+00:00"},"s":"I",  "c":"NETWORK",  "id":51800,   "ctx":"conn3","msg":"client metadata","attr":{"remote":"127.0.0.1:56392","client":"conn3","negotiatedCompressors":[],"doc":{"driver":{"name":"mongo-java-driver|reactive-streams|spring-boot","version":"5.0.1"},"os":{"type":"Linux","name":"Linux","architecture":"aarch64","version":"5.10.104-linuxkit"},"platform":"Java/Eclipse Adoptium/17.0.9+9","env":{"container":{"runtime":"docker"}}}}}
{"t":{"$date":"2025-04-03T14:42:00.275+00:00"},"s":"I",  "c":"NETWORK",  "id":22943,   "ctx":"listener","msg":"Connection accepted","attr":{"remote":"127.0.0.1:56398","uuid":"74b3f1db-9b9f-4b7f-a4d1-da059f61f232","connectionId":5,"connectionCount":3}}
{"t":{"$date":"2025-04-03T14:42:00.283+00:00"},"s":"I",  "c":"NETWORK",  "id":51800,   "ctx":"conn5","msg":"client metadata","attr":{"remote":"127.0.0.1:56398","client":"conn5","negotiatedCompressors":[],"doc":{"driver":{"name":"mongo-java-driver|sync|spring-boot","version":"5.0.1"},"os":{"type":"Linux","name":"Linux","architecture":"aarch64","version":"5.10.104-linuxkit"},"platform":"Java/Eclipse Adoptium/17.0.9+9","env":{"container":{"runtime":"docker"}}}}}
{"t":{"$date":"2025-04-03T14:42:00.284+00:00"},"s":"I",  "c":"NETWORK",  "id":22943,   "ctx":"listener","msg":"Connection accepted","attr":{"remote":"127.0.0.1:56400","uuid":"0e7e4d09-eb33-47f6-b077-b0092de133d4","connectionId":6,"connectionCount":4}}
{"t":{"$date":"2025-04-03T14:42:00.296+00:00"},"s":"I",  "c":"NETWORK",  "id":51800,   "ctx":"conn6","msg":"client metadata","attr":{"remote":"127.0.0.1:56400","client":"conn6","negotiatedCompressors":[],"doc":{"driver":{"name":"mongo-java-driver|sync|spring-boot","version":"5.0.1"},"os":{"type":"Linux","name":"Linux","architecture":"aarch64","version":"5.10.104-linuxkit"},"platform":"Java/Eclipse Adoptium/17.0.9+9","env":{"container":{"runtime":"docker"}}}}}
{"t":{"$date":"2025-04-03T14:42:04.669+00:00"},"s":"I",  "c":"NETWORK",  "id":22943,   "ctx":"listener","msg":"Connection accepted","attr":{"remote":"127.0.0.1:56408","uuid":"1f4ee0b6-ec83-472d-80d6-96ee59f8f44e","connectionId":7,"connectionCount":5}}
{"t":{"$date":"2025-04-03T14:42:04.677+00:00"},"s":"I",  "c":"NETWORK",  "id":51800,   "ctx":"conn7","msg":"client metadata","attr":{"remote":"127.0.0.1:56408","client":"conn7","negotiatedCompressors":[],"doc":{"driver":{"name":"mongo-java-driver|reactive-streams|spring-boot","version":"5.0.1"},"os":{"type":"Linux","name":"Linux","architecture":"aarch64","version":"5.10.104-linuxkit"},"platform":"Java/Eclipse Adoptium/17.0.9+9","env":{"container":{"runtime":"docker"}}}}}
{"t":{"$date":"2025-04-03T14:42:04.734+00:00"},"s":"I",  "c":"ACCESS",   "id":20250,   "ctx":"conn7","msg":"Authentication succeeded","attr":{"mechanism":"SCRAM-SHA-256","speculative":true,"principalName":"appsmith","authenticationDatabase":"appsmith","remote":"127.0.0.1:56408","extraInfo":{}}}
{"t":{"$date":"2025-04-03T14:42:04.838+00:00"},"s":"I",  "c":"STORAGE",  "id":20320,   "ctx":"conn7","msg":"createCollection","attr":{"namespace":"appsmith.mongockLock","uuidDisposition":"generated","uuid":{"uuid":{"$uuid":"cb07ed56-e63f-403e-bfbd-caa048c44415"}},"options":{}}}
{"t":{"$date":"2025-04-03T14:42:04.881+00:00"},"s":"I",  "c":"INDEX",    "id":20345,   "ctx":"conn7","msg":"Index build: done building","attr":{"buildUUID":null,"namespace":"appsmith.mongockLock","index":"_id_","commitTimestamp":{"$timestamp":{"t":1743691324,"i":2}}}}
{"t":{"$date":"2025-04-03T14:42:04.882+00:00"},"s":"I",  "c":"INDEX",    "id":20345,   "ctx":"conn7","msg":"Index build: done building","attr":{"buildUUID":null,"namespace":"appsmith.mongockLock","index":"key_1","commitTimestamp":{"$timestamp":{"t":1743691324,"i":2}}}}
{"t":{"$date":"2025-04-03T14:42:04.938+00:00"},"s":"I",  "c":"COMMAND",  "id":51803,   "ctx":"conn7","msg":"Slow query","attr":{"type":"command","ns":"appsmith.mongockLock","command":{"createIndexes":"mongockLock","indexes":[{"key":{"key":1},"name":"key_1","unique":true}],"writeConcern":{"j":false},"$db":"appsmith","$clusterTime":{"clusterTime":{"$timestamp":{"t":1743691315,"i":9}},"signature":{"hash":{"$binary":{"base64":"BcRZfDPw/JUTkr5A2hVClflZA+w=","subType":"0"}},"keyId":7489097039100248068}},"lsid":{"id":{"$uuid":"5d314cc3-2b16-4657-a244-6173a7c56298"}},"$readPreference":{"mode":"primaryPreferred"}},"totalOplogSlotDurationMicros":60371,"numYields":0,"reslen":271,"locks":{"ParallelBatchWriterMode":{"acquireCount":{"r":4}},"FeatureCompatibilityVersion":{"acquireCount":{"r":3,"w":1}},"ReplicationStateTransition":{"acquireCount":{"w":4}},"Global":{"acquireCount":{"r":3,"w":1}},"Database":{"acquireCount":{"r":3,"w":1}},"Collection":{"acquireCount":{"r":3,"w":1}},"Mutex":{"acquireCount":{"r":5}}},"readConcern":{"level":"local","provenance":"implicitDefault"},"writeConcern":{"w":"majority","j":false,"wtimeout":0,"provenance":"implicitDefault"},"waitForWriteConcernDurationMillis":55,"storage":{},"remote":"127.0.0.1:56408","protocol":"op_msg","durationMillis":100}}
{"t":{"$date":"2025-04-03T14:42:05.016+00:00"},"s":"I",  "c":"STORAGE",  "id":20320,   "ctx":"conn7","msg":"createCollection","attr":{"namespace":"appsmith.mongockChangeLog","uuidDisposition":"generated","uuid":{"uuid":{"$uuid":"4a2a5f23-d40a-4727-a60e-4ffd7baefc00"}},"options":{}}}
{"t":{"$date":"2025-04-03T14:42:05.052+00:00"},"s":"I",  "c":"INDEX",    "id":20345,   "ctx":"conn7","msg":"Index build: done building","attr":{"buildUUID":null,"namespace":"appsmith.mongockChangeLog","index":"_id_","commitTimestamp":{"$timestamp":{"t":1743691325,"i":2}}}}
{"t":{"$date":"2025-04-03T14:42:05.053+00:00"},"s":"I",  "c":"INDEX",    "id":20345,   "ctx":"conn7","msg":"Index build: done building","attr":{"buildUUID":null,"namespace":"appsmith.mongockChangeLog","index":"executionId_1_author_1_changeId_1","commitTimestamp":{"$timestamp":{"t":1743691325,"i":2}}}}
{"t":{"$date":"2025-04-03T14:42:05.139+00:00"},"s":"I",  "c":"COMMAND",  "id":51803,   "ctx":"conn7","msg":"Slow query","attr":{"type":"command","ns":"appsmith.mongockChangeLog","command":{"createIndexes":"mongockChangeLog","indexes":[{"key":{"executionId":1,"author":1,"changeId":1},"name":"executionId_1_author_1_changeId_1","unique":true}],"writeConcern":{"j":false},"$db":"appsmith","$clusterTime":{"clusterTime":{"$timestamp":{"t":1743691324,"i":2}},"signature":{"hash":{"$binary":{"base64":"PXavkupl/WY7nYYP/L5s2vqTBqI=","subType":"0"}},"keyId":7489097039100248068}},"lsid":{"id":{"$uuid":"5d314cc3-2b16-4657-a244-6173a7c56298"}},"$readPreference":{"mode":"primaryPreferred"}},"totalOplogSlotDurationMicros":50194,"numYields":0,"reslen":271,"locks":{"ParallelBatchWriterMode":{"acquireCount":{"r":4}},"FeatureCompatibilityVersion":{"acquireCount":{"r":3,"w":1}},"ReplicationStateTransition":{"acquireCount":{"w":4}},"Global":{"acquireCount":{"r":3,"w":1}},"Database":{"acquireCount":{"r":3,"w":1}},"Collection":{"acquireCount":{"r":2,"w":1}},"Mutex":{"acquireCount":{"r":4}}},"readConcern":{"level":"local","provenance":"implicitDefault"},"writeConcern":{"w":"majority","j":false,"wtimeout":0,"provenance":"implicitDefault"},"waitForWriteConcernDurationMillis":84,"storage":{},"remote":"127.0.0.1:56408","protocol":"op_msg","durationMillis":123}}
{"t":{"$date":"2025-04-03T14:42:05.318+00:00"},"s":"I",  "c":"NETWORK",  "id":22943,   "ctx":"listener","msg":"Connection accepted","attr":{"remote":"127.0.0.1:56412","uuid":"23d92d48-be5e-41e7-9c02-d17ef95c9c67","connectionId":8,"connectionCount":6}}
{"t":{"$date":"2025-04-03T14:42:05.321+00:00"},"s":"I",  "c":"NETWORK",  "id":51800,   "ctx":"conn8","msg":"client metadata","attr":{"remote":"127.0.0.1:56412","client":"conn8","negotiatedCompressors":[],"doc":{"driver":{"name":"mongo-java-driver|sync|spring-boot","version":"5.0.1"},"os":{"type":"Linux","name":"Linux","architecture":"aarch64","version":"5.10.104-linuxkit"},"platform":"Java/Eclipse Adoptium/17.0.9+9","env":{"container":{"runtime":"docker"}}}}}
{"t":{"$date":"2025-04-03T14:42:05.329+00:00"},"s":"I",  "c":"ACCESS",   "id":20250,   "ctx":"conn8","msg":"Authentication succeeded","attr":{"mechanism":"SCRAM-SHA-256","speculative":true,"principalName":"appsmith","authenticationDatabase":"appsmith","remote":"127.0.0.1:56412","extraInfo":{}}}
{"t":{"$date":"2025-04-03T14:42:05.363+00:00"},"s":"I",  "c":"STORAGE",  "id":20320,   "ctx":"conn8","msg":"createCollection","attr":{"namespace":"appsmith.config","uuidDisposition":"generated","uuid":{"uuid":{"$uuid":"5cbc5a14-e2d4-4b6b-8ad2-246add3b6388"}},"options":{}}}
{"t":{"$date":"2025-04-03T14:42:05.414+00:00"},"s":"I",  "c":"INDEX",    "id":20345,   "ctx":"conn8","msg":"Index build: done building","attr":{"buildUUID":null,"namespace":"appsmith.config","index":"_id_","commitTimestamp":{"$timestamp":{"t":1743691325,"i":5}}}}
{"t":{"$date":"2025-04-03T14:42:05.533+00:00"},"s":"I",  "c":"STORAGE",  "id":20320,   "ctx":"conn8","msg":"createCollection","attr":{"namespace":"appsmith.plugin","uuidDisposition":"generated","uuid":{"uuid":{"$uuid":"b35388f1-2171-4eb3-a3c6-0fd59b198832"}},"options":{}}}
{"t":{"$date":"2025-04-03T14:42:05.554+00:00"},"s":"I",  "c":"INDEX",    "id":20345,   "ctx":"conn8","msg":"Index build: done building","attr":{"buildUUID":null,"namespace":"appsmith.plugin","index":"_id_","commitTimestamp":{"$timestamp":{"t":1743691325,"i":8}}}}
{"t":{"$date":"2025-04-03T14:42:05.581+00:00"},"s":"I",  "c":"STORAGE",  "id":20320,   "ctx":"conn8","msg":"createCollection","attr":{"namespace":"appsmith.application","uuidDisposition":"generated","uuid":{"uuid":{"$uuid":"bf0c6d4f-d70e-4643-bed9-45c2728c1e91"}},"options":{}}}
{"t":{"$date":"2025-04-03T14:42:05.616+00:00"},"s":"I",  "c":"INDEX",    "id":20345,   "ctx":"conn8","msg":"Index build: done building","attr":{"buildUUID":null,"namespace":"appsmith.application","index":"_id_","commitTimestamp":{"$timestamp":{"t":1743691325,"i":13}}}}
{"t":{"$date":"2025-04-03T14:42:05.617+00:00"},"s":"I",  "c":"INDEX",    "id":20345,   "ctx":"conn8","msg":"Index build: done building","attr":{"buildUUID":null,"namespace":"appsmith.application","index":"createdAt","commitTimestamp":{"$timestamp":{"t":1743691325,"i":13}}}}
{"t":{"$date":"2025-04-03T14:42:05.623+00:00"},"s":"I",  "c":"STORAGE",  "id":20320,   "ctx":"conn8","msg":"createCollection","attr":{"namespace":"appsmith.collection","uuidDisposition":"generated","uuid":{"uuid":{"$uuid":"e54b7897-471d-4ff1-b458-977b8476c60f"}},"options":{}}}
{"t":{"$date":"2025-04-03T14:42:05.655+00:00"},"s":"I",  "c":"INDEX",    "id":20345,   "ctx":"conn8","msg":"Index build: done building","attr":{"buildUUID":null,"namespace":"appsmith.collection","index":"_id_","commitTimestamp":{"$timestamp":{"t":1743691325,"i":15}}}}
{"t":{"$date":"2025-04-03T14:42:05.656+00:00"},"s":"I",  "c":"INDEX",    "id":20345,   "ctx":"conn8","msg":"Index build: done building","attr":{"buildUUID":null,"namespace":"appsmith.collection","index":"createdAt","commitTimestamp":{"$timestamp":{"t":1743691325,"i":15}}}}
{"t":{"$date":"2025-04-03T14:42:05.663+00:00"},"s":"I",  "c":"INDEX",    "id":20438,   "ctx":"conn8","msg":"Index build: registering","attr":{"buildUUID":{"uuid":{"$uuid":"b4e27884-ded9-4c66-9d29-645bc49d2a77"}},"namespace":"appsmith.config","collectionUUID":{"uuid":{"$uuid":"5cbc5a14-e2d4-4b6b-8ad2-246add3b6388"}},"indexes":1,"firstIndex":{"name":"createdAt"}}}
{"t":{"$date":"2025-04-03T14:42:05.690+00:00"},"s":"I",  "c":"INDEX",    "id":20384,   "ctx":"IndexBuildsCoordinatorMongod-0","msg":"Index build: starting","attr":{"buildUUID":{"uuid":{"$uuid":"b4e27884-ded9-4c66-9d29-645bc49d2a77"}},"collectionUUID":{"uuid":{"$uuid":"5cbc5a14-e2d4-4b6b-8ad2-246add3b6388"}},"namespace":"appsmith.config","properties":{"v":2,"key":{"createdAt":1},"name":"createdAt"},"method":"Hybrid","maxTemporaryMemoryUsageMB":200}}
{"t":{"$date":"2025-04-03T14:42:05.690+00:00"},"s":"I",  "c":"INDEX",    "id":20346,   "ctx":"IndexBuildsCoordinatorMongod-0","msg":"Index build: initialized","attr":{"buildUUID":{"uuid":{"$uuid":"b4e27884-ded9-4c66-9d29-645bc49d2a77"}},"collectionUUID":{"uuid":{"$uuid":"5cbc5a14-e2d4-4b6b-8ad2-246add3b6388"}},"namespace":"appsmith.config","initializationTimestamp":{"$timestamp":{"t":1743691325,"i":17}}}}
{"t":{"$date":"2025-04-03T14:42:05.691+00:00"},"s":"I",  "c":"INDEX",    "id":20440,   "ctx":"conn8","msg":"Index build: waiting for index build to complete","attr":{"buildUUID":{"uuid":{"$uuid":"b4e27884-ded9-4c66-9d29-645bc49d2a77"}},"deadline":{"$date":{"$numberLong":"9223372036854775807"}}}}
{"t":{"$date":"2025-04-03T14:42:05.691+00:00"},"s":"I",  "c":"STORAGE",  "id":4847600, "ctx":"IndexBuildsCoordinatorMongod-0","msg":"Index build: waiting for last optime before interceptors to be majority committed","attr":{"buildUUID":{"uuid":{"$uuid":"b4e27884-ded9-4c66-9d29-645bc49d2a77"}},"collectionUUID":{"uuid":{"$uuid":"5cbc5a14-e2d4-4b6b-8ad2-246add3b6388"}},"deadline":{"$date":"2025-04-03T14:42:15.691Z"},"timeoutMillis":10000,"lastOpTime":{"ts":{"$timestamp":{"t":1743691325,"i":17}},"t":2}}}
{"t":{"$date":"2025-04-03T14:42:05.763+00:00"},"s":"I",  "c":"INDEX",    "id":20391,   "ctx":"IndexBuildsCoordinatorMongod-0","msg":"Index build: collection scan done","attr":{"buildUUID":{"uuid":{"$uuid":"b4e27884-ded9-4c66-9d29-645bc49d2a77"}},"collectionUUID":{"uuid":{"$uuid":"5cbc5a14-e2d4-4b6b-8ad2-246add3b6388"}},"namespace":"appsmith.config","totalRecords":1,"readSource":"kMajorityCommitted","durationMillis":0}}
{"t":{"$date":"2025-04-03T14:42:05.783+00:00"},"s":"I",  "c":"INDEX",    "id":20685,   "ctx":"IndexBuildsCoordinatorMongod-0","msg":"Index build: inserted keys from external sorter into index","attr":{"namespace":"appsmith.config","index":"createdAt","keysInserted":1,"durationMillis":0}}
{"t":{"$date":"2025-04-03T14:42:05.802+00:00"},"s":"I",  "c":"CONNPOOL", "id":22576,   "ctx":"ReplNetwork","msg":"Connecting","attr":{"hostAndPort":"localhost:27017"}}
{"t":{"$date":"2025-04-03T14:42:05.803+00:00"},"s":"I",  "c":"NETWORK",  "id":22943,   "ctx":"listener","msg":"Connection accepted","attr":{"remote":"127.0.0.1:56414","uuid":"c616a4df-64bd-4175-a904-934cf0c38882","connectionId":10,"connectionCount":7}}
{"t":{"$date":"2025-04-03T14:42:05.805+00:00"},"s":"I",  "c":"NETWORK",  "id":51800,   "ctx":"conn10","msg":"client metadata","attr":{"remote":"127.0.0.1:56414","client":"conn10","negotiatedCompressors":["snappy","zstd","zlib"],"doc":{"driver":{"name":"NetworkInterfaceTL","version":"5.0.30"},"os":{"type":"Linux","name":"Ubuntu","architecture":"aarch64","version":"20.04"}}}}
{"t":{"$date":"2025-04-03T14:42:05.806+00:00"},"s":"I",  "c":"ACCESS",   "id":20250,   "ctx":"conn10","msg":"Authentication succeeded","attr":{"mechanism":"SCRAM-SHA-256","speculative":true,"principalName":"__system","authenticationDatabase":"local","remote":"127.0.0.1:56414","extraInfo":{}}}
{"t":{"$date":"2025-04-03T14:42:05.808+00:00"},"s":"I",  "c":"STORAGE",  "id":3856201, "ctx":"conn10","msg":"Index build: commit quorum satisfied","attr":{"indexBuildEntry":{"_id":{"$uuid":"b4e27884-ded9-4c66-9d29-645bc49d2a77"},"collectionUUID":{"$uuid":"5cbc5a14-e2d4-4b6b-8ad2-246add3b6388"},"commitQuorum":"votingMembers","indexNames":["createdAt"],"commitReadyMembers":["localhost:27017"]}}}
{"t":{"$date":"2025-04-03T14:42:05.809+00:00"},"s":"I",  "c":"CONNPOOL", "id":22566,   "ctx":"ReplNetwork","msg":"Ending connection due to bad connection status","attr":{"hostAndPort":"localhost:27017","error":"CallbackCanceled: Callback was canceled","numOpenConns":0}}
{"t":{"$date":"2025-04-03T14:42:05.809+00:00"},"s":"I",  "c":"STORAGE",  "id":3856203, "ctx":"IndexBuildsCoordinatorMongod-0","msg":"Index build: waiting for next action before completing final phase","attr":{"buildUUID":{"uuid":{"$uuid":"b4e27884-ded9-4c66-9d29-645bc49d2a77"}}}}
{"t":{"$date":"2025-04-03T14:42:05.811+00:00"},"s":"I",  "c":"STORAGE",  "id":3856204, "ctx":"IndexBuildsCoordinatorMongod-0","msg":"Index build: received signal","attr":{"buildUUID":{"uuid":{"$uuid":"b4e27884-ded9-4c66-9d29-645bc49d2a77"}},"action":"Commit quorum Satisfied"}}
{"t":{"$date":"2025-04-03T14:42:05.811+00:00"},"s":"I",  "c":"NETWORK",  "id":22944,   "ctx":"conn10","msg":"Connection ended","attr":{"remote":"127.0.0.1:56414","uuid":"c616a4df-64bd-4175-a904-934cf0c38882","connectionId":10,"connectionCount":6}}
{"t":{"$date":"2025-04-03T14:42:05.812+00:00"},"s":"I",  "c":"INDEX",    "id":20345,   "ctx":"IndexBuildsCoordinatorMongod-0","msg":"Index build: done building","attr":{"buildUUID":{"uuid":{"$uuid":"b4e27884-ded9-4c66-9d29-645bc49d2a77"}},"namespace":"appsmith.config","index":"createdAt","commitTimestamp":{"$timestamp":{"t":1743691325,"i":19}}}}
{"t":{"$date":"2025-04-03T14:42:05.816+00:00"},"s":"I",  "c":"NETWORK",  "id":22943,   "ctx":"listener","msg":"Connection accepted","attr":{"remote":"127.0.0.1:56416","uuid":"03649d8b-5240-4bbd-a12c-b9c869f14ef3","connectionId":12,"connectionCount":7}}
{"t":{"$date":"2025-04-03T14:42:05.819+00:00"},"s":"I",  "c":"NETWORK",  "id":51800,   "ctx":"conn12","msg":"client metadata","attr":{"remote":"127.0.0.1:56416","client":"conn12","negotiatedCompressors":["snappy","zstd","zlib"],"doc":{"driver":{"name":"NetworkInterfaceTL","version":"5.0.30"},"os":{"type":"Linux","name":"Ubuntu","architecture":"aarch64","version":"20.04"}}}}
{"t":{"$date":"2025-04-03T14:42:05.823+00:00"},"s":"I",  "c":"ACCESS",   "id":20250,   "ctx":"conn12","msg":"Authentication succeeded","attr":{"mechanism":"SCRAM-SHA-256","speculative":true,"principalName":"__system","authenticationDatabase":"local","remote":"127.0.0.1:56416","extraInfo":{}}}
{"t":{"$date":"2025-04-03T14:42:05.824+00:00"},"s":"I",  "c":"STORAGE",  "id":20663,   "ctx":"IndexBuildsCoordinatorMongod-0","msg":"Index build: completed successfully","attr":{"buildUUID":{"uuid":{"$uuid":"b4e27884-ded9-4c66-9d29-645bc49d2a77"}},"collectionUUID":{"uuid":{"$uuid":"5cbc5a14-e2d4-4b6b-8ad2-246add3b6388"}},"namespace":"appsmith.config","indexesBuilt":["createdAt"],"numIndexesBefore":1,"numIndexesAfter":2}}
{"t":{"$date":"2025-04-03T14:42:05.831+00:00"},"s":"I",  "c":"INDEX",    "id":20447,   "ctx":"conn8","msg":"Index build: completed","attr":{"buildUUID":{"uuid":{"$uuid":"b4e27884-ded9-4c66-9d29-645bc49d2a77"}}}}
{"t":{"$date":"2025-04-03T14:42:05.835+00:00"},"s":"I",  "c":"COMMAND",  "id":51803,   "ctx":"conn8","msg":"Slow query","attr":{"type":"command","ns":"appsmith.config","command":{"createIndexes":"config","indexes":[{"key":{"createdAt":1},"name":"createdAt"}],"$db":"appsmith","$clusterTime":{"clusterTime":{"$timestamp":{"t":1743691325,"i":15}},"signature":{"hash":{"$binary":{"base64":"CoAPCNIK8F+W9GHT/3oDrSSi540=","subType":"0"}},"keyId":7489097039100248068}},"lsid":{"id":{"$uuid":"771e3d24-42b1-43a0-b7d2-986f620a0403"}},"$readPreference":{"mode":"primaryPreferred"}},"numYields":0,"reslen":271,"locks":{"ParallelBatchWriterMode":{"acquireCount":{"r":3}},"FeatureCompatibilityVersion":{"acquireCount":{"r":4,"w":2}},"ReplicationStateTransition":{"acquireCount":{"w":6}},"Global":{"acquireCount":{"r":4,"w":2}},"Database":{"acquireCount":{"r":2,"w":1}},"Collection":{"acquireCount":{"r":2,"W":1}},"Mutex":{"acquireCount":{"r":3}}},"flowControl":{"acquireCount":2,"timeAcquiringMicros":2},"readConcern":{"level":"local","provenance":"implicitDefault"},"writeConcern":{"w":"majority","wtimeout":0,"provenance":"implicitDefault"},"waitForWriteConcernDurationMillis":2,"storage":{},"remote":"127.0.0.1:56412","protocol":"op_msg","durationMillis":172}}
{"t":{"$date":"2025-04-03T14:42:05.846+00:00"},"s":"I",  "c":"INDEX",    "id":20438,   "ctx":"conn8","msg":"Index build: registering","attr":{"buildUUID":{"uuid":{"$uuid":"854175e7-cebc-48f9-a1ab-c5fb0f96587c"}},"namespace":"appsmith.config","collectionUUID":{"uuid":{"$uuid":"5cbc5a14-e2d4-4b6b-8ad2-246add3b6388"}},"indexes":1,"firstIndex":{"name":"name"}}}
{"t":{"$date":"2025-04-03T14:42:05.891+00:00"},"s":"I",  "c":"INDEX",    "id":20384,   "ctx":"IndexBuildsCoordinatorMongod-0","msg":"Index build: starting","attr":{"buildUUID":{"uuid":{"$uuid":"854175e7-cebc-48f9-a1ab-c5fb0f96587c"}},"collectionUUID":{"uuid":{"$uuid":"5cbc5a14-e2d4-4b6b-8ad2-246add3b6388"}},"namespace":"appsmith.config","properties":{"v":2,"unique":true,"key":{"name":1},"name":"name"},"method":"Hybrid","maxTemporaryMemoryUsageMB":200}}
{"t":{"$date":"2025-04-03T14:42:05.893+00:00"},"s":"I",  "c":"INDEX",    "id":20346,   "ctx":"IndexBuildsCoordinatorMongod-0","msg":"Index build: initialized","attr":{"buildUUID":{"uuid":{"$uuid":"854175e7-cebc-48f9-a1ab-c5fb0f96587c"}},"collectionUUID":{"uuid":{"$uuid":"5cbc5a14-e2d4-4b6b-8ad2-246add3b6388"}},"namespace":"appsmith.config","initializationTimestamp":{"$timestamp":{"t":1743691325,"i":22}}}}
{"t":{"$date":"2025-04-03T14:42:05.895+00:00"},"s":"I",  "c":"INDEX",    "id":20440,   "ctx":"conn8","msg":"Index build: waiting for index build to complete","attr":{"buildUUID":{"uuid":{"$uuid":"854175e7-cebc-48f9-a1ab-c5fb0f96587c"}},"deadline":{"$date":{"$numberLong":"9223372036854775807"}}}}
{"t":{"$date":"2025-04-03T14:42:05.895+00:00"},"s":"I",  "c":"STORAGE",  "id":4847600, "ctx":"IndexBuildsCoordinatorMongod-0","msg":"Index build: waiting for last optime before interceptors to be majority committed","attr":{"buildUUID":{"uuid":{"$uuid":"854175e7-cebc-48f9-a1ab-c5fb0f96587c"}},"collectionUUID":{"uuid":{"$uuid":"5cbc5a14-e2d4-4b6b-8ad2-246add3b6388"}},"deadline":{"$date":"2025-04-03T14:42:15.893Z"},"timeoutMillis":10000,"lastOpTime":{"ts":{"$timestamp":{"t":1743691325,"i":22}},"t":2}}}
{"t":{"$date":"2025-04-03T14:42:05.936+00:00"},"s":"I",  "c":"INDEX",    "id":20391,   "ctx":"IndexBuildsCoordinatorMongod-0","msg":"Index build: collection scan done","attr":{"buildUUID":{"uuid":{"$uuid":"854175e7-cebc-48f9-a1ab-c5fb0f96587c"}},"collectionUUID":{"uuid":{"$uuid":"5cbc5a14-e2d4-4b6b-8ad2-246add3b6388"}},"namespace":"appsmith.config","totalRecords":1,"readSource":"kMajorityCommitted","durationMillis":0}}
{"t":{"$date":"2025-04-03T14:42:05.946+00:00"},"s":"I",  "c":"INDEX",    "id":20685,   "ctx":"IndexBuildsCoordinatorMongod-0","msg":"Index build: inserted keys from external sorter into index","attr":{"namespace":"appsmith.config","index":"name","keysInserted":1,"durationMillis":0}}
{"t":{"$date":"2025-04-03T14:42:05.959+00:00"},"s":"I",  "c":"STORAGE",  "id":3856201, "ctx":"conn12","msg":"Index build: commit quorum satisfied","attr":{"indexBuildEntry":{"_id":{"$uuid":"854175e7-cebc-48f9-a1ab-c5fb0f96587c"},"collectionUUID":{"$uuid":"5cbc5a14-e2d4-4b6b-8ad2-246add3b6388"},"commitQuorum":"votingMembers","indexNames":["name"],"commitReadyMembers":["localhost:27017"]}}}
{"t":{"$date":"2025-04-03T14:42:05.961+00:00"},"s":"I",  "c":"CONNPOOL", "id":22566,   "ctx":"ReplNetwork","msg":"Ending connection due to bad connection status","attr":{"hostAndPort":"localhost:27017","error":"CallbackCanceled: Callback was canceled","numOpenConns":0}}
{"t":{"$date":"2025-04-03T14:42:05.962+00:00"},"s":"I",  "c":"STORAGE",  "id":3856203, "ctx":"IndexBuildsCoordinatorMongod-0","msg":"Index build: waiting for next action before completing final phase","attr":{"buildUUID":{"uuid":{"$uuid":"854175e7-cebc-48f9-a1ab-c5fb0f96587c"}}}}
{"t":{"$date":"2025-04-03T14:42:05.965+00:00"},"s":"I",  "c":"STORAGE",  "id":3856204, "ctx":"IndexBuildsCoordinatorMongod-0","msg":"Index build: received signal","attr":{"buildUUID":{"uuid":{"$uuid":"854175e7-cebc-48f9-a1ab-c5fb0f96587c"}},"action":"Commit quorum Satisfied"}}
{"t":{"$date":"2025-04-03T14:42:05.965+00:00"},"s":"I",  "c":"NETWORK",  "id":22943,   "ctx":"listener","msg":"Connection accepted","attr":{"remote":"127.0.0.1:56418","uuid":"82c4cad8-2e46-4a8e-acad-7a17e0251b12","connectionId":14,"connectionCount":7}}
{"t":{"$date":"2025-04-03T14:42:05.965+00:00"},"s":"I",  "c":"NETWORK",  "id":22944,   "ctx":"conn12","msg":"Connection ended","attr":{"remote":"127.0.0.1:56416","uuid":"03649d8b-5240-4bbd-a12c-b9c869f14ef3","connectionId":12,"connectionCount":6}}
{"t":{"$date":"2025-04-03T14:42:05.967+00:00"},"s":"I",  "c":"INDEX",    "id":20345,   "ctx":"IndexBuildsCoordinatorMongod-0","msg":"Index build: done building","attr":{"buildUUID":{"uuid":{"$uuid":"854175e7-cebc-48f9-a1ab-c5fb0f96587c"}},"namespace":"appsmith.config","index":"name","commitTimestamp":{"$timestamp":{"t":1743691325,"i":24}}}}
{"t":{"$date":"2025-04-03T14:42:05.968+00:00"},"s":"I",  "c":"NETWORK",  "id":51800,   "ctx":"conn14","msg":"client metadata","attr":{"remote":"127.0.0.1:56418","client":"conn14","negotiatedCompressors":["snappy","zstd","zlib"],"doc":{"driver":{"name":"NetworkInterfaceTL","version":"5.0.30"},"os":{"type":"Linux","name":"Ubuntu","architecture":"aarch64","version":"20.04"}}}}
{"t":{"$date":"2025-04-03T14:42:05.974+00:00"},"s":"I",  "c":"ACCESS",   "id":20250,   "ctx":"conn14","msg":"Authentication succeeded","attr":{"mechanism":"SCRAM-SHA-256","speculative":true,"principalName":"__system","authenticationDatabase":"local","remote":"127.0.0.1:56418","extraInfo":{}}}
{"t":{"$date":"2025-04-03T14:42:05.983+00:00"},"s":"I",  "c":"STORAGE",  "id":20663,   "ctx":"IndexBuildsCoordinatorMongod-0","msg":"Index build: completed successfully","attr":{"buildUUID":{"uuid":{"$uuid":"854175e7-cebc-48f9-a1ab-c5fb0f96587c"}},"collectionUUID":{"uuid":{"$uuid":"5cbc5a14-e2d4-4b6b-8ad2-246add3b6388"}},"namespace":"appsmith.config","indexesBuilt":["name"],"numIndexesBefore":2,"numIndexesAfter":3}}
{"t":{"$date":"2025-04-03T14:42:05.986+00:00"},"s":"I",  "c":"INDEX",    "id":20447,   "ctx":"conn8","msg":"Index build: completed","attr":{"buildUUID":{"uuid":{"$uuid":"854175e7-cebc-48f9-a1ab-c5fb0f96587c"}}}}
{"t":{"$date":"2025-04-03T14:42:05.989+00:00"},"s":"I",  "c":"COMMAND",  "id":51803,   "ctx":"conn8","msg":"Slow query","attr":{"type":"command","ns":"appsmith.config","command":{"createIndexes":"config","indexes":[{"key":{"name":1},"name":"name","unique":true}],"$db":"appsmith","$clusterTime":{"clusterTime":{"$timestamp":{"t":1743691325,"i":20}},"signature":{"hash":{"$binary":{"base64":"CoAPCNIK8F+W9GHT/3oDrSSi540=","subType":"0"}},"keyId":7489097039100248068}},"lsid":{"id":{"$uuid":"771e3d24-42b1-43a0-b7d2-986f620a0403"}},"$readPreference":{"mode":"primaryPreferred"}},"numYields":0,"reslen":271,"locks":{"ParallelBatchWriterMode":{"acquireCount":{"r":3}},"FeatureCompatibilityVersion":{"acquireCount":{"r":4,"w":2}},"ReplicationStateTransition":{"acquireCount":{"w":6}},"Global":{"acquireCount":{"r":4,"w":2}},"Database":{"acquireCount":{"r":2,"w":1}},"Collection":{"acquireCount":{"r":2,"W":1}},"Mutex":{"acquireCount":{"r":3}}},"flowControl":{"acquireCount":2,"timeAcquiringMicros":3},"readConcern":{"level":"local","provenance":"implicitDefault"},"writeConcern":{"w":"majority","wtimeout":0,"provenance":"implicitDefault"},"waitForWriteConcernDurationMillis":2,"storage":{},"remote":"127.0.0.1:56412","protocol":"op_msg","durationMillis":142}}
{"t":{"$date":"2025-04-03T14:42:05.996+00:00"},"s":"I",  "c":"STORAGE",  "id":20320,   "ctx":"conn8","msg":"createCollection","attr":{"namespace":"appsmith.datasource","uuidDisposition":"generated","uuid":{"uuid":{"$uuid":"34b669b8-50d4-4033-b478-08d80db46036"}},"options":{}}}
{"t":{"$date":"2025-04-03T14:42:06.038+00:00"},"s":"I",  "c":"INDEX",    "id":20345,   "ctx":"conn8","msg":"Index build: done building","attr":{"buildUUID":null,"namespace":"appsmith.datasource","index":"_id_","commitTimestamp":{"$timestamp":{"t":1743691326,"i":1}}}}
{"t":{"$date":"2025-04-03T14:42:06.039+00:00"},"s":"I",  "c":"INDEX",    "id":20345,   "ctx":"conn8","msg":"Index build: done building","attr":{"buildUUID":null,"namespace":"appsmith.datasource","index":"createdAt","commitTimestamp":{"$timestamp":{"t":1743691326,"i":1}}}}
{"t":{"$date":"2025-04-03T14:42:06.045+00:00"},"s":"I",  "c":"STORAGE",  "id":20320,   "ctx":"conn8","msg":"createCollection","attr":{"namespace":"appsmith.passwordResetToken","uuidDisposition":"generated","uuid":{"uuid":{"$uuid":"8c510ce2-61ef-474e-ba28-1936afa73278"}},"options":{}}}
{"t":{"$date":"2025-04-03T14:42:06.077+00:00"},"s":"I",  "c":"INDEX",    "id":20345,   "ctx":"conn8","msg":"Index build: done building","attr":{"buildUUID":null,"namespace":"appsmith.passwordResetToken","index":"_id_","commitTimestamp":{"$timestamp":{"t":1743691326,"i":3}}}}
{"t":{"$date":"2025-04-03T14:42:06.078+00:00"},"s":"I",  "c":"INDEX",    "id":20345,   "ctx":"conn8","msg":"Index build: done building","attr":{"buildUUID":null,"namespace":"appsmith.passwordResetToken","index":"createdAt","commitTimestamp":{"$timestamp":{"t":1743691326,"i":3}}}}
{"t":{"$date":"2025-04-03T14:42:06.083+00:00"},"s":"I",  "c":"INDEX",    "id":20438,   "ctx":"conn8","msg":"Index build: registering","attr":{"buildUUID":{"uuid":{"$uuid":"19bdefe6-657e-4381-8b74-e3d9acef8a42"}},"namespace":"appsmith.passwordResetToken","collectionUUID":{"uuid":{"$uuid":"8c510ce2-61ef-474e-ba28-1936afa73278"}},"indexes":1,"firstIndex":{"name":"email"}}}
{"t":{"$date":"2025-04-03T14:42:06.095+00:00"},"s":"I",  "c":"INDEX",    "id":20345,   "ctx":"conn8","msg":"Index build: done building","attr":{"buildUUID":null,"namespace":"appsmith.passwordResetToken","index":"email","commitTimestamp":{"$timestamp":{"t":1743691326,"i":4}}}}
{"t":{"$date":"2025-04-03T14:42:06.096+00:00"},"s":"I",  "c":"INDEX",    "id":20440,   "ctx":"conn8","msg":"Index build: waiting for index build to complete","attr":{"buildUUID":{"uuid":{"$uuid":"19bdefe6-657e-4381-8b74-e3d9acef8a42"}},"deadline":{"$date":{"$numberLong":"9223372036854775807"}}}}
{"t":{"$date":"2025-04-03T14:42:06.097+00:00"},"s":"I",  "c":"INDEX",    "id":20447,   "ctx":"conn8","msg":"Index build: completed","attr":{"buildUUID":{"uuid":{"$uuid":"19bdefe6-657e-4381-8b74-e3d9acef8a42"}}}}
{"t":{"$date":"2025-04-03T14:42:06.103+00:00"},"s":"I",  "c":"INDEX",    "id":20438,   "ctx":"conn8","msg":"Index build: registering","attr":{"buildUUID":{"uuid":{"$uuid":"95f6c107-6d6f-4f70-984d-77286c652b96"}},"namespace":"appsmith.plugin","collectionUUID":{"uuid":{"$uuid":"b35388f1-2171-4eb3-a3c6-0fd59b198832"}},"indexes":1,"firstIndex":{"name":"createdAt"}}}
{"t":{"$date":"2025-04-03T14:42:06.126+00:00"},"s":"I",  "c":"INDEX",    "id":20384,   "ctx":"IndexBuildsCoordinatorMongod-0","msg":"Index build: starting","attr":{"buildUUID":{"uuid":{"$uuid":"95f6c107-6d6f-4f70-984d-77286c652b96"}},"collectionUUID":{"uuid":{"$uuid":"b35388f1-2171-4eb3-a3c6-0fd59b198832"}},"namespace":"appsmith.plugin","properties":{"v":2,"key":{"createdAt":1},"name":"createdAt"},"method":"Hybrid","maxTemporaryMemoryUsageMB":200}}
{"t":{"$date":"2025-04-03T14:42:06.126+00:00"},"s":"I",  "c":"INDEX",    "id":20346,   "ctx":"IndexBuildsCoordinatorMongod-0","msg":"Index build: initialized","attr":{"buildUUID":{"uuid":{"$uuid":"95f6c107-6d6f-4f70-984d-77286c652b96"}},"collectionUUID":{"uuid":{"$uuid":"b35388f1-2171-4eb3-a3c6-0fd59b198832"}},"namespace":"appsmith.plugin","initializationTimestamp":{"$timestamp":{"t":1743691326,"i":6}}}}
{"t":{"$date":"2025-04-03T14:42:06.127+00:00"},"s":"I",  "c":"STORAGE",  "id":4847600, "ctx":"IndexBuildsCoordinatorMongod-0","msg":"Index build: waiting for last optime before interceptors to be majority committed","attr":{"buildUUID":{"uuid":{"$uuid":"95f6c107-6d6f-4f70-984d-77286c652b96"}},"collectionUUID":{"uuid":{"$uuid":"b35388f1-2171-4eb3-a3c6-0fd59b198832"}},"deadline":{"$date":"2025-04-03T14:42:16.127Z"},"timeoutMillis":10000,"lastOpTime":{"ts":{"$timestamp":{"t":1743691326,"i":6}},"t":2}}}
{"t":{"$date":"2025-04-03T14:42:06.127+00:00"},"s":"I",  "c":"INDEX",    "id":20440,   "ctx":"conn8","msg":"Index build: waiting for index build to complete","attr":{"buildUUID":{"uuid":{"$uuid":"95f6c107-6d6f-4f70-984d-77286c652b96"}},"deadline":{"$date":{"$numberLong":"9223372036854775807"}}}}
{"t":{"$date":"2025-04-03T14:42:06.201+00:00"},"s":"I",  "c":"INDEX",    "id":20391,   "ctx":"IndexBuildsCoordinatorMongod-0","msg":"Index build: collection scan done","attr":{"buildUUID":{"uuid":{"$uuid":"95f6c107-6d6f-4f70-984d-77286c652b96"}},"collectionUUID":{"uuid":{"$uuid":"b35388f1-2171-4eb3-a3c6-0fd59b198832"}},"namespace":"appsmith.plugin","totalRecords":3,"readSource":"kMajorityCommitted","durationMillis":0}}
{"t":{"$date":"2025-04-03T14:42:06.206+00:00"},"s":"I",  "c":"INDEX",    "id":20685,   "ctx":"IndexBuildsCoordinatorMongod-0","msg":"Index build: inserted keys from external sorter into index","attr":{"namespace":"appsmith.plugin","index":"createdAt","keysInserted":3,"durationMillis":0}}
{"t":{"$date":"2025-04-03T14:42:06.213+00:00"},"s":"I",  "c":"STORAGE",  "id":3856201, "ctx":"conn14","msg":"Index build: commit quorum satisfied","attr":{"indexBuildEntry":{"_id":{"$uuid":"95f6c107-6d6f-4f70-984d-77286c652b96"},"collectionUUID":{"$uuid":"b35388f1-2171-4eb3-a3c6-0fd59b198832"},"commitQuorum":"votingMembers","indexNames":["createdAt"],"commitReadyMembers":["localhost:27017"]}}}
{"t":{"$date":"2025-04-03T14:42:06.214+00:00"},"s":"I",  "c":"CONNPOOL", "id":22566,   "ctx":"ReplNetwork","msg":"Ending connection due to bad connection status","attr":{"hostAndPort":"localhost:27017","error":"CallbackCanceled: Callback was canceled","numOpenConns":0}}
{"t":{"$date":"2025-04-03T14:42:06.214+00:00"},"s":"I",  "c":"STORAGE",  "id":3856203, "ctx":"IndexBuildsCoordinatorMongod-0","msg":"Index build: waiting for next action before completing final phase","attr":{"buildUUID":{"uuid":{"$uuid":"95f6c107-6d6f-4f70-984d-77286c652b96"}}}}
{"t":{"$date":"2025-04-03T14:42:06.215+00:00"},"s":"I",  "c":"STORAGE",  "id":3856204, "ctx":"IndexBuildsCoordinatorMongod-0","msg":"Index build: received signal","attr":{"buildUUID":{"uuid":{"$uuid":"95f6c107-6d6f-4f70-984d-77286c652b96"}},"action":"Commit quorum Satisfied"}}
{"t":{"$date":"2025-04-03T14:42:06.215+00:00"},"s":"I",  "c":"NETWORK",  "id":22944,   "ctx":"conn14","msg":"Connection ended","attr":{"remote":"127.0.0.1:56418","uuid":"82c4cad8-2e46-4a8e-acad-7a17e0251b12","connectionId":14,"connectionCount":7}}
{"t":{"$date":"2025-04-03T14:42:06.215+00:00"},"s":"I",  "c":"NETWORK",  "id":22943,   "ctx":"listener","msg":"Connection accepted","attr":{"remote":"127.0.0.1:56420","uuid":"33b2a01d-9ccd-4f81-9709-9e252bf092eb","connectionId":16,"connectionCount":8}}
{"t":{"$date":"2025-04-03T14:42:06.216+00:00"},"s":"I",  "c":"INDEX",    "id":20345,   "ctx":"IndexBuildsCoordinatorMongod-0","msg":"Index build: done building","attr":{"buildUUID":{"uuid":{"$uuid":"95f6c107-6d6f-4f70-984d-77286c652b96"}},"namespace":"appsmith.plugin","index":"createdAt","commitTimestamp":{"$timestamp":{"t":1743691326,"i":8}}}}
{"t":{"$date":"2025-04-03T14:42:06.217+00:00"},"s":"I",  "c":"NETWORK",  "id":51800,   "ctx":"conn16","msg":"client metadata","attr":{"remote":"127.0.0.1:56420","client":"conn16","negotiatedCompressors":["snappy","zstd","zlib"],"doc":{"driver":{"name":"NetworkInterfaceTL","version":"5.0.30"},"os":{"type":"Linux","name":"Ubuntu","architecture":"aarch64","version":"20.04"}}}}
{"t":{"$date":"2025-04-03T14:42:06.221+00:00"},"s":"I",  "c":"ACCESS",   "id":20250,   "ctx":"conn16","msg":"Authentication succeeded","attr":{"mechanism":"SCRAM-SHA-256","speculative":true,"principalName":"__system","authenticationDatabase":"local","remote":"127.0.0.1:56420","extraInfo":{}}}
{"t":{"$date":"2025-04-03T14:42:06.223+00:00"},"s":"I",  "c":"STORAGE",  "id":20663,   "ctx":"IndexBuildsCoordinatorMongod-0","msg":"Index build: completed successfully","attr":{"buildUUID":{"uuid":{"$uuid":"95f6c107-6d6f-4f70-984d-77286c652b96"}},"collectionUUID":{"uuid":{"$uuid":"b35388f1-2171-4eb3-a3c6-0fd59b198832"}},"namespace":"appsmith.plugin","indexesBuilt":["createdAt"],"numIndexesBefore":1,"numIndexesAfter":2}}
{"t":{"$date":"2025-04-03T14:42:06.225+00:00"},"s":"I",  "c":"INDEX",    "id":20447,   "ctx":"conn8","msg":"Index build: completed","attr":{"buildUUID":{"uuid":{"$uuid":"95f6c107-6d6f-4f70-984d-77286c652b96"}}}}
{"t":{"$date":"2025-04-03T14:42:06.227+00:00"},"s":"I",  "c":"COMMAND",  "id":51803,   "ctx":"conn8","msg":"Slow query","attr":{"type":"command","ns":"appsmith.plugin","command":{"createIndexes":"plugin","indexes":[{"key":{"createdAt":1},"name":"createdAt"}],"$db":"appsmith","$clusterTime":{"clusterTime":{"$timestamp":{"t":1743691326,"i":4}},"signature":{"hash":{"$binary":{"base64":"Xe9IwNHtaprLW05IVtOqd+MVTNU=","subType":"0"}},"keyId":7489097039100248068}},"lsid":{"id":{"$uuid":"771e3d24-42b1-43a0-b7d2-986f620a0403"}},"$readPreference":{"mode":"primaryPreferred"}},"numYields":0,"reslen":271,"locks":{"ParallelBatchWriterMode":{"acquireCount":{"r":3}},"FeatureCompatibilityVersion":{"acquireCount":{"r":4,"w":2}},"ReplicationStateTransition":{"acquireCount":{"w":6}},"Global":{"acquireCount":{"r":4,"w":2}},"Database":{"acquireCount":{"r":2,"w":1}},"Collection":{"acquireCount":{"r":2,"W":1}},"Mutex":{"acquireCount":{"r":3}}},"flowControl":{"acquireCount":2,"timeAcquiringMicros":1},"readConcern":{"level":"local","provenance":"implicitDefault"},"writeConcern":{"w":"majority","wtimeout":0,"provenance":"implicitDefault"},"waitForWriteConcernDurationMillis":1,"storage":{},"remote":"127.0.0.1:56412","protocol":"op_msg","durationMillis":124}}
{"t":{"$date":"2025-04-03T14:42:06.231+00:00"},"s":"I",  "c":"INDEX",    "id":20438,   "ctx":"conn8","msg":"Index build: registering","attr":{"buildUUID":{"uuid":{"$uuid":"469a4ae1-9064-4482-befc-3eb6e17e5c92"}},"namespace":"appsmith.plugin","collectionUUID":{"uuid":{"$uuid":"b35388f1-2171-4eb3-a3c6-0fd59b198832"}},"indexes":1,"firstIndex":{"name":"type"}}}
{"t":{"$date":"2025-04-03T14:42:06.249+00:00"},"s":"I",  "c":"INDEX",    "id":20384,   "ctx":"IndexBuildsCoordinatorMongod-0","msg":"Index build: starting","attr":{"buildUUID":{"uuid":{"$uuid":"469a4ae1-9064-4482-befc-3eb6e17e5c92"}},"collectionUUID":{"uuid":{"$uuid":"b35388f1-2171-4eb3-a3c6-0fd59b198832"}},"namespace":"appsmith.plugin","properties":{"v":2,"key":{"type":1},"name":"type"},"method":"Hybrid","maxTemporaryMemoryUsageMB":200}}
{"t":{"$date":"2025-04-03T14:42:06.250+00:00"},"s":"I",  "c":"INDEX",    "id":20346,   "ctx":"IndexBuildsCoordinatorMongod-0","msg":"Index build: initialized","attr":{"buildUUID":{"uuid":{"$uuid":"469a4ae1-9064-4482-befc-3eb6e17e5c92"}},"collectionUUID":{"uuid":{"$uuid":"b35388f1-2171-4eb3-a3c6-0fd59b198832"}},"namespace":"appsmith.plugin","initializationTimestamp":{"$timestamp":{"t":1743691326,"i":11}}}}
{"t":{"$date":"2025-04-03T14:42:06.250+00:00"},"s":"I",  "c":"STORAGE",  "id":4847600, "ctx":"IndexBuildsCoordinatorMongod-0","msg":"Index build: waiting for last optime before interceptors to be majority committed","attr":{"buildUUID":{"uuid":{"$uuid":"469a4ae1-9064-4482-befc-3eb6e17e5c92"}},"collectionUUID":{"uuid":{"$uuid":"b35388f1-2171-4eb3-a3c6-0fd59b198832"}},"deadline":{"$date":"2025-04-03T14:42:16.250Z"},"timeoutMillis":10000,"lastOpTime":{"ts":{"$timestamp":{"t":1743691326,"i":11}},"t":2}}}
{"t":{"$date":"2025-04-03T14:42:06.250+00:00"},"s":"I",  "c":"INDEX",    "id":20440,   "ctx":"conn8","msg":"Index build: waiting for index build to complete","attr":{"buildUUID":{"uuid":{"$uuid":"469a4ae1-9064-4482-befc-3eb6e17e5c92"}},"deadline":{"$date":{"$numberLong":"9223372036854775807"}}}}
{"t":{"$date":"2025-04-03T14:42:06.329+00:00"},"s":"I",  "c":"INDEX",    "id":20391,   "ctx":"IndexBuildsCoordinatorMongod-0","msg":"Index build: collection scan done","attr":{"buildUUID":{"uuid":{"$uuid":"469a4ae1-9064-4482-befc-3eb6e17e5c92"}},"collectionUUID":{"uuid":{"$uuid":"b35388f1-2171-4eb3-a3c6-0fd59b198832"}},"namespace":"appsmith.plugin","totalRecords":3,"readSource":"kMajorityCommitted","durationMillis":0}}
{"t":{"$date":"2025-04-03T14:42:06.335+00:00"},"s":"I",  "c":"INDEX",    "id":20685,   "ctx":"IndexBuildsCoordinatorMongod-0","msg":"Index build: inserted keys from external sorter into index","attr":{"namespace":"appsmith.plugin","index":"type","keysInserted":3,"durationMillis":0}}
{"t":{"$date":"2025-04-03T14:42:06.343+00:00"},"s":"I",  "c":"STORAGE",  "id":3856201, "ctx":"conn16","msg":"Index build: commit quorum satisfied","attr":{"indexBuildEntry":{"_id":{"$uuid":"469a4ae1-9064-4482-befc-3eb6e17e5c92"},"collectionUUID":{"$uuid":"b35388f1-2171-4eb3-a3c6-0fd59b198832"},"commitQuorum":"votingMembers","indexNames":["type"],"commitReadyMembers":["localhost:27017"]}}}
{"t":{"$date":"2025-04-03T14:42:06.343+00:00"},"s":"I",  "c":"CONNPOOL", "id":22566,   "ctx":"ReplNetwork","msg":"Ending connection due to bad connection status","attr":{"hostAndPort":"localhost:27017","error":"CallbackCanceled: Callback was canceled","numOpenConns":0}}
{"t":{"$date":"2025-04-03T14:42:06.344+00:00"},"s":"I",  "c":"STORAGE",  "id":3856203, "ctx":"IndexBuildsCoordinatorMongod-0","msg":"Index build: waiting for next action before completing final phase","attr":{"buildUUID":{"uuid":{"$uuid":"469a4ae1-9064-4482-befc-3eb6e17e5c92"}}}}
{"t":{"$date":"2025-04-03T14:42:06.345+00:00"},"s":"I",  "c":"NETWORK",  "id":22944,   "ctx":"conn16","msg":"Connection ended","attr":{"remote":"127.0.0.1:56420","uuid":"33b2a01d-9ccd-4f81-9709-9e252bf092eb","connectionId":16,"connectionCount":7}}
{"t":{"$date":"2025-04-03T14:42:06.345+00:00"},"s":"I",  "c":"STORAGE",  "id":3856204, "ctx":"IndexBuildsCoordinatorMongod-0","msg":"Index build: received signal","attr":{"buildUUID":{"uuid":{"$uuid":"469a4ae1-9064-4482-befc-3eb6e17e5c92"}},"action":"Commit quorum Satisfied"}}
{"t":{"$date":"2025-04-03T14:42:06.344+00:00"},"s":"I",  "c":"NETWORK",  "id":22943,   "ctx":"listener","msg":"Connection accepted","attr":{"remote":"127.0.0.1:56422","uuid":"16b0ce23-7e8d-4842-8f6a-c9a9ab19bacc","connectionId":18,"connectionCount":8}}
{"t":{"$date":"2025-04-03T14:42:06.346+00:00"},"s":"I",  "c":"INDEX",    "id":20345,   "ctx":"IndexBuildsCoordinatorMongod-0","msg":"Index build: done building","attr":{"buildUUID":{"uuid":{"$uuid":"469a4ae1-9064-4482-befc-3eb6e17e5c92"}},"namespace":"appsmith.plugin","index":"type","commitTimestamp":{"$timestamp":{"t":1743691326,"i":13}}}}
{"t":{"$date":"2025-04-03T14:42:06.347+00:00"},"s":"I",  "c":"NETWORK",  "id":51800,   "ctx":"conn18","msg":"client metadata","attr":{"remote":"127.0.0.1:56422","client":"conn18","negotiatedCompressors":["snappy","zstd","zlib"],"doc":{"driver":{"name":"NetworkInterfaceTL","version":"5.0.30"},"os":{"type":"Linux","name":"Ubuntu","architecture":"aarch64","version":"20.04"}}}}
{"t":{"$date":"2025-04-03T14:42:06.348+00:00"},"s":"I",  "c":"ACCESS",   "id":20250,   "ctx":"conn18","msg":"Authentication succeeded","attr":{"mechanism":"SCRAM-SHA-256","speculative":true,"principalName":"__system","authenticationDatabase":"local","remote":"127.0.0.1:56422","extraInfo":{}}}
{"t":{"$date":"2025-04-03T14:42:06.350+00:00"},"s":"I",  "c":"STORAGE",  "id":20663,   "ctx":"IndexBuildsCoordinatorMongod-0","msg":"Index build: completed successfully","attr":{"buildUUID":{"uuid":{"$uuid":"469a4ae1-9064-4482-befc-3eb6e17e5c92"}},"collectionUUID":{"uuid":{"$uuid":"b35388f1-2171-4eb3-a3c6-0fd59b198832"}},"namespace":"appsmith.plugin","indexesBuilt":["type"],"numIndexesBefore":2,"numIndexesAfter":3}}
{"t":{"$date":"2025-04-03T14:42:06.351+00:00"},"s":"I",  "c":"INDEX",    "id":20447,   "ctx":"conn8","msg":"Index build: completed","attr":{"buildUUID":{"uuid":{"$uuid":"469a4ae1-9064-4482-befc-3eb6e17e5c92"}}}}
{"t":{"$date":"2025-04-03T14:42:06.354+00:00"},"s":"I",  "c":"COMMAND",  "id":51803,   "ctx":"conn8","msg":"Slow query","attr":{"type":"command","ns":"appsmith.plugin","command":{"createIndexes":"plugin","indexes":[{"key":{"type":1},"name":"type"}],"$db":"appsmith","$clusterTime":{"clusterTime":{"$timestamp":{"t":1743691326,"i":9}},"signature":{"hash":{"$binary":{"base64":"Xe9IwNHtaprLW05IVtOqd+MVTNU=","subType":"0"}},"keyId":7489097039100248068}},"lsid":{"id":{"$uuid":"771e3d24-42b1-43a0-b7d2-986f620a0403"}},"$readPreference":{"mode":"primaryPreferred"}},"numYields":0,"reslen":271,"locks":{"ParallelBatchWriterMode":{"acquireCount":{"r":3}},"FeatureCompatibilityVersion":{"acquireCount":{"r":4,"w":2}},"ReplicationStateTransition":{"acquireCount":{"w":6}},"Global":{"acquireCount":{"r":4,"w":2}},"Database":{"acquireCount":{"r":2,"w":1}},"Collection":{"acquireCount":{"r":2,"W":1}},"Mutex":{"acquireCount":{"r":3}}},"flowControl":{"acquireCount":2,"timeAcquiringMicros":2},"readConcern":{"level":"local","provenance":"implicitDefault"},"writeConcern":{"w":"majority","wtimeout":0,"provenance":"implicitDefault"},"waitForWriteConcernDurationMillis":1,"storage":{},"remote":"127.0.0.1:56412","protocol":"op_msg","durationMillis":122}}
{"t":{"$date":"2025-04-03T14:42:06.357+00:00"},"s":"I",  "c":"INDEX",    "id":20438,   "ctx":"conn8","msg":"Index build: registering","attr":{"buildUUID":{"uuid":{"$uuid":"c3a5e378-7f3d-4b7a-ac47-88fe3d3c2e9b"}},"namespace":"appsmith.plugin","collectionUUID":{"uuid":{"$uuid":"b35388f1-2171-4eb3-a3c6-0fd59b198832"}},"indexes":1,"firstIndex":{"name":"packageName"}}}
{"t":{"$date":"2025-04-03T14:42:06.382+00:00"},"s":"I",  "c":"INDEX",    "id":20384,   "ctx":"IndexBuildsCoordinatorMongod-0","msg":"Index build: starting","attr":{"buildUUID":{"uuid":{"$uuid":"c3a5e378-7f3d-4b7a-ac47-88fe3d3c2e9b"}},"collectionUUID":{"uuid":{"$uuid":"b35388f1-2171-4eb3-a3c6-0fd59b198832"}},"namespace":"appsmith.plugin","properties":{"v":2,"unique":true,"key":{"packageName":1},"name":"packageName"},"method":"Hybrid","maxTemporaryMemoryUsageMB":200}}
{"t":{"$date":"2025-04-03T14:42:06.382+00:00"},"s":"I",  "c":"INDEX",    "id":20346,   "ctx":"IndexBuildsCoordinatorMongod-0","msg":"Index build: initialized","attr":{"buildUUID":{"uuid":{"$uuid":"c3a5e378-7f3d-4b7a-ac47-88fe3d3c2e9b"}},"collectionUUID":{"uuid":{"$uuid":"b35388f1-2171-4eb3-a3c6-0fd59b198832"}},"namespace":"appsmith.plugin","initializationTimestamp":{"$timestamp":{"t":1743691326,"i":16}}}}
{"t":{"$date":"2025-04-03T14:42:06.383+00:00"},"s":"I",  "c":"STORAGE",  "id":4847600, "ctx":"IndexBuildsCoordinatorMongod-0","msg":"Index build: waiting for last optime before interceptors to be majority committed","attr":{"buildUUID":{"uuid":{"$uuid":"c3a5e378-7f3d-4b7a-ac47-88fe3d3c2e9b"}},"collectionUUID":{"uuid":{"$uuid":"b35388f1-2171-4eb3-a3c6-0fd59b198832"}},"deadline":{"$date":"2025-04-03T14:42:16.382Z"},"timeoutMillis":10000,"lastOpTime":{"ts":{"$timestamp":{"t":1743691326,"i":16}},"t":2}}}
{"t":{"$date":"2025-04-03T14:42:06.383+00:00"},"s":"I",  "c":"INDEX",    "id":20440,   "ctx":"conn8","msg":"Index build: waiting for index build to complete","attr":{"buildUUID":{"uuid":{"$uuid":"c3a5e378-7f3d-4b7a-ac47-88fe3d3c2e9b"}},"deadline":{"$date":{"$numberLong":"9223372036854775807"}}}}
{"t":{"$date":"2025-04-03T14:42:06.458+00:00"},"s":"I",  "c":"INDEX",    "id":20391,   "ctx":"IndexBuildsCoordinatorMongod-0","msg":"Index build: collection scan done","attr":{"buildUUID":{"uuid":{"$uuid":"c3a5e378-7f3d-4b7a-ac47-88fe3d3c2e9b"}},"collectionUUID":{"uuid":{"$uuid":"b35388f1-2171-4eb3-a3c6-0fd59b198832"}},"namespace":"appsmith.plugin","totalRecords":3,"readSource":"kMajorityCommitted","durationMillis":0}}
{"t":{"$date":"2025-04-03T14:42:06.471+00:00"},"s":"I",  "c":"INDEX",    "id":20685,   "ctx":"IndexBuildsCoordinatorMongod-0","msg":"Index build: inserted keys from external sorter into index","attr":{"namespace":"appsmith.plugin","index":"packageName","keysInserted":3,"durationMillis":0}}
{"t":{"$date":"2025-04-03T14:42:06.479+00:00"},"s":"I",  "c":"STORAGE",  "id":3856201, "ctx":"conn18","msg":"Index build: commit quorum satisfied","attr":{"indexBuildEntry":{"_id":{"$uuid":"c3a5e378-7f3d-4b7a-ac47-88fe3d3c2e9b"},"collectionUUID":{"$uuid":"b35388f1-2171-4eb3-a3c6-0fd59b198832"},"commitQuorum":"votingMembers","indexNames":["packageName"],"commitReadyMembers":["localhost:27017"]}}}
{"t":{"$date":"2025-04-03T14:42:06.481+00:00"},"s":"I",  "c":"CONNPOOL", "id":22566,   "ctx":"ReplNetwork","msg":"Ending connection due to bad connection status","attr":{"hostAndPort":"localhost:27017","error":"CallbackCanceled: Callback was canceled","numOpenConns":0}}
{"t":{"$date":"2025-04-03T14:42:06.481+00:00"},"s":"I",  "c":"STORAGE",  "id":3856203, "ctx":"IndexBuildsCoordinatorMongod-0","msg":"Index build: waiting for next action before completing final phase","attr":{"buildUUID":{"uuid":{"$uuid":"c3a5e378-7f3d-4b7a-ac47-88fe3d3c2e9b"}}}}
{"t":{"$date":"2025-04-03T14:42:06.482+00:00"},"s":"I",  "c":"STORAGE",  "id":3856204, "ctx":"IndexBuildsCoordinatorMongod-0","msg":"Index build: received signal","attr":{"buildUUID":{"uuid":{"$uuid":"c3a5e378-7f3d-4b7a-ac47-88fe3d3c2e9b"}},"action":"Commit quorum Satisfied"}}
{"t":{"$date":"2025-04-03T14:42:06.482+00:00"},"s":"I",  "c":"NETWORK",  "id":22943,   "ctx":"listener","msg":"Connection accepted","attr":{"remote":"127.0.0.1:56424","uuid":"da6840af-d3bc-439e-8a55-056e90cbdc64","connectionId":20,"connectionCount":8}}
{"t":{"$date":"2025-04-03T14:42:06.482+00:00"},"s":"I",  "c":"NETWORK",  "id":22944,   "ctx":"conn18","msg":"Connection ended","attr":{"remote":"127.0.0.1:56422","uuid":"16b0ce23-7e8d-4842-8f6a-c9a9ab19bacc","connectionId":18,"connectionCount":7}}
{"t":{"$date":"2025-04-03T14:42:06.483+00:00"},"s":"I",  "c":"INDEX",    "id":20345,   "ctx":"IndexBuildsCoordinatorMongod-0","msg":"Index build: done building","attr":{"buildUUID":{"uuid":{"$uuid":"c3a5e378-7f3d-4b7a-ac47-88fe3d3c2e9b"}},"namespace":"appsmith.plugin","index":"packageName","commitTimestamp":{"$timestamp":{"t":1743691326,"i":18}}}}
{"t":{"$date":"2025-04-03T14:42:06.483+00:00"},"s":"I",  "c":"NETWORK",  "id":51800,   "ctx":"conn20","msg":"client metadata","attr":{"remote":"127.0.0.1:56424","client":"conn20","negotiatedCompressors":["snappy","zstd","zlib"],"doc":{"driver":{"name":"NetworkInterfaceTL","version":"5.0.30"},"os":{"type":"Linux","name":"Ubuntu","architecture":"aarch64","version":"20.04"}}}}
{"t":{"$date":"2025-04-03T14:42:06.487+00:00"},"s":"I",  "c":"ACCESS",   "id":20250,   "ctx":"conn20","msg":"Authentication succeeded","attr":{"mechanism":"SCRAM-SHA-256","speculative":true,"principalName":"__system","authenticationDatabase":"local","remote":"127.0.0.1:56424","extraInfo":{}}}
{"t":{"$date":"2025-04-03T14:42:06.492+00:00"},"s":"I",  "c":"STORAGE",  "id":20663,   "ctx":"IndexBuildsCoordinatorMongod-0","msg":"Index build: completed successfully","attr":{"buildUUID":{"uuid":{"$uuid":"c3a5e378-7f3d-4b7a-ac47-88fe3d3c2e9b"}},"collectionUUID":{"uuid":{"$uuid":"b35388f1-2171-4eb3-a3c6-0fd59b198832"}},"namespace":"appsmith.plugin","indexesBuilt":["packageName"],"numIndexesBefore":3,"numIndexesAfter":4}}
{"t":{"$date":"2025-04-03T14:42:06.494+00:00"},"s":"I",  "c":"INDEX",    "id":20447,   "ctx":"conn8","msg":"Index build: completed","attr":{"buildUUID":{"uuid":{"$uuid":"c3a5e378-7f3d-4b7a-ac47-88fe3d3c2e9b"}}}}
{"t":{"$date":"2025-04-03T14:42:06.496+00:00"},"s":"I",  "c":"COMMAND",  "id":51803,   "ctx":"conn8","msg":"Slow query","attr":{"type":"command","ns":"appsmith.plugin","command":{"createIndexes":"plugin","indexes":[{"key":{"packageName":1},"name":"packageName","unique":true}],"$db":"appsmith","$clusterTime":{"clusterTime":{"$timestamp":{"t":1743691326,"i":14}},"signature":{"hash":{"$binary":{"base64":"Xe9IwNHtaprLW05IVtOqd+MVTNU=","subType":"0"}},"keyId":7489097039100248068}},"lsid":{"id":{"$uuid":"771e3d24-42b1-43a0-b7d2-986f620a0403"}},"$readPreference":{"mode":"primaryPreferred"}},"numYields":0,"reslen":271,"locks":{"ParallelBatchWriterMode":{"acquireCount":{"r":3}},"FeatureCompatibilityVersion":{"acquireCount":{"r":4,"w":2}},"ReplicationStateTransition":{"acquireCount":{"w":6}},"Global":{"acquireCount":{"r":4,"w":2}},"Database":{"acquireCount":{"r":2,"w":1}},"Collection":{"acquireCount":{"r":2,"W":1}},"Mutex":{"acquireCount":{"r":3}}},"flowControl":{"acquireCount":2,"timeAcquiringMicros":1},"readConcern":{"level":"local","provenance":"implicitDefault"},"writeConcern":{"w":"majority","wtimeout":0,"provenance":"implicitDefault"},"waitForWriteConcernDurationMillis":1,"storage":{},"remote":"127.0.0.1:56412","protocol":"op_msg","durationMillis":138}}
{"t":{"$date":"2025-04-03T14:42:06.500+00:00"},"s":"I",  "c":"STORAGE",  "id":20320,   "ctx":"conn8","msg":"createCollection","attr":{"namespace":"appsmith.user","uuidDisposition":"generated","uuid":{"uuid":{"$uuid":"c8004d4d-4f81-4a60-9be9-863bce86f3ea"}},"options":{}}}
{"t":{"$date":"2025-04-03T14:42:06.528+00:00"},"s":"I",  "c":"INDEX",    "id":20345,   "ctx":"conn8","msg":"Index build: done building","attr":{"buildUUID":null,"namespace":"appsmith.user","index":"_id_","commitTimestamp":{"$timestamp":{"t":1743691326,"i":21}}}}
{"t":{"$date":"2025-04-03T14:42:06.528+00:00"},"s":"I",  "c":"INDEX",    "id":20345,   "ctx":"conn8","msg":"Index build: done building","attr":{"buildUUID":null,"namespace":"appsmith.user","index":"createdAt","commitTimestamp":{"$timestamp":{"t":1743691326,"i":21}}}}
{"t":{"$date":"2025-04-03T14:42:06.532+00:00"},"s":"I",  "c":"INDEX",    "id":20438,   "ctx":"conn8","msg":"Index build: registering","attr":{"buildUUID":{"uuid":{"$uuid":"478700d9-6b86-41b1-8cad-9bad44e6bf04"}},"namespace":"appsmith.user","collectionUUID":{"uuid":{"$uuid":"c8004d4d-4f81-4a60-9be9-863bce86f3ea"}},"indexes":1,"firstIndex":{"name":"email"}}}
{"t":{"$date":"2025-04-03T14:42:06.541+00:00"},"s":"I",  "c":"INDEX",    "id":20345,   "ctx":"conn8","msg":"Index build: done building","attr":{"buildUUID":null,"namespace":"appsmith.user","index":"email","commitTimestamp":{"$timestamp":{"t":1743691326,"i":22}}}}
{"t":{"$date":"2025-04-03T14:42:06.541+00:00"},"s":"I",  "c":"INDEX",    "id":20440,   "ctx":"conn8","msg":"Index build: waiting for index build to complete","attr":{"buildUUID":{"uuid":{"$uuid":"478700d9-6b86-41b1-8cad-9bad44e6bf04"}},"deadline":{"$date":{"$numberLong":"9223372036854775807"}}}}
{"t":{"$date":"2025-04-03T14:42:06.542+00:00"},"s":"I",  "c":"INDEX",    "id":20447,   "ctx":"conn8","msg":"Index build: completed","attr":{"buildUUID":{"uuid":{"$uuid":"478700d9-6b86-41b1-8cad-9bad44e6bf04"}}}}
{"t":{"$date":"2025-04-03T14:42:06.548+00:00"},"s":"I",  "c":"STORAGE",  "id":20320,   "ctx":"conn8","msg":"createCollection","attr":{"namespace":"appsmith.sequence","uuidDisposition":"generated","uuid":{"uuid":{"$uuid":"161ae6b6-6659-43e7-b71e-d9ea37b5cfb0"}},"options":{}}}
{"t":{"$date":"2025-04-03T14:42:06.575+00:00"},"s":"I",  "c":"INDEX",    "id":20345,   "ctx":"conn8","msg":"Index build: done building","attr":{"buildUUID":null,"namespace":"appsmith.sequence","index":"_id_","commitTimestamp":{"$timestamp":{"t":1743691326,"i":24}}}}
{"t":{"$date":"2025-04-03T14:42:06.576+00:00"},"s":"I",  "c":"INDEX",    "id":20345,   "ctx":"conn8","msg":"Index build: done building","attr":{"buildUUID":null,"namespace":"appsmith.sequence","index":"name","commitTimestamp":{"$timestamp":{"t":1743691326,"i":24}}}}
{"t":{"$date":"2025-04-03T14:42:06.683+00:00"},"s":"I",  "c":"COMMAND",  "id":51806,   "ctx":"conn8","msg":"CMD: dropIndexes","attr":{"namespace":"appsmith.passwordResetToken","uuid":{"uuid":{"$uuid":"8c510ce2-61ef-474e-ba28-1936afa73278"}},"indexes":"createdAt"}}
{"t":{"$date":"2025-04-03T14:42:06.684+00:00"},"s":"I",  "c":"STORAGE",  "id":22206,   "ctx":"conn8","msg":"Deferring table drop for index","attr":{"index":"createdAt","namespace":"appsmith.passwordResetToken","uuid":{"uuid":{"$uuid":"8c510ce2-61ef-474e-ba28-1936afa73278"}},"ident":"index-35-1440771236522914707","dropTime":{"":{"$timestamp":{"t":1743691326,"i":33}}}}}
{"t":{"$date":"2025-04-03T14:42:06.687+00:00"},"s":"I",  "c":"COMMAND",  "id":51806,   "ctx":"conn8","msg":"CMD: dropIndexes","attr":{"namespace":"appsmith.passwordResetToken","uuid":{"uuid":{"$uuid":"8c510ce2-61ef-474e-ba28-1936afa73278"}},"indexes":"email"}}
{"t":{"$date":"2025-04-03T14:42:06.688+00:00"},"s":"I",  "c":"STORAGE",  "id":22206,   "ctx":"conn8","msg":"Deferring table drop for index","attr":{"index":"email","namespace":"appsmith.passwordResetToken","uuid":{"uuid":{"$uuid":"8c510ce2-61ef-474e-ba28-1936afa73278"}},"ident":"index-36-1440771236522914707","dropTime":{"":{"$timestamp":{"t":1743691326,"i":34}}}}}
{"t":{"$date":"2025-04-03T14:42:06.692+00:00"},"s":"I",  "c":"INDEX",    "id":20438,   "ctx":"conn8","msg":"Index build: registering","attr":{"buildUUID":{"uuid":{"$uuid":"20d4a74f-8c0e-468a-b332-da8df6762dd9"}},"namespace":"appsmith.passwordResetToken","collectionUUID":{"uuid":{"$uuid":"8c510ce2-61ef-474e-ba28-1936afa73278"}},"indexes":1,"firstIndex":{"name":"createdAt"}}}
{"t":{"$date":"2025-04-03T14:42:06.701+00:00"},"s":"I",  "c":"INDEX",    "id":20345,   "ctx":"conn8","msg":"Index build: done building","attr":{"buildUUID":null,"namespace":"appsmith.passwordResetToken","index":"createdAt","commitTimestamp":{"$timestamp":{"t":1743691326,"i":35}}}}
{"t":{"$date":"2025-04-03T14:42:06.702+00:00"},"s":"I",  "c":"INDEX",    "id":20440,   "ctx":"conn8","msg":"Index build: waiting for index build to complete","attr":{"buildUUID":{"uuid":{"$uuid":"20d4a74f-8c0e-468a-b332-da8df6762dd9"}},"deadline":{"$date":{"$numberLong":"9223372036854775807"}}}}
{"t":{"$date":"2025-04-03T14:42:06.702+00:00"},"s":"I",  "c":"INDEX",    "id":20447,   "ctx":"conn8","msg":"Index build: completed","attr":{"buildUUID":{"uuid":{"$uuid":"20d4a74f-8c0e-468a-b332-da8df6762dd9"}}}}
{"t":{"$date":"2025-04-03T14:42:06.708+00:00"},"s":"I",  "c":"INDEX",    "id":20438,   "ctx":"conn8","msg":"Index build: registering","attr":{"buildUUID":{"uuid":{"$uuid":"3b36c25a-3925-496f-92c3-b0cc05dc5985"}},"namespace":"appsmith.passwordResetToken","collectionUUID":{"uuid":{"$uuid":"8c510ce2-61ef-474e-ba28-1936afa73278"}},"indexes":1,"firstIndex":{"name":"email"}}}
{"t":{"$date":"2025-04-03T14:42:06.717+00:00"},"s":"I",  "c":"INDEX",    "id":20345,   "ctx":"conn8","msg":"Index build: done building","attr":{"buildUUID":null,"namespace":"appsmith.passwordResetToken","index":"email","commitTimestamp":{"$timestamp":{"t":1743691326,"i":36}}}}
{"t":{"$date":"2025-04-03T14:42:06.718+00:00"},"s":"I",  "c":"INDEX",    "id":20440,   "ctx":"conn8","msg":"Index build: waiting for index build to complete","attr":{"buildUUID":{"uuid":{"$uuid":"3b36c25a-3925-496f-92c3-b0cc05dc5985"}},"deadline":{"$date":{"$numberLong":"9223372036854775807"}}}}
{"t":{"$date":"2025-04-03T14:42:06.719+00:00"},"s":"I",  "c":"INDEX",    "id":20447,   "ctx":"conn8","msg":"Index build: completed","attr":{"buildUUID":{"uuid":{"$uuid":"3b36c25a-3925-496f-92c3-b0cc05dc5985"}}}}
{"t":{"$date":"2025-04-03T14:42:06.928+00:00"},"s":"I",  "c":"COMMAND",  "id":518070,  "ctx":"conn8","msg":"CMD: drop","attr":{"namespace":"appsmith.newPage"}}
{"t":{"$date":"2025-04-03T14:42:06.942+00:00"},"s":"I",  "c":"STORAGE",  "id":20320,   "ctx":"conn8","msg":"createCollection","attr":{"namespace":"appsmith.newPage","uuidDisposition":"generated","uuid":{"uuid":{"$uuid":"303e4b3c-eb81-4cad-85a5-98d841e218d3"}},"options":{}}}
{"t":{"$date":"2025-04-03T14:42:07.013+00:00"},"s":"I",  "c":"INDEX",    "id":20345,   "ctx":"conn8","msg":"Index build: done building","attr":{"buildUUID":null,"namespace":"appsmith.newPage","index":"_id_","commitTimestamp":{"$timestamp":{"t":1743691326,"i":43}}}}
{"t":{"$date":"2025-04-03T14:42:07.014+00:00"},"s":"I",  "c":"INDEX",    "id":20345,   "ctx":"conn8","msg":"Index build: done building","attr":{"buildUUID":null,"namespace":"appsmith.newPage","index":"createdAt","commitTimestamp":{"$timestamp":{"t":1743691326,"i":43}}}}
{"t":{"$date":"2025-04-03T14:42:07.031+00:00"},"s":"I",  "c":"COMMAND",  "id":518070,  "ctx":"conn8","msg":"CMD: drop","attr":{"namespace":"appsmith.newAction"}}
{"t":{"$date":"2025-04-03T14:42:07.039+00:00"},"s":"I",  "c":"STORAGE",  "id":20320,   "ctx":"conn8","msg":"createCollection","attr":{"namespace":"appsmith.newAction","uuidDisposition":"generated","uuid":{"uuid":{"$uuid":"35b7486b-3178-4776-859d-fea7c06f8d5b"}},"options":{}}}
{"t":{"$date":"2025-04-03T14:42:07.098+00:00"},"s":"I",  "c":"INDEX",    "id":20345,   "ctx":"conn8","msg":"Index build: done building","attr":{"buildUUID":null,"namespace":"appsmith.newAction","index":"_id_","commitTimestamp":{"$timestamp":{"t":1743691327,"i":2}}}}
{"t":{"$date":"2025-04-03T14:42:07.100+00:00"},"s":"I",  "c":"INDEX",    "id":20345,   "ctx":"conn8","msg":"Index build: done building","attr":{"buildUUID":null,"namespace":"appsmith.newAction","index":"createdAt","commitTimestamp":{"$timestamp":{"t":1743691327,"i":2}}}}
{"t":{"$date":"2025-04-03T14:42:07.112+00:00"},"s":"I",  "c":"COMMAND",  "id":51806,   "ctx":"conn8","msg":"CMD: dropIndexes","attr":{"namespace":"appsmith.newAction","uuid":{"uuid":{"$uuid":"35b7486b-3178-4776-859d-fea7c06f8d5b"}},"indexes":"createdAt"}}
{"t":{"$date":"2025-04-03T14:42:07.114+00:00"},"s":"I",  "c":"STORAGE",  "id":22206,   "ctx":"conn8","msg":"Deferring table drop for index","attr":{"index":"createdAt","namespace":"appsmith.newAction","uuid":{"uuid":{"$uuid":"35b7486b-3178-4776-859d-fea7c06f8d5b"}},"ident":"index-58-1440771236522914707","dropTime":{"":{"$timestamp":{"t":1743691327,"i":3}}}}}
{"t":{"$date":"2025-04-03T14:42:07.122+00:00"},"s":"I",  "c":"COMMAND",  "id":51806,   "ctx":"conn8","msg":"CMD: dropIndexes","attr":{"namespace":"appsmith.newPage","uuid":{"uuid":{"$uuid":"303e4b3c-eb81-4cad-85a5-98d841e218d3"}},"indexes":"createdAt"}}
{"t":{"$date":"2025-04-03T14:42:07.124+00:00"},"s":"I",  "c":"STORAGE",  "id":22206,   "ctx":"conn8","msg":"Deferring table drop for index","attr":{"index":"createdAt","namespace":"appsmith.newPage","uuid":{"uuid":{"$uuid":"303e4b3c-eb81-4cad-85a5-98d841e218d3"}},"ident":"index-55-1440771236522914707","dropTime":{"":{"$timestamp":{"t":1743691327,"i":4}}}}}
{"t":{"$date":"2025-04-03T14:42:07.132+00:00"},"s":"I",  "c":"INDEX",    "id":20438,   "ctx":"conn8","msg":"Index build: registering","attr":{"buildUUID":{"uuid":{"$uuid":"293bbcc2-fedc-40ca-a764-e87a062ffba7"}},"namespace":"appsmith.newPage","collectionUUID":{"uuid":{"$uuid":"303e4b3c-eb81-4cad-85a5-98d841e218d3"}},"indexes":1,"firstIndex":{"name":"applicationId_deleted_compound_index"}}}
{"t":{"$date":"2025-04-03T14:42:07.154+00:00"},"s":"I",  "c":"INDEX",    "id":20345,   "ctx":"conn8","msg":"Index build: done building","attr":{"buildUUID":null,"namespace":"appsmith.newPage","index":"applicationId_deleted_compound_index","commitTimestamp":{"$timestamp":{"t":1743691327,"i":5}}}}
{"t":{"$date":"2025-04-03T14:42:07.155+00:00"},"s":"I",  "c":"INDEX",    "id":20440,   "ctx":"conn8","msg":"Index build: waiting for index build to complete","attr":{"buildUUID":{"uuid":{"$uuid":"293bbcc2-fedc-40ca-a764-e87a062ffba7"}},"deadline":{"$date":{"$numberLong":"9223372036854775807"}}}}
{"t":{"$date":"2025-04-03T14:42:07.157+00:00"},"s":"I",  "c":"INDEX",    "id":20447,   "ctx":"conn8","msg":"Index build: completed","attr":{"buildUUID":{"uuid":{"$uuid":"293bbcc2-fedc-40ca-a764-e87a062ffba7"}}}}
{"t":{"$date":"2025-04-03T14:42:07.177+00:00"},"s":"I",  "c":"INDEX",    "id":20438,   "ctx":"conn8","msg":"Index build: registering","attr":{"buildUUID":{"uuid":{"$uuid":"5b96ee31-bd01-47b4-b1f6-9bced7dc99e8"}},"namespace":"appsmith.newAction","collectionUUID":{"uuid":{"$uuid":"35b7486b-3178-4776-859d-fea7c06f8d5b"}},"indexes":1,"firstIndex":{"name":"applicationId"}}}
{"t":{"$date":"2025-04-03T14:42:07.199+00:00"},"s":"I",  "c":"INDEX",    "id":20345,   "ctx":"conn8","msg":"Index build: done building","attr":{"buildUUID":null,"namespace":"appsmith.newAction","index":"applicationId","commitTimestamp":{"$timestamp":{"t":1743691327,"i":6}}}}
{"t":{"$date":"2025-04-03T14:42:07.200+00:00"},"s":"I",  "c":"INDEX",    "id":20440,   "ctx":"conn8","msg":"Index build: waiting for index build to complete","attr":{"buildUUID":{"uuid":{"$uuid":"5b96ee31-bd01-47b4-b1f6-9bced7dc99e8"}},"deadline":{"$date":{"$numberLong":"9223372036854775807"}}}}
{"t":{"$date":"2025-04-03T14:42:07.201+00:00"},"s":"I",  "c":"INDEX",    "id":20447,   "ctx":"conn8","msg":"Index build: completed","attr":{"buildUUID":{"uuid":{"$uuid":"5b96ee31-bd01-47b4-b1f6-9bced7dc99e8"}}}}
{"t":{"$date":"2025-04-03T14:42:07.208+00:00"},"s":"I",  "c":"INDEX",    "id":20438,   "ctx":"conn8","msg":"Index build: registering","attr":{"buildUUID":{"uuid":{"$uuid":"27ba6c79-7db2-4f07-86a4-b23abdfc81a1"}},"namespace":"appsmith.newAction","collectionUUID":{"uuid":{"$uuid":"35b7486b-3178-4776-859d-fea7c06f8d5b"}},"indexes":1,"firstIndex":{"name":"deleted"}}}
{"t":{"$date":"2025-04-03T14:42:07.222+00:00"},"s":"I",  "c":"INDEX",    "id":20345,   "ctx":"conn8","msg":"Index build: done building","attr":{"buildUUID":null,"namespace":"appsmith.newAction","index":"deleted","commitTimestamp":{"$timestamp":{"t":1743691327,"i":7}}}}
{"t":{"$date":"2025-04-03T14:42:07.223+00:00"},"s":"I",  "c":"INDEX",    "id":20440,   "ctx":"conn8","msg":"Index build: waiting for index build to complete","attr":{"buildUUID":{"uuid":{"$uuid":"27ba6c79-7db2-4f07-86a4-b23abdfc81a1"}},"deadline":{"$date":{"$numberLong":"9223372036854775807"}}}}
{"t":{"$date":"2025-04-03T14:42:07.224+00:00"},"s":"I",  "c":"INDEX",    "id":20447,   "ctx":"conn8","msg":"Index build: completed","attr":{"buildUUID":{"uuid":{"$uuid":"27ba6c79-7db2-4f07-86a4-b23abdfc81a1"}}}}
{"t":{"$date":"2025-04-03T14:42:07.284+00:00"},"s":"I",  "c":"COMMAND",  "id":518070,  "ctx":"conn8","msg":"CMD: drop","attr":{"namespace":"appsmith.userData"}}
{"t":{"$date":"2025-04-03T14:42:07.685+00:00"},"s":"I",  "c":"COMMAND",  "id":51806,   "ctx":"conn8","msg":"CMD: dropIndexes","attr":{"namespace":"appsmith.plugin","uuid":{"uuid":{"$uuid":"b35388f1-2171-4eb3-a3c6-0fd59b198832"}},"indexes":"packageName"}}
{"t":{"$date":"2025-04-03T14:42:07.687+00:00"},"s":"I",  "c":"STORAGE",  "id":22206,   "ctx":"conn8","msg":"Deferring table drop for index","attr":{"index":"packageName","namespace":"appsmith.plugin","uuid":{"uuid":{"$uuid":"b35388f1-2171-4eb3-a3c6-0fd59b198832"}},"ident":"index-41-1440771236522914707","dropTime":{"":{"$timestamp":{"t":1743691327,"i":50}}}}}
{"t":{"$date":"2025-04-03T14:42:07.694+00:00"},"s":"I",  "c":"INDEX",    "id":20438,   "ctx":"conn8","msg":"Index build: registering","attr":{"buildUUID":{"uuid":{"$uuid":"90771200-f37a-412b-8b04-082c03d7653f"}},"namespace":"appsmith.plugin","collectionUUID":{"uuid":{"$uuid":"b35388f1-2171-4eb3-a3c6-0fd59b198832"}},"indexes":1,"firstIndex":{"name":"plugin_name_package_name_version_index"}}}
{"t":{"$date":"2025-04-03T14:42:07.727+00:00"},"s":"I",  "c":"INDEX",    "id":20384,   "ctx":"IndexBuildsCoordinatorMongod-0","msg":"Index build: starting","attr":{"buildUUID":{"uuid":{"$uuid":"90771200-f37a-412b-8b04-082c03d7653f"}},"collectionUUID":{"uuid":{"$uuid":"b35388f1-2171-4eb3-a3c6-0fd59b198832"}},"namespace":"appsmith.plugin","properties":{"v":2,"unique":true,"key":{"pluginName":1,"packageName":1,"version":1},"name":"plugin_name_package_name_version_index"},"method":"Hybrid","maxTemporaryMemoryUsageMB":200}}
{"t":{"$date":"2025-04-03T14:42:07.727+00:00"},"s":"I",  "c":"INDEX",    "id":20346,   "ctx":"IndexBuildsCoordinatorMongod-0","msg":"Index build: initialized","attr":{"buildUUID":{"uuid":{"$uuid":"90771200-f37a-412b-8b04-082c03d7653f"}},"collectionUUID":{"uuid":{"$uuid":"b35388f1-2171-4eb3-a3c6-0fd59b198832"}},"namespace":"appsmith.plugin","initializationTimestamp":{"$timestamp":{"t":1743691327,"i":52}}}}
{"t":{"$date":"2025-04-03T14:42:07.728+00:00"},"s":"I",  "c":"STORAGE",  "id":4847600, "ctx":"IndexBuildsCoordinatorMongod-0","msg":"Index build: waiting for last optime before interceptors to be majority committed","attr":{"buildUUID":{"uuid":{"$uuid":"90771200-f37a-412b-8b04-082c03d7653f"}},"collectionUUID":{"uuid":{"$uuid":"b35388f1-2171-4eb3-a3c6-0fd59b198832"}},"deadline":{"$date":"2025-04-03T14:42:17.727Z"},"timeoutMillis":10000,"lastOpTime":{"ts":{"$timestamp":{"t":1743691327,"i":52}},"t":2}}}
{"t":{"$date":"2025-04-03T14:42:07.728+00:00"},"s":"I",  "c":"INDEX",    "id":20440,   "ctx":"conn8","msg":"Index build: waiting for index build to complete","attr":{"buildUUID":{"uuid":{"$uuid":"90771200-f37a-412b-8b04-082c03d7653f"}},"deadline":{"$date":{"$numberLong":"9223372036854775807"}}}}
{"t":{"$date":"2025-04-03T14:42:07.792+00:00"},"s":"I",  "c":"INDEX",    "id":20391,   "ctx":"IndexBuildsCoordinatorMongod-0","msg":"Index build: collection scan done","attr":{"buildUUID":{"uuid":{"$uuid":"90771200-f37a-412b-8b04-082c03d7653f"}},"collectionUUID":{"uuid":{"$uuid":"b35388f1-2171-4eb3-a3c6-0fd59b198832"}},"namespace":"appsmith.plugin","totalRecords":15,"readSource":"kMajorityCommitted","durationMillis":0}}
{"t":{"$date":"2025-04-03T14:42:07.799+00:00"},"s":"I",  "c":"INDEX",    "id":20685,   "ctx":"IndexBuildsCoordinatorMongod-0","msg":"Index build: inserted keys from external sorter into index","attr":{"namespace":"appsmith.plugin","index":"plugin_name_package_name_version_index","keysInserted":15,"durationMillis":0}}
{"t":{"$date":"2025-04-03T14:42:07.808+00:00"},"s":"I",  "c":"STORAGE",  "id":3856201, "ctx":"conn20","msg":"Index build: commit quorum satisfied","attr":{"indexBuildEntry":{"_id":{"$uuid":"90771200-f37a-412b-8b04-082c03d7653f"},"collectionUUID":{"$uuid":"b35388f1-2171-4eb3-a3c6-0fd59b198832"},"commitQuorum":"votingMembers","indexNames":["plugin_name_package_name_version_index"],"commitReadyMembers":["localhost:27017"]}}}
{"t":{"$date":"2025-04-03T14:42:07.809+00:00"},"s":"I",  "c":"CONNPOOL", "id":22566,   "ctx":"ReplNetwork","msg":"Ending connection due to bad connection status","attr":{"hostAndPort":"localhost:27017","error":"CallbackCanceled: Callback was canceled","numOpenConns":0}}
{"t":{"$date":"2025-04-03T14:42:07.810+00:00"},"s":"I",  "c":"STORAGE",  "id":3856203, "ctx":"IndexBuildsCoordinatorMongod-0","msg":"Index build: waiting for next action before completing final phase","attr":{"buildUUID":{"uuid":{"$uuid":"90771200-f37a-412b-8b04-082c03d7653f"}}}}
{"t":{"$date":"2025-04-03T14:42:07.811+00:00"},"s":"I",  "c":"STORAGE",  "id":3856204, "ctx":"IndexBuildsCoordinatorMongod-0","msg":"Index build: received signal","attr":{"buildUUID":{"uuid":{"$uuid":"90771200-f37a-412b-8b04-082c03d7653f"}},"action":"Commit quorum Satisfied"}}
{"t":{"$date":"2025-04-03T14:42:07.811+00:00"},"s":"I",  "c":"NETWORK",  "id":22944,   "ctx":"conn20","msg":"Connection ended","attr":{"remote":"127.0.0.1:56424","uuid":"da6840af-d3bc-439e-8a55-056e90cbdc64","connectionId":20,"connectionCount":6}}
{"t":{"$date":"2025-04-03T14:42:07.811+00:00"},"s":"I",  "c":"CONNPOOL", "id":22576,   "ctx":"ReplNetwork","msg":"Connecting","attr":{"hostAndPort":"localhost:27017"}}
{"t":{"$date":"2025-04-03T14:42:07.813+00:00"},"s":"I",  "c":"INDEX",    "id":20345,   "ctx":"IndexBuildsCoordinatorMongod-0","msg":"Index build: done building","attr":{"buildUUID":{"uuid":{"$uuid":"90771200-f37a-412b-8b04-082c03d7653f"}},"namespace":"appsmith.plugin","index":"plugin_name_package_name_version_index","commitTimestamp":{"$timestamp":{"t":1743691327,"i":54}}}}
{"t":{"$date":"2025-04-03T14:42:07.814+00:00"},"s":"I",  "c":"NETWORK",  "id":22943,   "ctx":"listener","msg":"Connection accepted","attr":{"remote":"127.0.0.1:56428","uuid":"75478fd3-a861-4d51-b54c-bab47462f8bf","connectionId":22,"connectionCount":7}}
{"t":{"$date":"2025-04-03T14:42:07.815+00:00"},"s":"I",  "c":"NETWORK",  "id":51800,   "ctx":"conn22","msg":"client metadata","attr":{"remote":"127.0.0.1:56428","client":"conn22","negotiatedCompressors":["snappy","zstd","zlib"],"doc":{"driver":{"name":"NetworkInterfaceTL","version":"5.0.30"},"os":{"type":"Linux","name":"Ubuntu","architecture":"aarch64","version":"20.04"}}}}
{"t":{"$date":"2025-04-03T14:42:07.816+00:00"},"s":"I",  "c":"ACCESS",   "id":20250,   "ctx":"conn22","msg":"Authentication succeeded","attr":{"mechanism":"SCRAM-SHA-256","speculative":true,"principalName":"__system","authenticationDatabase":"local","remote":"127.0.0.1:56428","extraInfo":{}}}
{"t":{"$date":"2025-04-03T14:42:07.821+00:00"},"s":"I",  "c":"STORAGE",  "id":20663,   "ctx":"IndexBuildsCoordinatorMongod-0","msg":"Index build: completed successfully","attr":{"buildUUID":{"uuid":{"$uuid":"90771200-f37a-412b-8b04-082c03d7653f"}},"collectionUUID":{"uuid":{"$uuid":"b35388f1-2171-4eb3-a3c6-0fd59b198832"}},"namespace":"appsmith.plugin","indexesBuilt":["plugin_name_package_name_version_index"],"numIndexesBefore":3,"numIndexesAfter":4}}
{"t":{"$date":"2025-04-03T14:42:07.823+00:00"},"s":"I",  "c":"INDEX",    "id":20447,   "ctx":"conn8","msg":"Index build: completed","attr":{"buildUUID":{"uuid":{"$uuid":"90771200-f37a-412b-8b04-082c03d7653f"}}}}
{"t":{"$date":"2025-04-03T14:42:07.826+00:00"},"s":"I",  "c":"COMMAND",  "id":51803,   "ctx":"conn8","msg":"Slow query","attr":{"type":"command","ns":"appsmith.plugin","command":{"createIndexes":"plugin","indexes":[{"key":{"pluginName":1,"packageName":1,"version":1},"name":"plugin_name_package_name_version_index","unique":true}],"$db":"appsmith","$clusterTime":{"clusterTime":{"$timestamp":{"t":1743691327,"i":50}},"signature":{"hash":{"$binary":{"base64":"XVp2ZsCKaMrJcZJPmbhBoW3ex/0=","subType":"0"}},"keyId":7489097039100248068}},"lsid":{"id":{"$uuid":"771e3d24-42b1-43a0-b7d2-986f620a0403"}},"$readPreference":{"mode":"primaryPreferred"}},"numYields":0,"reslen":271,"locks":{"ParallelBatchWriterMode":{"acquireCount":{"r":3}},"FeatureCompatibilityVersion":{"acquireCount":{"r":4,"w":2}},"ReplicationStateTransition":{"acquireCount":{"w":6}},"Global":{"acquireCount":{"r":4,"w":2}},"Database":{"acquireCount":{"r":2,"w":1}},"Collection":{"acquireCount":{"r":2,"W":1}},"Mutex":{"acquireCount":{"r":3}}},"flowControl":{"acquireCount":2,"timeAcquiringMicros":2},"readConcern":{"level":"local","provenance":"implicitDefault"},"writeConcern":{"w":"majority","wtimeout":0,"provenance":"implicitDefault"},"waitForWriteConcernDurationMillis":1,"storage":{},"remote":"127.0.0.1:56412","protocol":"op_msg","durationMillis":131}}
{"t":{"$date":"2025-04-03T14:42:07.877+00:00"},"s":"I",  "c":"INDEX",    "id":20438,   "ctx":"conn8","msg":"Index build: registering","attr":{"buildUUID":{"uuid":{"$uuid":"e039f267-6000-4941-9643-063e7390dc7a"}},"namespace":"appsmith.newAction","collectionUUID":{"uuid":{"$uuid":"35b7486b-3178-4776-859d-fea7c06f8d5b"}},"indexes":1,"firstIndex":{"name":"defaultActionId_branchName_deleted_compound_index"}}}
{"t":{"$date":"2025-04-03T14:42:07.886+00:00"},"s":"I",  "c":"INDEX",    "id":20345,   "ctx":"conn8","msg":"Index build: done building","attr":{"buildUUID":null,"namespace":"appsmith.newAction","index":"defaultActionId_branchName_deleted_compound_index","commitTimestamp":{"$timestamp":{"t":1743691327,"i":60}}}}
{"t":{"$date":"2025-04-03T14:42:07.886+00:00"},"s":"I",  "c":"INDEX",    "id":20440,   "ctx":"conn8","msg":"Index build: waiting for index build to complete","attr":{"buildUUID":{"uuid":{"$uuid":"e039f267-6000-4941-9643-063e7390dc7a"}},"deadline":{"$date":{"$numberLong":"9223372036854775807"}}}}
{"t":{"$date":"2025-04-03T14:42:07.887+00:00"},"s":"I",  "c":"INDEX",    "id":20447,   "ctx":"conn8","msg":"Index build: completed","attr":{"buildUUID":{"uuid":{"$uuid":"e039f267-6000-4941-9643-063e7390dc7a"}}}}
{"t":{"$date":"2025-04-03T14:42:07.892+00:00"},"s":"I",  "c":"STORAGE",  "id":20320,   "ctx":"conn8","msg":"createCollection","attr":{"namespace":"appsmith.actionCollection","uuidDisposition":"generated","uuid":{"uuid":{"$uuid":"6ac310a6-02e4-4cc0-b2fd-85c58d15b0b4"}},"options":{}}}
{"t":{"$date":"2025-04-03T14:42:07.922+00:00"},"s":"I",  "c":"INDEX",    "id":20345,   "ctx":"conn8","msg":"Index build: done building","attr":{"buildUUID":null,"namespace":"appsmith.actionCollection","index":"_id_","commitTimestamp":{"$timestamp":{"t":1743691327,"i":62}}}}
{"t":{"$date":"2025-04-03T14:42:07.923+00:00"},"s":"I",  "c":"INDEX",    "id":20345,   "ctx":"conn8","msg":"Index build: done building","attr":{"buildUUID":null,"namespace":"appsmith.actionCollection","index":"defaultCollectionId_branchName_deleted","commitTimestamp":{"$timestamp":{"t":1743691327,"i":62}}}}
{"t":{"$date":"2025-04-03T14:42:07.927+00:00"},"s":"I",  "c":"INDEX",    "id":20438,   "ctx":"conn8","msg":"Index build: registering","attr":{"buildUUID":{"uuid":{"$uuid":"8b23a0d8-0259-4fdb-ba7a-ff20102e5eda"}},"namespace":"appsmith.newPage","collectionUUID":{"uuid":{"$uuid":"303e4b3c-eb81-4cad-85a5-98d841e218d3"}},"indexes":1,"firstIndex":{"name":"defaultPageId_branchName_deleted_compound_index"}}}
{"t":{"$date":"2025-04-03T14:42:07.936+00:00"},"s":"I",  "c":"INDEX",    "id":20345,   "ctx":"conn8","msg":"Index build: done building","attr":{"buildUUID":null,"namespace":"appsmith.newPage","index":"defaultPageId_branchName_deleted_compound_index","commitTimestamp":{"$timestamp":{"t":1743691327,"i":63}}}}
{"t":{"$date":"2025-04-03T14:42:07.937+00:00"},"s":"I",  "c":"INDEX",    "id":20440,   "ctx":"conn8","msg":"Index build: waiting for index build to complete","attr":{"buildUUID":{"uuid":{"$uuid":"8b23a0d8-0259-4fdb-ba7a-ff20102e5eda"}},"deadline":{"$date":{"$numberLong":"9223372036854775807"}}}}
{"t":{"$date":"2025-04-03T14:42:07.937+00:00"},"s":"I",  "c":"INDEX",    "id":20447,   "ctx":"conn8","msg":"Index build: completed","attr":{"buildUUID":{"uuid":{"$uuid":"8b23a0d8-0259-4fdb-ba7a-ff20102e5eda"}}}}
{"t":{"$date":"2025-04-03T14:42:07.942+00:00"},"s":"I",  "c":"INDEX",    "id":20438,   "ctx":"conn8","msg":"Index build: registering","attr":{"buildUUID":{"uuid":{"$uuid":"62f502b2-a9bd-458b-a300-912f6d979e21"}},"namespace":"appsmith.application","collectionUUID":{"uuid":{"$uuid":"bf0c6d4f-d70e-4643-bed9-45c2728c1e91"}},"indexes":1,"firstIndex":{"name":"defaultApplicationId_branchName_deleted"}}}
{"t":{"$date":"2025-04-03T14:42:07.953+00:00"},"s":"I",  "c":"INDEX",    "id":20345,   "ctx":"conn8","msg":"Index build: done building","attr":{"buildUUID":null,"namespace":"appsmith.application","index":"defaultApplicationId_branchName_deleted","commitTimestamp":{"$timestamp":{"t":1743691327,"i":64}}}}
{"t":{"$date":"2025-04-03T14:42:07.953+00:00"},"s":"I",  "c":"INDEX",    "id":20440,   "ctx":"conn8","msg":"Index build: waiting for index build to complete","attr":{"buildUUID":{"uuid":{"$uuid":"62f502b2-a9bd-458b-a300-912f6d979e21"}},"deadline":{"$date":{"$numberLong":"9223372036854775807"}}}}
{"t":{"$date":"2025-04-03T14:42:07.954+00:00"},"s":"I",  "c":"INDEX",    "id":20447,   "ctx":"conn8","msg":"Index build: completed","attr":{"buildUUID":{"uuid":{"$uuid":"62f502b2-a9bd-458b-a300-912f6d979e21"}}}}
{"t":{"$date":"2025-04-03T14:42:08.017+00:00"},"s":"I",  "c":"INDEX",    "id":20438,   "ctx":"conn8","msg":"Index build: registering","attr":{"buildUUID":{"uuid":{"$uuid":"022106eb-36a2-4c04-81c6-0785c56a61fb"}},"namespace":"appsmith.actionCollection","collectionUUID":{"uuid":{"$uuid":"6ac310a6-02e4-4cc0-b2fd-85c58d15b0b4"}},"indexes":1,"firstIndex":{"name":"applicationId"}}}
{"t":{"$date":"2025-04-03T14:42:08.027+00:00"},"s":"I",  "c":"INDEX",    "id":20345,   "ctx":"conn8","msg":"Index build: done building","attr":{"buildUUID":null,"namespace":"appsmith.actionCollection","index":"applicationId","commitTimestamp":{"$timestamp":{"t":1743691328,"i":5}}}}
{"t":{"$date":"2025-04-03T14:42:08.028+00:00"},"s":"I",  "c":"INDEX",    "id":20440,   "ctx":"conn8","msg":"Index build: waiting for index build to complete","attr":{"buildUUID":{"uuid":{"$uuid":"022106eb-36a2-4c04-81c6-0785c56a61fb"}},"deadline":{"$date":{"$numberLong":"9223372036854775807"}}}}
{"t":{"$date":"2025-04-03T14:42:08.029+00:00"},"s":"I",  "c":"INDEX",    "id":20447,   "ctx":"conn8","msg":"Index build: completed","attr":{"buildUUID":{"uuid":{"$uuid":"022106eb-36a2-4c04-81c6-0785c56a61fb"}}}}
{"t":{"$date":"2025-04-03T14:42:08.033+00:00"},"s":"I",  "c":"STORAGE",  "id":20320,   "ctx":"conn8","msg":"createCollection","attr":{"namespace":"appsmith.userData","uuidDisposition":"generated","uuid":{"uuid":{"$uuid":"840fb2ab-bba4-450d-b3b2-99222cbf9982"}},"options":{}}}
{"t":{"$date":"2025-04-03T14:42:08.059+00:00"},"s":"I",  "c":"INDEX",    "id":20345,   "ctx":"conn8","msg":"Index build: done building","attr":{"buildUUID":null,"namespace":"appsmith.userData","index":"_id_","commitTimestamp":{"$timestamp":{"t":1743691328,"i":7}}}}
{"t":{"$date":"2025-04-03T14:42:08.059+00:00"},"s":"I",  "c":"INDEX",    "id":20345,   "ctx":"conn8","msg":"Index build: done building","attr":{"buildUUID":null,"namespace":"appsmith.userData","index":"userId","commitTimestamp":{"$timestamp":{"t":1743691328,"i":7}}}}
{"t":{"$date":"2025-04-03T14:42:08.076+00:00"},"s":"I",  "c":"INDEX",    "id":20438,   "ctx":"conn8","msg":"Index build: registering","attr":{"buildUUID":{"uuid":{"$uuid":"c1a02bfe-7933-4526-bb87-84ed2181cf66"}},"namespace":"appsmith.newAction","collectionUUID":{"uuid":{"$uuid":"35b7486b-3178-4776-859d-fea7c06f8d5b"}},"indexes":1,"firstIndex":{"name":"unpublishedActionPageId_deleted_compound_index"}}}
{"t":{"$date":"2025-04-03T14:42:08.089+00:00"},"s":"I",  "c":"INDEX",    "id":20345,   "ctx":"conn8","msg":"Index build: done building","attr":{"buildUUID":null,"namespace":"appsmith.newAction","index":"unpublishedActionPageId_deleted_compound_index","commitTimestamp":{"$timestamp":{"t":1743691328,"i":9}}}}
{"t":{"$date":"2025-04-03T14:42:08.089+00:00"},"s":"I",  "c":"INDEX",    "id":20440,   "ctx":"conn8","msg":"Index build: waiting for index build to complete","attr":{"buildUUID":{"uuid":{"$uuid":"c1a02bfe-7933-4526-bb87-84ed2181cf66"}},"deadline":{"$date":{"$numberLong":"9223372036854775807"}}}}
{"t":{"$date":"2025-04-03T14:42:08.090+00:00"},"s":"I",  "c":"INDEX",    "id":20447,   "ctx":"conn8","msg":"Index build: completed","attr":{"buildUUID":{"uuid":{"$uuid":"c1a02bfe-7933-4526-bb87-84ed2181cf66"}}}}
{"t":{"$date":"2025-04-03T14:42:08.095+00:00"},"s":"I",  "c":"INDEX",    "id":20438,   "ctx":"conn8","msg":"Index build: registering","attr":{"buildUUID":{"uuid":{"$uuid":"28739a1c-9b2f-4d9d-90a5-8c70b989735e"}},"namespace":"appsmith.newAction","collectionUUID":{"uuid":{"$uuid":"35b7486b-3178-4776-859d-fea7c06f8d5b"}},"indexes":1,"firstIndex":{"name":"publishedActionPageId_deleted_compound_index"}}}
{"t":{"$date":"2025-04-03T14:42:08.104+00:00"},"s":"I",  "c":"INDEX",    "id":20345,   "ctx":"conn8","msg":"Index build: done building","attr":{"buildUUID":null,"namespace":"appsmith.newAction","index":"publishedActionPageId_deleted_compound_index","commitTimestamp":{"$timestamp":{"t":1743691328,"i":10}}}}
{"t":{"$date":"2025-04-03T14:42:08.105+00:00"},"s":"I",  "c":"INDEX",    "id":20440,   "ctx":"conn8","msg":"Index build: waiting for index build to complete","attr":{"buildUUID":{"uuid":{"$uuid":"28739a1c-9b2f-4d9d-90a5-8c70b989735e"}},"deadline":{"$date":{"$numberLong":"9223372036854775807"}}}}
{"t":{"$date":"2025-04-03T14:42:08.106+00:00"},"s":"I",  "c":"INDEX",    "id":20447,   "ctx":"conn8","msg":"Index build: completed","attr":{"buildUUID":{"uuid":{"$uuid":"28739a1c-9b2f-4d9d-90a5-8c70b989735e"}}}}
{"t":{"$date":"2025-04-03T14:42:08.110+00:00"},"s":"I",  "c":"INDEX",    "id":20438,   "ctx":"conn8","msg":"Index build: registering","attr":{"buildUUID":{"uuid":{"$uuid":"545cc1a3-6773-4c0f-b829-7d4bd098fb02"}},"namespace":"appsmith.actionCollection","collectionUUID":{"uuid":{"$uuid":"6ac310a6-02e4-4cc0-b2fd-85c58d15b0b4"}},"indexes":1,"firstIndex":{"name":"unpublishedCollectionPageId_deleted"}}}
{"t":{"$date":"2025-04-03T14:42:08.120+00:00"},"s":"I",  "c":"INDEX",    "id":20345,   "ctx":"conn8","msg":"Index build: done building","attr":{"buildUUID":null,"namespace":"appsmith.actionCollection","index":"unpublishedCollectionPageId_deleted","commitTimestamp":{"$timestamp":{"t":1743691328,"i":11}}}}
{"t":{"$date":"2025-04-03T14:42:08.121+00:00"},"s":"I",  "c":"INDEX",    "id":20440,   "ctx":"conn8","msg":"Index build: waiting for index build to complete","attr":{"buildUUID":{"uuid":{"$uuid":"545cc1a3-6773-4c0f-b829-7d4bd098fb02"}},"deadline":{"$date":{"$numberLong":"9223372036854775807"}}}}
{"t":{"$date":"2025-04-03T14:42:08.121+00:00"},"s":"I",  "c":"INDEX",    "id":20447,   "ctx":"conn8","msg":"Index build: completed","attr":{"buildUUID":{"uuid":{"$uuid":"545cc1a3-6773-4c0f-b829-7d4bd098fb02"}}}}
{"t":{"$date":"2025-04-03T14:42:08.126+00:00"},"s":"I",  "c":"INDEX",    "id":20438,   "ctx":"conn8","msg":"Index build: registering","attr":{"buildUUID":{"uuid":{"$uuid":"ffe4d76a-d84a-4ea3-afcd-37ce09303c2b"}},"namespace":"appsmith.actionCollection","collectionUUID":{"uuid":{"$uuid":"6ac310a6-02e4-4cc0-b2fd-85c58d15b0b4"}},"indexes":1,"firstIndex":{"name":"publishedCollectionPageId_deleted"}}}
{"t":{"$date":"2025-04-03T14:42:08.143+00:00"},"s":"I",  "c":"INDEX",    "id":20345,   "ctx":"conn8","msg":"Index build: done building","attr":{"buildUUID":null,"namespace":"appsmith.actionCollection","index":"publishedCollectionPageId_deleted","commitTimestamp":{"$timestamp":{"t":1743691328,"i":12}}}}
{"t":{"$date":"2025-04-03T14:42:08.145+00:00"},"s":"I",  "c":"INDEX",    "id":20440,   "ctx":"conn8","msg":"Index build: waiting for index build to complete","attr":{"buildUUID":{"uuid":{"$uuid":"ffe4d76a-d84a-4ea3-afcd-37ce09303c2b"}},"deadline":{"$date":{"$numberLong":"9223372036854775807"}}}}
{"t":{"$date":"2025-04-03T14:42:08.146+00:00"},"s":"I",  "c":"INDEX",    "id":20447,   "ctx":"conn8","msg":"Index build: completed","attr":{"buildUUID":{"uuid":{"$uuid":"ffe4d76a-d84a-4ea3-afcd-37ce09303c2b"}}}}
{"t":{"$date":"2025-04-03T14:42:08.166+00:00"},"s":"I",  "c":"TXN",      "id":51802,   "ctx":"conn7","msg":"transaction","attr":{"parameters":{"lsid":{"id":{"$uuid":"5d314cc3-2b16-4657-a244-6173a7c56298"},"uid":{"$binary":{"base64":"36OVKiS44JdD6Kg1iV5QeE27b7ll1XrRr0J40V91lX4=","subType":"0"}}},"txnNumber":2,"autocommit":false,"readConcern":{"level":"local","provenance":"clientSupplied"}},"readTimestamp":"Timestamp(0, 0)","terminationCause":"committed","timeActiveMicros":18187,"timeInactiveMicros":2582178,"numYields":0,"locks":{"FeatureCompatibilityVersion":{"acquireCount":{"w":1}},"ReplicationStateTransition":{"acquireCount":{"w":3}},"Global":{"acquireCount":{"w":1}},"Database":{"acquireCount":{"w":2}},"Collection":{"acquireCount":{"w":2}},"Mutex":{"acquireCount":{"r":44}}},"storage":{},"wasPrepared":false,"durationMillis":2600}}
{"t":{"$date":"2025-04-03T14:42:08.282+00:00"},"s":"I",  "c":"INDEX",    "id":20438,   "ctx":"conn8","msg":"Index build: registering","attr":{"buildUUID":{"uuid":{"$uuid":"5e36652a-4291-4e2f-a671-61c6cb0d5451"}},"namespace":"appsmith.actionCollection","collectionUUID":{"uuid":{"$uuid":"6ac310a6-02e4-4cc0-b2fd-85c58d15b0b4"}},"indexes":1,"firstIndex":{"name":"defaultApplicationId_gitSyncId_deleted"}}}
{"t":{"$date":"2025-04-03T14:42:08.292+00:00"},"s":"I",  "c":"INDEX",    "id":20345,   "ctx":"conn8","msg":"Index build: done building","attr":{"buildUUID":null,"namespace":"appsmith.actionCollection","index":"defaultApplicationId_gitSyncId_deleted","commitTimestamp":{"$timestamp":{"t":1743691328,"i":59}}}}
{"t":{"$date":"2025-04-03T14:42:08.293+00:00"},"s":"I",  "c":"INDEX",    "id":20440,   "ctx":"conn8","msg":"Index build: waiting for index build to complete","attr":{"buildUUID":{"uuid":{"$uuid":"5e36652a-4291-4e2f-a671-61c6cb0d5451"}},"deadline":{"$date":{"$numberLong":"9223372036854775807"}}}}
{"t":{"$date":"2025-04-03T14:42:08.293+00:00"},"s":"I",  "c":"INDEX",    "id":20447,   "ctx":"conn8","msg":"Index build: completed","attr":{"buildUUID":{"uuid":{"$uuid":"5e36652a-4291-4e2f-a671-61c6cb0d5451"}}}}
{"t":{"$date":"2025-04-03T14:42:08.298+00:00"},"s":"I",  "c":"INDEX",    "id":20438,   "ctx":"conn8","msg":"Index build: registering","attr":{"buildUUID":{"uuid":{"$uuid":"f0b54fd3-6e72-4029-ac45-8d1a9206f702"}},"namespace":"appsmith.newAction","collectionUUID":{"uuid":{"$uuid":"35b7486b-3178-4776-859d-fea7c06f8d5b"}},"indexes":1,"firstIndex":{"name":"defaultApplicationId_gitSyncId_deleted"}}}
{"t":{"$date":"2025-04-03T14:42:08.308+00:00"},"s":"I",  "c":"INDEX",    "id":20345,   "ctx":"conn8","msg":"Index build: done building","attr":{"buildUUID":null,"namespace":"appsmith.newAction","index":"defaultApplicationId_gitSyncId_deleted","commitTimestamp":{"$timestamp":{"t":1743691328,"i":60}}}}
{"t":{"$date":"2025-04-03T14:42:08.309+00:00"},"s":"I",  "c":"INDEX",    "id":20440,   "ctx":"conn8","msg":"Index build: waiting for index build to complete","attr":{"buildUUID":{"uuid":{"$uuid":"f0b54fd3-6e72-4029-ac45-8d1a9206f702"}},"deadline":{"$date":{"$numberLong":"9223372036854775807"}}}}
{"t":{"$date":"2025-04-03T14:42:08.310+00:00"},"s":"I",  "c":"INDEX",    "id":20447,   "ctx":"conn8","msg":"Index build: completed","attr":{"buildUUID":{"uuid":{"$uuid":"f0b54fd3-6e72-4029-ac45-8d1a9206f702"}}}}
{"t":{"$date":"2025-04-03T14:42:08.313+00:00"},"s":"I",  "c":"INDEX",    "id":20438,   "ctx":"conn8","msg":"Index build: registering","attr":{"buildUUID":{"uuid":{"$uuid":"97237d3c-4c1f-460d-8aeb-b62e72d918bf"}},"namespace":"appsmith.newPage","collectionUUID":{"uuid":{"$uuid":"303e4b3c-eb81-4cad-85a5-98d841e218d3"}},"indexes":1,"firstIndex":{"name":"defaultApplicationId_gitSyncId_deleted"}}}
{"t":{"$date":"2025-04-03T14:42:08.323+00:00"},"s":"I",  "c":"INDEX",    "id":20345,   "ctx":"conn8","msg":"Index build: done building","attr":{"buildUUID":null,"namespace":"appsmith.newPage","index":"defaultApplicationId_gitSyncId_deleted","commitTimestamp":{"$timestamp":{"t":1743691328,"i":61}}}}
{"t":{"$date":"2025-04-03T14:42:08.324+00:00"},"s":"I",  "c":"INDEX",    "id":20440,   "ctx":"conn8","msg":"Index build: waiting for index build to complete","attr":{"buildUUID":{"uuid":{"$uuid":"97237d3c-4c1f-460d-8aeb-b62e72d918bf"}},"deadline":{"$date":{"$numberLong":"9223372036854775807"}}}}
{"t":{"$date":"2025-04-03T14:42:08.324+00:00"},"s":"I",  "c":"INDEX",    "id":20447,   "ctx":"conn8","msg":"Index build: completed","attr":{"buildUUID":{"uuid":{"$uuid":"97237d3c-4c1f-460d-8aeb-b62e72d918bf"}}}}
{"t":{"$date":"2025-04-03T14:42:08.334+00:00"},"s":"I",  "c":"STORAGE",  "id":20320,   "ctx":"conn8","msg":"createCollection","attr":{"namespace":"appsmith.workspace","uuidDisposition":"generated","uuid":{"uuid":{"$uuid":"ae3c5978-f198-4270-b7ba-a1fbf5e1c685"}},"options":{}}}
{"t":{"$date":"2025-04-03T14:42:08.362+00:00"},"s":"I",  "c":"INDEX",    "id":20345,   "ctx":"conn8","msg":"Index build: done building","attr":{"buildUUID":null,"namespace":"appsmith.workspace","index":"_id_","commitTimestamp":{"$timestamp":{"t":1743691328,"i":63}}}}
{"t":{"$date":"2025-04-03T14:42:08.363+00:00"},"s":"I",  "c":"INDEX",    "id":20345,   "ctx":"conn8","msg":"Index build: done building","attr":{"buildUUID":null,"namespace":"appsmith.workspace","index":"createdAt","commitTimestamp":{"$timestamp":{"t":1743691328,"i":63}}}}
{"t":{"$date":"2025-04-03T14:42:08.377+00:00"},"s":"I",  "c":"STORAGE",  "id":20320,   "ctx":"conn8","msg":"createCollection","attr":{"namespace":"appsmith.tenant","uuidDisposition":"generated","uuid":{"uuid":{"$uuid":"85f59ce3-7cb5-405c-b44a-8fef1a940bff"}},"options":{}}}
{"t":{"$date":"2025-04-03T14:42:08.396+00:00"},"s":"I",  "c":"INDEX",    "id":20345,   "ctx":"conn8","msg":"Index build: done building","attr":{"buildUUID":null,"namespace":"appsmith.tenant","index":"_id_","commitTimestamp":{"$timestamp":{"t":1743691328,"i":64}}}}
{"t":{"$date":"2025-04-03T14:42:08.406+00:00"},"s":"I",  "c":"COMMAND",  "id":51806,   "ctx":"conn8","msg":"CMD: dropIndexes","attr":{"namespace":"appsmith.application","uuid":{"uuid":{"$uuid":"bf0c6d4f-d70e-4643-bed9-45c2728c1e91"}},"indexes":"workspace_app_deleted_gitApplicationMetadata"}}
{"t":{"$date":"2025-04-03T14:42:08.410+00:00"},"s":"I",  "c":"COMMAND",  "id":51806,   "ctx":"conn8","msg":"CMD: dropIndexes","attr":{"namespace":"appsmith.datasource","uuid":{"uuid":{"$uuid":"34b669b8-50d4-4033-b478-08d80db46036"}},"indexes":"workspace_datasource_deleted_compound_index"}}
{"t":{"$date":"2025-04-03T14:42:08.413+00:00"},"s":"I",  "c":"INDEX",    "id":20438,   "ctx":"conn8","msg":"Index build: registering","attr":{"buildUUID":{"uuid":{"$uuid":"8735eb71-3f15-4bf3-b2d2-de3a1a8fcecb"}},"namespace":"appsmith.application","collectionUUID":{"uuid":{"$uuid":"bf0c6d4f-d70e-4643-bed9-45c2728c1e91"}},"indexes":1,"firstIndex":{"name":"workspace_app_deleted_gitApplicationMetadata"}}}
{"t":{"$date":"2025-04-03T14:42:08.421+00:00"},"s":"I",  "c":"INDEX",    "id":20345,   "ctx":"conn8","msg":"Index build: done building","attr":{"buildUUID":null,"namespace":"appsmith.application","index":"workspace_app_deleted_gitApplicationMetadata","commitTimestamp":{"$timestamp":{"t":1743691328,"i":66}}}}
{"t":{"$date":"2025-04-03T14:42:08.422+00:00"},"s":"I",  "c":"INDEX",    "id":20440,   "ctx":"conn8","msg":"Index build: waiting for index build to complete","attr":{"buildUUID":{"uuid":{"$uuid":"8735eb71-3f15-4bf3-b2d2-de3a1a8fcecb"}},"deadline":{"$date":{"$numberLong":"9223372036854775807"}}}}
{"t":{"$date":"2025-04-03T14:42:08.422+00:00"},"s":"I",  "c":"INDEX",    "id":20447,   "ctx":"conn8","msg":"Index build: completed","attr":{"buildUUID":{"uuid":{"$uuid":"8735eb71-3f15-4bf3-b2d2-de3a1a8fcecb"}}}}
{"t":{"$date":"2025-04-03T14:42:08.427+00:00"},"s":"I",  "c":"INDEX",    "id":20438,   "ctx":"conn8","msg":"Index build: registering","attr":{"buildUUID":{"uuid":{"$uuid":"b22beb8a-ff44-451a-a580-98ee7e0d9b65"}},"namespace":"appsmith.datasource","collectionUUID":{"uuid":{"$uuid":"34b669b8-50d4-4033-b478-08d80db46036"}},"indexes":1,"firstIndex":{"name":"workspace_datasource_deleted_compound_index"}}}
{"t":{"$date":"2025-04-03T14:42:08.436+00:00"},"s":"I",  "c":"INDEX",    "id":20345,   "ctx":"conn8","msg":"Index build: done building","attr":{"buildUUID":null,"namespace":"appsmith.datasource","index":"workspace_datasource_deleted_compound_index","commitTimestamp":{"$timestamp":{"t":1743691328,"i":67}}}}
{"t":{"$date":"2025-04-03T14:42:08.437+00:00"},"s":"I",  "c":"INDEX",    "id":20440,   "ctx":"conn8","msg":"Index build: waiting for index build to complete","attr":{"buildUUID":{"uuid":{"$uuid":"b22beb8a-ff44-451a-a580-98ee7e0d9b65"}},"deadline":{"$date":{"$numberLong":"9223372036854775807"}}}}
{"t":{"$date":"2025-04-03T14:42:08.438+00:00"},"s":"I",  "c":"INDEX",    "id":20447,   "ctx":"conn8","msg":"Index build: completed","attr":{"buildUUID":{"uuid":{"$uuid":"b22beb8a-ff44-451a-a580-98ee7e0d9b65"}}}}
{"t":{"$date":"2025-04-03T14:42:08.515+00:00"},"s":"I",  "c":"STORAGE",  "id":20320,   "ctx":"conn8","msg":"createCollection","attr":{"namespace":"appsmith.permissionGroup","uuidDisposition":"generated","uuid":{"uuid":{"$uuid":"9cbaabe7-bca7-4f05-857f-589b6a3cb514"}},"options":{}}}
{"t":{"$date":"2025-04-03T14:42:08.536+00:00"},"s":"I",  "c":"INDEX",    "id":20345,   "ctx":"conn8","msg":"Index build: done building","attr":{"buildUUID":null,"namespace":"appsmith.permissionGroup","index":"_id_","commitTimestamp":{"$timestamp":{"t":1743691328,"i":70}}}}
{"t":{"$date":"2025-04-03T14:42:08.585+00:00"},"s":"I",  "c":"STORAGE",  "id":20320,   "ctx":"conn8","msg":"createCollection","attr":{"namespace":"appsmith.theme","uuidDisposition":"generated","uuid":{"uuid":{"$uuid":"4e7f964a-8175-4f72-a651-1607f2e67e6a"}},"options":{}}}
{"t":{"$date":"2025-04-03T14:42:08.662+00:00"},"s":"I",  "c":"INDEX",    "id":20345,   "ctx":"conn8","msg":"Index build: done building","attr":{"buildUUID":null,"namespace":"appsmith.theme","index":"_id_","commitTimestamp":{"$timestamp":{"t":1743691328,"i":77}}}}
{"t":{"$date":"2025-04-03T14:42:08.663+00:00"},"s":"I",  "c":"INDEX",    "id":20345,   "ctx":"conn8","msg":"Index build: done building","attr":{"buildUUID":null,"namespace":"appsmith.theme","index":"system_theme_index","commitTimestamp":{"$timestamp":{"t":1743691328,"i":77}}}}
{"t":{"$date":"2025-04-03T14:42:08.668+00:00"},"s":"I",  "c":"INDEX",    "id":20438,   "ctx":"conn8","msg":"Index build: registering","attr":{"buildUUID":{"uuid":{"$uuid":"1b5044d4-d6f5-4252-880a-85021881595a"}},"namespace":"appsmith.theme","collectionUUID":{"uuid":{"$uuid":"4e7f964a-8175-4f72-a651-1607f2e67e6a"}},"indexes":1,"firstIndex":{"name":"application_id_index"}}}
{"t":{"$date":"2025-04-03T14:42:08.683+00:00"},"s":"I",  "c":"INDEX",    "id":20345,   "ctx":"conn8","msg":"Index build: done building","attr":{"buildUUID":null,"namespace":"appsmith.theme","index":"application_id_index","commitTimestamp":{"$timestamp":{"t":1743691328,"i":78}}}}
{"t":{"$date":"2025-04-03T14:42:08.684+00:00"},"s":"I",  "c":"INDEX",    "id":20440,   "ctx":"conn8","msg":"Index build: waiting for index build to complete","attr":{"buildUUID":{"uuid":{"$uuid":"1b5044d4-d6f5-4252-880a-85021881595a"}},"deadline":{"$date":{"$numberLong":"9223372036854775807"}}}}
{"t":{"$date":"2025-04-03T14:42:08.684+00:00"},"s":"I",  "c":"INDEX",    "id":20447,   "ctx":"conn8","msg":"Index build: completed","attr":{"buildUUID":{"uuid":{"$uuid":"1b5044d4-d6f5-4252-880a-85021881595a"}}}}
{"t":{"$date":"2025-04-03T14:42:08.830+00:00"},"s":"I",  "c":"COMMAND",  "id":51806,   "ctx":"conn8","msg":"CMD: dropIndexes","attr":{"namespace":"appsmith.permissionGroup","uuid":{"uuid":{"$uuid":"9cbaabe7-bca7-4f05-857f-589b6a3cb514"}},"indexes":"permission_group_workspace_deleted_compound_index"}}
{"t":{"$date":"2025-04-03T14:42:08.835+00:00"},"s":"I",  "c":"COMMAND",  "id":51806,   "ctx":"conn8","msg":"CMD: dropIndexes","attr":{"namespace":"appsmith.permissionGroup","uuid":{"uuid":{"$uuid":"9cbaabe7-bca7-4f05-857f-589b6a3cb514"}},"indexes":"permission_group_assignedUserIds_deleted_compound_index"}}
{"t":{"$date":"2025-04-03T14:42:08.843+00:00"},"s":"I",  "c":"COMMAND",  "id":51806,   "ctx":"conn8","msg":"CMD: dropIndexes","attr":{"namespace":"appsmith.permissionGroup","uuid":{"uuid":{"$uuid":"9cbaabe7-bca7-4f05-857f-589b6a3cb514"}},"indexes":"permission_group_assignedUserIds_deleted"}}
{"t":{"$date":"2025-04-03T14:42:08.851+00:00"},"s":"I",  "c":"INDEX",    "id":20438,   "ctx":"conn8","msg":"Index build: registering","attr":{"buildUUID":{"uuid":{"$uuid":"f6260789-3fd2-4d6a-b4e2-de6151a20951"}},"namespace":"appsmith.permissionGroup","collectionUUID":{"uuid":{"$uuid":"9cbaabe7-bca7-4f05-857f-589b6a3cb514"}},"indexes":1,"firstIndex":{"name":"permission_group_assignedUserIds_deleted"}}}
{"t":{"$date":"2025-04-03T14:42:08.880+00:00"},"s":"I",  "c":"INDEX",    "id":20384,   "ctx":"IndexBuildsCoordinatorMongod-0","msg":"Index build: starting","attr":{"buildUUID":{"uuid":{"$uuid":"f6260789-3fd2-4d6a-b4e2-de6151a20951"}},"collectionUUID":{"uuid":{"$uuid":"9cbaabe7-bca7-4f05-857f-589b6a3cb514"}},"namespace":"appsmith.permissionGroup","properties":{"v":2,"key":{"assignedToUserIds":1,"deleted":1},"name":"permission_group_assignedUserIds_deleted"},"method":"Hybrid","maxTemporaryMemoryUsageMB":200}}
{"t":{"$date":"2025-04-03T14:42:08.880+00:00"},"s":"I",  "c":"INDEX",    "id":20346,   "ctx":"IndexBuildsCoordinatorMongod-0","msg":"Index build: initialized","attr":{"buildUUID":{"uuid":{"$uuid":"f6260789-3fd2-4d6a-b4e2-de6151a20951"}},"collectionUUID":{"uuid":{"$uuid":"9cbaabe7-bca7-4f05-857f-589b6a3cb514"}},"namespace":"appsmith.permissionGroup","initializationTimestamp":{"$timestamp":{"t":1743691328,"i":90}}}}
{"t":{"$date":"2025-04-03T14:42:08.881+00:00"},"s":"I",  "c":"STORAGE",  "id":4847600, "ctx":"IndexBuildsCoordinatorMongod-0","msg":"Index build: waiting for last optime before interceptors to be majority committed","attr":{"buildUUID":{"uuid":{"$uuid":"f6260789-3fd2-4d6a-b4e2-de6151a20951"}},"collectionUUID":{"uuid":{"$uuid":"9cbaabe7-bca7-4f05-857f-589b6a3cb514"}},"deadline":{"$date":"2025-04-03T14:42:18.880Z"},"timeoutMillis":10000,"lastOpTime":{"ts":{"$timestamp":{"t":1743691328,"i":90}},"t":2}}}
{"t":{"$date":"2025-04-03T14:42:08.881+00:00"},"s":"I",  "c":"INDEX",    "id":20440,   "ctx":"conn8","msg":"Index build: waiting for index build to complete","attr":{"buildUUID":{"uuid":{"$uuid":"f6260789-3fd2-4d6a-b4e2-de6151a20951"}},"deadline":{"$date":{"$numberLong":"9223372036854775807"}}}}
{"t":{"$date":"2025-04-03T14:42:08.949+00:00"},"s":"I",  "c":"INDEX",    "id":20391,   "ctx":"IndexBuildsCoordinatorMongod-0","msg":"Index build: collection scan done","attr":{"buildUUID":{"uuid":{"$uuid":"f6260789-3fd2-4d6a-b4e2-de6151a20951"}},"collectionUUID":{"uuid":{"$uuid":"9cbaabe7-bca7-4f05-857f-589b6a3cb514"}},"namespace":"appsmith.permissionGroup","totalRecords":2,"readSource":"kMajorityCommitted","durationMillis":0}}
{"t":{"$date":"2025-04-03T14:42:08.956+00:00"},"s":"I",  "c":"INDEX",    "id":20685,   "ctx":"IndexBuildsCoordinatorMongod-0","msg":"Index build: inserted keys from external sorter into index","attr":{"namespace":"appsmith.permissionGroup","index":"permission_group_assignedUserIds_deleted","keysInserted":2,"durationMillis":0}}
{"t":{"$date":"2025-04-03T14:42:08.964+00:00"},"s":"I",  "c":"STORAGE",  "id":3856201, "ctx":"conn22","msg":"Index build: commit quorum satisfied","attr":{"indexBuildEntry":{"_id":{"$uuid":"f6260789-3fd2-4d6a-b4e2-de6151a20951"},"collectionUUID":{"$uuid":"9cbaabe7-bca7-4f05-857f-589b6a3cb514"},"commitQuorum":"votingMembers","indexNames":["permission_group_assignedUserIds_deleted"],"commitReadyMembers":["localhost:27017"]}}}
{"t":{"$date":"2025-04-03T14:42:08.965+00:00"},"s":"I",  "c":"CONNPOOL", "id":22566,   "ctx":"ReplNetwork","msg":"Ending connection due to bad connection status","attr":{"hostAndPort":"localhost:27017","error":"CallbackCanceled: Callback was canceled","numOpenConns":0}}
{"t":{"$date":"2025-04-03T14:42:08.966+00:00"},"s":"I",  "c":"CONNPOOL", "id":22576,   "ctx":"ReplNetwork","msg":"Connecting","attr":{"hostAndPort":"localhost:27017"}}
{"t":{"$date":"2025-04-03T14:42:08.965+00:00"},"s":"I",  "c":"STORAGE",  "id":3856203, "ctx":"IndexBuildsCoordinatorMongod-0","msg":"Index build: waiting for next action before completing final phase","attr":{"buildUUID":{"uuid":{"$uuid":"f6260789-3fd2-4d6a-b4e2-de6151a20951"}}}}
{"t":{"$date":"2025-04-03T14:42:08.968+00:00"},"s":"I",  "c":"STORAGE",  "id":3856204, "ctx":"IndexBuildsCoordinatorMongod-0","msg":"Index build: received signal","attr":{"buildUUID":{"uuid":{"$uuid":"f6260789-3fd2-4d6a-b4e2-de6151a20951"}},"action":"Commit quorum Satisfied"}}
{"t":{"$date":"2025-04-03T14:42:08.968+00:00"},"s":"I",  "c":"NETWORK",  "id":22943,   "ctx":"listener","msg":"Connection accepted","attr":{"remote":"127.0.0.1:56432","uuid":"8e7ae423-9cb8-4ccb-bc20-614015043950","connectionId":24,"connectionCount":7}}
{"t":{"$date":"2025-04-03T14:42:08.967+00:00"},"s":"I",  "c":"NETWORK",  "id":22944,   "ctx":"conn22","msg":"Connection ended","attr":{"remote":"127.0.0.1:56428","uuid":"75478fd3-a861-4d51-b54c-bab47462f8bf","connectionId":22,"connectionCount":6}}
{"t":{"$date":"2025-04-03T14:42:08.969+00:00"},"s":"I",  "c":"INDEX",    "id":20345,   "ctx":"IndexBuildsCoordinatorMongod-0","msg":"Index build: done building","attr":{"buildUUID":{"uuid":{"$uuid":"f6260789-3fd2-4d6a-b4e2-de6151a20951"}},"namespace":"appsmith.permissionGroup","index":"permission_group_assignedUserIds_deleted","commitTimestamp":{"$timestamp":{"t":1743691328,"i":92}}}}
{"t":{"$date":"2025-04-03T14:42:08.970+00:00"},"s":"I",  "c":"NETWORK",  "id":51800,   "ctx":"conn24","msg":"client metadata","attr":{"remote":"127.0.0.1:56432","client":"conn24","negotiatedCompressors":["snappy","zstd","zlib"],"doc":{"driver":{"name":"NetworkInterfaceTL","version":"5.0.30"},"os":{"type":"Linux","name":"Ubuntu","architecture":"aarch64","version":"20.04"}}}}
{"t":{"$date":"2025-04-03T14:42:08.973+00:00"},"s":"I",  "c":"ACCESS",   "id":20250,   "ctx":"conn24","msg":"Authentication succeeded","attr":{"mechanism":"SCRAM-SHA-256","speculative":true,"principalName":"__system","authenticationDatabase":"local","remote":"127.0.0.1:56432","extraInfo":{}}}
{"t":{"$date":"2025-04-03T14:42:08.975+00:00"},"s":"I",  "c":"STORAGE",  "id":20663,   "ctx":"IndexBuildsCoordinatorMongod-0","msg":"Index build: completed successfully","attr":{"buildUUID":{"uuid":{"$uuid":"f6260789-3fd2-4d6a-b4e2-de6151a20951"}},"collectionUUID":{"uuid":{"$uuid":"9cbaabe7-bca7-4f05-857f-589b6a3cb514"}},"namespace":"appsmith.permissionGroup","indexesBuilt":["permission_group_assignedUserIds_deleted"],"numIndexesBefore":1,"numIndexesAfter":2}}
{"t":{"$date":"2025-04-03T14:42:08.978+00:00"},"s":"I",  "c":"INDEX",    "id":20447,   "ctx":"conn8","msg":"Index build: completed","attr":{"buildUUID":{"uuid":{"$uuid":"f6260789-3fd2-4d6a-b4e2-de6151a20951"}}}}
{"t":{"$date":"2025-04-03T14:42:08.982+00:00"},"s":"I",  "c":"COMMAND",  "id":51803,   "ctx":"conn8","msg":"Slow query","attr":{"type":"command","ns":"appsmith.permissionGroup","command":{"createIndexes":"permissionGroup","indexes":[{"key":{"assignedToUserIds":1,"deleted":1},"name":"permission_group_assignedUserIds_deleted"}],"$db":"appsmith","$clusterTime":{"clusterTime":{"$timestamp":{"t":1743691328,"i":88}},"signature":{"hash":{"$binary":{"base64":"jor/VDXEzhfUxQxRA8AB3vIgTis=","subType":"0"}},"keyId":7489097039100248068}},"lsid":{"id":{"$uuid":"771e3d24-42b1-43a0-b7d2-986f620a0403"}},"$readPreference":{"mode":"primaryPreferred"}},"numYields":0,"reslen":271,"locks":{"ParallelBatchWriterMode":{"acquireCount":{"r":3}},"FeatureCompatibilityVersion":{"acquireCount":{"r":4,"w":2}},"ReplicationStateTransition":{"acquireCount":{"w":6}},"Global":{"acquireCount":{"r":4,"w":2}},"Database":{"acquireCount":{"r":2,"w":1}},"Collection":{"acquireCount":{"r":2,"W":1}},"Mutex":{"acquireCount":{"r":3}}},"flowControl":{"acquireCount":2,"timeAcquiringMicros":2},"readConcern":{"level":"local","provenance":"implicitDefault"},"writeConcern":{"w":"majority","wtimeout":0,"provenance":"implicitDefault"},"waitForWriteConcernDurationMillis":1,"storage":{},"remote":"127.0.0.1:56412","protocol":"op_msg","durationMillis":130}}
{"t":{"$date":"2025-04-03T14:42:09.036+00:00"},"s":"I",  "c":"COMMAND",  "id":51806,   "ctx":"conn8","msg":"CMD: dropIndexes","attr":{"namespace":"appsmith.newPage","uuid":{"uuid":{"$uuid":"303e4b3c-eb81-4cad-85a5-98d841e218d3"}},"indexes":"deleted"}}
{"t":{"$date":"2025-04-03T14:42:09.040+00:00"},"s":"I",  "c":"INDEX",    "id":20438,   "ctx":"conn8","msg":"Index build: registering","attr":{"buildUUID":{"uuid":{"$uuid":"19d7f1c1-e905-47f2-b7db-5122e80bd307"}},"namespace":"appsmith.newPage","collectionUUID":{"uuid":{"$uuid":"303e4b3c-eb81-4cad-85a5-98d841e218d3"}},"indexes":1,"firstIndex":{"name":"deleted"}}}
{"t":{"$date":"2025-04-03T14:42:09.050+00:00"},"s":"I",  "c":"INDEX",    "id":20345,   "ctx":"conn8","msg":"Index build: done building","attr":{"buildUUID":null,"namespace":"appsmith.newPage","index":"deleted","commitTimestamp":{"$timestamp":{"t":1743691329,"i":4}}}}
{"t":{"$date":"2025-04-03T14:42:09.050+00:00"},"s":"I",  "c":"INDEX",    "id":20440,   "ctx":"conn8","msg":"Index build: waiting for index build to complete","attr":{"buildUUID":{"uuid":{"$uuid":"19d7f1c1-e905-47f2-b7db-5122e80bd307"}},"deadline":{"$date":{"$numberLong":"9223372036854775807"}}}}
{"t":{"$date":"2025-04-03T14:42:09.051+00:00"},"s":"I",  "c":"INDEX",    "id":20447,   "ctx":"conn8","msg":"Index build: completed","attr":{"buildUUID":{"uuid":{"$uuid":"19d7f1c1-e905-47f2-b7db-5122e80bd307"}}}}
{"t":{"$date":"2025-04-03T14:42:09.055+00:00"},"s":"I",  "c":"COMMAND",  "id":51806,   "ctx":"conn8","msg":"CMD: dropIndexes","attr":{"namespace":"appsmith.application","uuid":{"uuid":{"$uuid":"bf0c6d4f-d70e-4643-bed9-45c2728c1e91"}},"indexes":"deleted"}}
{"t":{"$date":"2025-04-03T14:42:09.058+00:00"},"s":"I",  "c":"INDEX",    "id":20438,   "ctx":"conn8","msg":"Index build: registering","attr":{"buildUUID":{"uuid":{"$uuid":"10d656fe-c6a4-4ec5-ae36-59d4bc3fe3b5"}},"namespace":"appsmith.application","collectionUUID":{"uuid":{"$uuid":"bf0c6d4f-d70e-4643-bed9-45c2728c1e91"}},"indexes":1,"firstIndex":{"name":"deleted"}}}
{"t":{"$date":"2025-04-03T14:42:09.068+00:00"},"s":"I",  "c":"INDEX",    "id":20345,   "ctx":"conn8","msg":"Index build: done building","attr":{"buildUUID":null,"namespace":"appsmith.application","index":"deleted","commitTimestamp":{"$timestamp":{"t":1743691329,"i":5}}}}
{"t":{"$date":"2025-04-03T14:42:09.069+00:00"},"s":"I",  "c":"INDEX",    "id":20440,   "ctx":"conn8","msg":"Index build: waiting for index build to complete","attr":{"buildUUID":{"uuid":{"$uuid":"10d656fe-c6a4-4ec5-ae36-59d4bc3fe3b5"}},"deadline":{"$date":{"$numberLong":"9223372036854775807"}}}}
{"t":{"$date":"2025-04-03T14:42:09.069+00:00"},"s":"I",  "c":"INDEX",    "id":20447,   "ctx":"conn8","msg":"Index build: completed","attr":{"buildUUID":{"uuid":{"$uuid":"10d656fe-c6a4-4ec5-ae36-59d4bc3fe3b5"}}}}
{"t":{"$date":"2025-04-03T14:42:09.073+00:00"},"s":"I",  "c":"COMMAND",  "id":51806,   "ctx":"conn8","msg":"CMD: dropIndexes","attr":{"namespace":"appsmith.workspace","uuid":{"uuid":{"$uuid":"ae3c5978-f198-4270-b7ba-a1fbf5e1c685"}},"indexes":"tenantId_deleted"}}
{"t":{"$date":"2025-04-03T14:42:09.076+00:00"},"s":"I",  "c":"INDEX",    "id":20438,   "ctx":"conn8","msg":"Index build: registering","attr":{"buildUUID":{"uuid":{"$uuid":"56d54014-9843-4e02-9a1d-7e960d08e4f4"}},"namespace":"appsmith.workspace","collectionUUID":{"uuid":{"$uuid":"ae3c5978-f198-4270-b7ba-a1fbf5e1c685"}},"indexes":1,"firstIndex":{"name":"tenantId_deleted"}}}
{"t":{"$date":"2025-04-03T14:42:09.087+00:00"},"s":"I",  "c":"INDEX",    "id":20345,   "ctx":"conn8","msg":"Index build: done building","attr":{"buildUUID":null,"namespace":"appsmith.workspace","index":"tenantId_deleted","commitTimestamp":{"$timestamp":{"t":1743691329,"i":6}}}}
{"t":{"$date":"2025-04-03T14:42:09.087+00:00"},"s":"I",  "c":"INDEX",    "id":20440,   "ctx":"conn8","msg":"Index build: waiting for index build to complete","attr":{"buildUUID":{"uuid":{"$uuid":"56d54014-9843-4e02-9a1d-7e960d08e4f4"}},"deadline":{"$date":{"$numberLong":"9223372036854775807"}}}}
{"t":{"$date":"2025-04-03T14:42:09.089+00:00"},"s":"I",  "c":"INDEX",    "id":20447,   "ctx":"conn8","msg":"Index build: completed","attr":{"buildUUID":{"uuid":{"$uuid":"56d54014-9843-4e02-9a1d-7e960d08e4f4"}}}}
{"t":{"$date":"2025-04-03T14:42:09.096+00:00"},"s":"I",  "c":"STORAGE",  "id":20320,   "ctx":"conn8","msg":"createCollection","attr":{"namespace":"appsmith.customJSLib","uuidDisposition":"generated","uuid":{"uuid":{"$uuid":"ce200477-fe8a-4344-9fb9-fbfbdc6300b1"}},"options":{}}}
{"t":{"$date":"2025-04-03T14:42:09.127+00:00"},"s":"I",  "c":"INDEX",    "id":20345,   "ctx":"conn8","msg":"Index build: done building","attr":{"buildUUID":null,"namespace":"appsmith.customJSLib","index":"_id_","commitTimestamp":{"$timestamp":{"t":1743691329,"i":8}}}}
{"t":{"$date":"2025-04-03T14:42:09.127+00:00"},"s":"I",  "c":"INDEX",    "id":20345,   "ctx":"conn8","msg":"Index build: done building","attr":{"buildUUID":null,"namespace":"appsmith.customJSLib","index":"customjslibs_uidstring_index","commitTimestamp":{"$timestamp":{"t":1743691329,"i":8}}}}
{"t":{"$date":"2025-04-03T14:42:09.177+00:00"},"s":"I",  "c":"TXN",      "id":51802,   "ctx":"conn7","msg":"transaction","attr":{"parameters":{"lsid":{"id":{"$uuid":"5d314cc3-2b16-4657-a244-6173a7c56298"},"uid":{"$binary":{"base64":"36OVKiS44JdD6Kg1iV5QeE27b7ll1XrRr0J40V91lX4=","subType":"0"}}},"txnNumber":3,"autocommit":false,"readConcern":{"level":"local","provenance":"clientSupplied"}},"readTimestamp":"Timestamp(0, 0)","terminationCause":"committed","timeActiveMicros":6878,"timeInactiveMicros":892438,"numYields":0,"locks":{"FeatureCompatibilityVersion":{"acquireCount":{"w":1}},"ReplicationStateTransition":{"acquireCount":{"w":3}},"Global":{"acquireCount":{"w":1}},"Database":{"acquireCount":{"w":2}},"Collection":{"acquireCount":{"w":2}},"Mutex":{"acquireCount":{"r":24}}},"storage":{},"wasPrepared":false,"durationMillis":899}}
{"t":{"$date":"2025-04-03T14:42:09.495+00:00"},"s":"I",  "c":"STORAGE",  "id":20320,   "ctx":"conn8","msg":"createCollection","attr":{"namespace":"appsmith.applicationSnapshot","uuidDisposition":"generated","uuid":{"uuid":{"$uuid":"9f4b1efd-3169-42ba-9ec1-f67a04de6b23"}},"options":{}}}
{"t":{"$date":"2025-04-03T14:42:09.518+00:00"},"s":"I",  "c":"INDEX",    "id":20345,   "ctx":"conn8","msg":"Index build: done building","attr":{"buildUUID":null,"namespace":"appsmith.applicationSnapshot","index":"_id_","commitTimestamp":{"$timestamp":{"t":1743691329,"i":39}}}}
{"t":{"$date":"2025-04-03T14:42:09.519+00:00"},"s":"I",  "c":"INDEX",    "id":20345,   "ctx":"conn8","msg":"Index build: done building","attr":{"buildUUID":null,"namespace":"appsmith.applicationSnapshot","index":"applicationId_chunkOrder_unique_index","commitTimestamp":{"$timestamp":{"t":1743691329,"i":39}}}}
{"t":{"$date":"2025-04-03T14:42:10.224+00:00"},"s":"I",  "c":"COMMAND",  "id":51806,   "ctx":"conn8","msg":"CMD: dropIndexes","attr":{"namespace":"appsmith.permissionGroup","uuid":{"uuid":{"$uuid":"9cbaabe7-bca7-4f05-857f-589b6a3cb514"}},"indexes":"permission_group_workspace_deleted_compound_index"}}
{"t":{"$date":"2025-04-03T14:42:10.228+00:00"},"s":"I",  "c":"COMMAND",  "id":51806,   "ctx":"conn8","msg":"CMD: dropIndexes","attr":{"namespace":"appsmith.permissionGroup","uuid":{"uuid":{"$uuid":"9cbaabe7-bca7-4f05-857f-589b6a3cb514"}},"indexes":"permission_group_domainId_domainType_deleted"}}
{"t":{"$date":"2025-04-03T14:42:10.231+00:00"},"s":"I",  "c":"INDEX",    "id":20438,   "ctx":"conn8","msg":"Index build: registering","attr":{"buildUUID":{"uuid":{"$uuid":"d0d85eb9-fd73-4398-8657-64aee4a528cd"}},"namespace":"appsmith.permissionGroup","collectionUUID":{"uuid":{"$uuid":"9cbaabe7-bca7-4f05-857f-589b6a3cb514"}},"indexes":1,"firstIndex":{"name":"permission_group_domainId_domainType_deleted"}}}
{"t":{"$date":"2025-04-03T14:42:10.248+00:00"},"s":"I",  "c":"INDEX",    "id":20384,   "ctx":"IndexBuildsCoordinatorMongod-0","msg":"Index build: starting","attr":{"buildUUID":{"uuid":{"$uuid":"d0d85eb9-fd73-4398-8657-64aee4a528cd"}},"collectionUUID":{"uuid":{"$uuid":"9cbaabe7-bca7-4f05-857f-589b6a3cb514"}},"namespace":"appsmith.permissionGroup","properties":{"v":2,"key":{"defaultDomainId":1,"defaultDomainType":1,"deleted":1,"deletedAt":1},"name":"permission_group_domainId_domainType_deleted"},"method":"Hybrid","maxTemporaryMemoryUsageMB":200}}
{"t":{"$date":"2025-04-03T14:42:10.249+00:00"},"s":"I",  "c":"INDEX",    "id":20346,   "ctx":"IndexBuildsCoordinatorMongod-0","msg":"Index build: initialized","attr":{"buildUUID":{"uuid":{"$uuid":"d0d85eb9-fd73-4398-8657-64aee4a528cd"}},"collectionUUID":{"uuid":{"$uuid":"9cbaabe7-bca7-4f05-857f-589b6a3cb514"}},"namespace":"appsmith.permissionGroup","initializationTimestamp":{"$timestamp":{"t":1743691330,"i":18}}}}
{"t":{"$date":"2025-04-03T14:42:10.249+00:00"},"s":"I",  "c":"STORAGE",  "id":4847600, "ctx":"IndexBuildsCoordinatorMongod-0","msg":"Index build: waiting for last optime before interceptors to be majority committed","attr":{"buildUUID":{"uuid":{"$uuid":"d0d85eb9-fd73-4398-8657-64aee4a528cd"}},"collectionUUID":{"uuid":{"$uuid":"9cbaabe7-bca7-4f05-857f-589b6a3cb514"}},"deadline":{"$date":"2025-04-03T14:42:20.249Z"},"timeoutMillis":10000,"lastOpTime":{"ts":{"$timestamp":{"t":1743691330,"i":18}},"t":2}}}
{"t":{"$date":"2025-04-03T14:42:10.249+00:00"},"s":"I",  "c":"INDEX",    "id":20440,   "ctx":"conn8","msg":"Index build: waiting for index build to complete","attr":{"buildUUID":{"uuid":{"$uuid":"d0d85eb9-fd73-4398-8657-64aee4a528cd"}},"deadline":{"$date":{"$numberLong":"9223372036854775807"}}}}
{"t":{"$date":"2025-04-03T14:42:10.332+00:00"},"s":"I",  "c":"INDEX",    "id":20391,   "ctx":"IndexBuildsCoordinatorMongod-0","msg":"Index build: collection scan done","attr":{"buildUUID":{"uuid":{"$uuid":"d0d85eb9-fd73-4398-8657-64aee4a528cd"}},"collectionUUID":{"uuid":{"$uuid":"9cbaabe7-bca7-4f05-857f-589b6a3cb514"}},"namespace":"appsmith.permissionGroup","totalRecords":2,"readSource":"kMajorityCommitted","durationMillis":0}}
{"t":{"$date":"2025-04-03T14:42:10.337+00:00"},"s":"I",  "c":"INDEX",    "id":20685,   "ctx":"IndexBuildsCoordinatorMongod-0","msg":"Index build: inserted keys from external sorter into index","attr":{"namespace":"appsmith.permissionGroup","index":"permission_group_domainId_domainType_deleted","keysInserted":2,"durationMillis":0}}
{"t":{"$date":"2025-04-03T14:42:10.344+00:00"},"s":"I",  "c":"STORAGE",  "id":3856201, "ctx":"conn24","msg":"Index build: commit quorum satisfied","attr":{"indexBuildEntry":{"_id":{"$uuid":"d0d85eb9-fd73-4398-8657-64aee4a528cd"},"collectionUUID":{"$uuid":"9cbaabe7-bca7-4f05-857f-589b6a3cb514"},"commitQuorum":"votingMembers","indexNames":["permission_group_domainId_domainType_deleted"],"commitReadyMembers":["localhost:27017"]}}}
{"t":{"$date":"2025-04-03T14:42:10.345+00:00"},"s":"I",  "c":"CONNPOOL", "id":22566,   "ctx":"ReplNetwork","msg":"Ending connection due to bad connection status","attr":{"hostAndPort":"localhost:27017","error":"CallbackCanceled: Callback was canceled","numOpenConns":0}}
{"t":{"$date":"2025-04-03T14:42:10.345+00:00"},"s":"I",  "c":"STORAGE",  "id":3856203, "ctx":"IndexBuildsCoordinatorMongod-0","msg":"Index build: waiting for next action before completing final phase","attr":{"buildUUID":{"uuid":{"$uuid":"d0d85eb9-fd73-4398-8657-64aee4a528cd"}}}}
{"t":{"$date":"2025-04-03T14:42:10.346+00:00"},"s":"I",  "c":"STORAGE",  "id":3856204, "ctx":"IndexBuildsCoordinatorMongod-0","msg":"Index build: received signal","attr":{"buildUUID":{"uuid":{"$uuid":"d0d85eb9-fd73-4398-8657-64aee4a528cd"}},"action":"Commit quorum Satisfied"}}
{"t":{"$date":"2025-04-03T14:42:10.346+00:00"},"s":"I",  "c":"NETWORK",  "id":22944,   "ctx":"conn24","msg":"Connection ended","attr":{"remote":"127.0.0.1:56432","uuid":"8e7ae423-9cb8-4ccb-bc20-614015043950","connectionId":24,"connectionCount":6}}
{"t":{"$date":"2025-04-03T14:42:10.345+00:00"},"s":"I",  "c":"CONNPOOL", "id":22576,   "ctx":"ReplNetwork","msg":"Connecting","attr":{"hostAndPort":"localhost:27017"}}
{"t":{"$date":"2025-04-03T14:42:10.347+00:00"},"s":"I",  "c":"INDEX",    "id":20345,   "ctx":"IndexBuildsCoordinatorMongod-0","msg":"Index build: done building","attr":{"buildUUID":{"uuid":{"$uuid":"d0d85eb9-fd73-4398-8657-64aee4a528cd"}},"namespace":"appsmith.permissionGroup","index":"permission_group_domainId_domainType_deleted","commitTimestamp":{"$timestamp":{"t":1743691330,"i":20}}}}
{"t":{"$date":"2025-04-03T14:42:10.348+00:00"},"s":"I",  "c":"NETWORK",  "id":22943,   "ctx":"listener","msg":"Connection accepted","attr":{"remote":"127.0.0.1:56434","uuid":"d9eda12a-41cb-4b5c-be7e-4c8d462a7527","connectionId":26,"connectionCount":7}}
{"t":{"$date":"2025-04-03T14:42:10.351+00:00"},"s":"I",  "c":"NETWORK",  "id":51800,   "ctx":"conn26","msg":"client metadata","attr":{"remote":"127.0.0.1:56434","client":"conn26","negotiatedCompressors":["snappy","zstd","zlib"],"doc":{"driver":{"name":"NetworkInterfaceTL","version":"5.0.30"},"os":{"type":"Linux","name":"Ubuntu","architecture":"aarch64","version":"20.04"}}}}
{"t":{"$date":"2025-04-03T14:42:10.353+00:00"},"s":"I",  "c":"STORAGE",  "id":20663,   "ctx":"IndexBuildsCoordinatorMongod-0","msg":"Index build: completed successfully","attr":{"buildUUID":{"uuid":{"$uuid":"d0d85eb9-fd73-4398-8657-64aee4a528cd"}},"collectionUUID":{"uuid":{"$uuid":"9cbaabe7-bca7-4f05-857f-589b6a3cb514"}},"namespace":"appsmith.permissionGroup","indexesBuilt":["permission_group_domainId_domainType_deleted"],"numIndexesBefore":2,"numIndexesAfter":3}}
{"t":{"$date":"2025-04-03T14:42:10.353+00:00"},"s":"I",  "c":"ACCESS",   "id":20250,   "ctx":"conn26","msg":"Authentication succeeded","attr":{"mechanism":"SCRAM-SHA-256","speculative":true,"principalName":"__system","authenticationDatabase":"local","remote":"127.0.0.1:56434","extraInfo":{}}}
{"t":{"$date":"2025-04-03T14:42:10.354+00:00"},"s":"I",  "c":"INDEX",    "id":20447,   "ctx":"conn8","msg":"Index build: completed","attr":{"buildUUID":{"uuid":{"$uuid":"d0d85eb9-fd73-4398-8657-64aee4a528cd"}}}}
{"t":{"$date":"2025-04-03T14:42:10.357+00:00"},"s":"I",  "c":"COMMAND",  "id":51803,   "ctx":"conn8","msg":"Slow query","attr":{"type":"command","ns":"appsmith.permissionGroup","command":{"createIndexes":"permissionGroup","indexes":[{"key":{"defaultDomainId":1,"defaultDomainType":1,"deleted":1,"deletedAt":1},"name":"permission_group_domainId_domainType_deleted"}],"$db":"appsmith","$clusterTime":{"clusterTime":{"$timestamp":{"t":1743691330,"i":16}},"signature":{"hash":{"$binary":{"base64":"H8xF27OXZ1lr1Xt3gfx1dpH5eoA=","subType":"0"}},"keyId":7489097039100248068}},"lsid":{"id":{"$uuid":"771e3d24-42b1-43a0-b7d2-986f620a0403"}},"$readPreference":{"mode":"primaryPreferred"}},"numYields":0,"reslen":271,"locks":{"ParallelBatchWriterMode":{"acquireCount":{"r":3}},"FeatureCompatibilityVersion":{"acquireCount":{"r":4,"w":2}},"ReplicationStateTransition":{"acquireCount":{"w":6}},"Global":{"acquireCount":{"r":4,"w":2}},"Database":{"acquireCount":{"r":2,"w":1}},"Collection":{"acquireCount":{"r":2,"W":1}},"Mutex":{"acquireCount":{"r":3}}},"flowControl":{"acquireCount":2,"timeAcquiringMicros":1},"readConcern":{"level":"local","provenance":"implicitDefault"},"writeConcern":{"w":"majority","wtimeout":0,"provenance":"implicitDefault"},"waitForWriteConcernDurationMillis":1,"storage":{},"remote":"127.0.0.1:56412","protocol":"op_msg","durationMillis":126}}
{"t":{"$date":"2025-04-03T14:42:10.467+00:00"},"s":"I",  "c":"STORAGE",  "id":20320,   "ctx":"conn8","msg":"createCollection","attr":{"namespace":"appsmith.datasourceStorageStructure","uuidDisposition":"generated","uuid":{"uuid":{"$uuid":"6b551044-9126-4005-b1ae-aa7195afb7da"}},"options":{}}}
{"t":{"$date":"2025-04-03T14:42:10.491+00:00"},"s":"I",  "c":"INDEX",    "id":20345,   "ctx":"conn8","msg":"Index build: done building","attr":{"buildUUID":null,"namespace":"appsmith.datasourceStorageStructure","index":"_id_","commitTimestamp":{"$timestamp":{"t":1743691330,"i":24}}}}
{"t":{"$date":"2025-04-03T14:42:10.491+00:00"},"s":"I",  "c":"INDEX",    "id":20345,   "ctx":"conn8","msg":"Index build: done building","attr":{"buildUUID":null,"namespace":"appsmith.datasourceStorageStructure","index":"dsConfigStructure_dsId_envId","commitTimestamp":{"$timestamp":{"t":1743691330,"i":24}}}}
{"t":{"$date":"2025-04-03T14:42:10.712+00:00"},"s":"I",  "c":"STORAGE",  "id":20320,   "ctx":"conn8","msg":"createCollection","attr":{"namespace":"appsmith.datasourceStorage","uuidDisposition":"generated","uuid":{"uuid":{"$uuid":"3ad12712-b94d-4608-81f1-6a2feadf6fef"}},"options":{}}}
{"t":{"$date":"2025-04-03T14:42:10.733+00:00"},"s":"I",  "c":"INDEX",    "id":20345,   "ctx":"conn8","msg":"Index build: done building","attr":{"buildUUID":null,"namespace":"appsmith.datasourceStorage","index":"_id_","commitTimestamp":{"$timestamp":{"t":1743691330,"i":28}}}}
{"t":{"$date":"2025-04-03T14:42:10.734+00:00"},"s":"I",  "c":"INDEX",    "id":20345,   "ctx":"conn8","msg":"Index build: done building","attr":{"buildUUID":null,"namespace":"appsmith.datasourceStorage","index":"datasource_storage_compound_index","commitTimestamp":{"$timestamp":{"t":1743691330,"i":28}}}}
{"t":{"$date":"2025-04-03T14:42:10.840+00:00"},"s":"I",  "c":"INDEX",    "id":20438,   "ctx":"conn8","msg":"Index build: registering","attr":{"buildUUID":{"uuid":{"$uuid":"aed921db-7b1f-48e9-9ed9-cfc2e9ed5747"}},"namespace":"appsmith.newAction","collectionUUID":{"uuid":{"$uuid":"35b7486b-3178-4776-859d-fea7c06f8d5b"}},"indexes":1,"firstIndex":{"name":"applicationId_pluginType_deletedAt_compound_index"}}}
{"t":{"$date":"2025-04-03T14:42:10.849+00:00"},"s":"I",  "c":"INDEX",    "id":20345,   "ctx":"conn8","msg":"Index build: done building","attr":{"buildUUID":null,"namespace":"appsmith.newAction","index":"applicationId_pluginType_deletedAt_compound_index","commitTimestamp":{"$timestamp":{"t":1743691330,"i":30}}}}
{"t":{"$date":"2025-04-03T14:42:10.850+00:00"},"s":"I",  "c":"INDEX",    "id":20440,   "ctx":"conn8","msg":"Index build: waiting for index build to complete","attr":{"buildUUID":{"uuid":{"$uuid":"aed921db-7b1f-48e9-9ed9-cfc2e9ed5747"}},"deadline":{"$date":{"$numberLong":"9223372036854775807"}}}}
{"t":{"$date":"2025-04-03T14:42:10.850+00:00"},"s":"I",  "c":"INDEX",    "id":20447,   "ctx":"conn8","msg":"Index build: completed","attr":{"buildUUID":{"uuid":{"$uuid":"aed921db-7b1f-48e9-9ed9-cfc2e9ed5747"}}}}
{"t":{"$date":"2025-04-03T14:42:10.956+00:00"},"s":"I",  "c":"COMMAND",  "id":51806,   "ctx":"conn8","msg":"CMD: dropIndexes","attr":{"namespace":"appsmith.application","uuid":{"uuid":{"$uuid":"bf0c6d4f-d70e-4643-bed9-45c2728c1e91"}},"indexes":"defaultCollectionId_branchName_deleted_compound_index"}}
{"t":{"$date":"2025-04-03T14:42:10.958+00:00"},"s":"I",  "c":"COMMAND",  "id":51806,   "ctx":"conn8","msg":"CMD: dropIndexes","attr":{"namespace":"appsmith.application","uuid":{"uuid":{"$uuid":"bf0c6d4f-d70e-4643-bed9-45c2728c1e91"}},"indexes":"defaultApplicationId_branchName_deleted_compound_index"}}
{"t":{"$date":"2025-04-03T14:42:10.961+00:00"},"s":"I",  "c":"COMMAND",  "id":51806,   "ctx":"conn8","msg":"CMD: dropIndexes","attr":{"namespace":"appsmith.actionCollection","uuid":{"uuid":{"$uuid":"6ac310a6-02e4-4cc0-b2fd-85c58d15b0b4"}},"indexes":"unpublishedCollectionPageId_deleted_compound_index"}}
{"t":{"$date":"2025-04-03T14:42:10.964+00:00"},"s":"I",  "c":"COMMAND",  "id":51806,   "ctx":"conn8","msg":"CMD: dropIndexes","attr":{"namespace":"appsmith.actionCollection","uuid":{"uuid":{"$uuid":"6ac310a6-02e4-4cc0-b2fd-85c58d15b0b4"}},"indexes":"publishedCollectionPageId_deleted_compound_index"}}
{"t":{"$date":"2025-04-03T14:42:10.966+00:00"},"s":"I",  "c":"COMMAND",  "id":51806,   "ctx":"conn8","msg":"CMD: dropIndexes","attr":{"namespace":"appsmith.actionCollection","uuid":{"uuid":{"$uuid":"6ac310a6-02e4-4cc0-b2fd-85c58d15b0b4"}},"indexes":"defaultApplicationId_gitSyncId_deleted_compound_index"}}
{"t":{"$date":"2025-04-03T14:42:10.969+00:00"},"s":"I",  "c":"COMMAND",  "id":51806,   "ctx":"conn8","msg":"CMD: dropIndexes","attr":{"namespace":"appsmith.newAction","uuid":{"uuid":{"$uuid":"35b7486b-3178-4776-859d-fea7c06f8d5b"}},"indexes":"defaultApplicationId_gitSyncId_deleted_compound_index"}}
{"t":{"$date":"2025-04-03T14:42:10.971+00:00"},"s":"I",  "c":"COMMAND",  "id":51806,   "ctx":"conn8","msg":"CMD: dropIndexes","attr":{"namespace":"appsmith.newPage","uuid":{"uuid":{"$uuid":"303e4b3c-eb81-4cad-85a5-98d841e218d3"}},"indexes":"defaultApplicationId_gitSyncId_deleted_compound_index"}}
{"t":{"$date":"2025-04-03T14:42:10.980+00:00"},"s":"I",  "c":"COMMAND",  "id":51806,   "ctx":"conn8","msg":"CMD: dropIndexes","attr":{"namespace":"appsmith.application","uuid":{"uuid":{"$uuid":"bf0c6d4f-d70e-4643-bed9-45c2728c1e91"}},"indexes":"workspace_application_deleted_gitApplicationMetadata_compound_index"}}
{"t":{"$date":"2025-04-03T14:42:10.983+00:00"},"s":"I",  "c":"COMMAND",  "id":51806,   "ctx":"conn8","msg":"CMD: dropIndexes","attr":{"namespace":"appsmith.permissionGroup","uuid":{"uuid":{"$uuid":"9cbaabe7-bca7-4f05-857f-589b6a3cb514"}},"indexes":"permission_group_workspace_deleted_compound_index"}}
{"t":{"$date":"2025-04-03T14:42:10.985+00:00"},"s":"I",  "c":"COMMAND",  "id":51806,   "ctx":"conn8","msg":"CMD: dropIndexes","attr":{"namespace":"appsmith.permissionGroup","uuid":{"uuid":{"$uuid":"9cbaabe7-bca7-4f05-857f-589b6a3cb514"}},"indexes":"permission_group_assignedUserIds_deleted_compound_index"}}
{"t":{"$date":"2025-04-03T14:42:10.988+00:00"},"s":"I",  "c":"COMMAND",  "id":51806,   "ctx":"conn8","msg":"CMD: dropIndexes","attr":{"namespace":"appsmith.permissionGroup","uuid":{"uuid":{"$uuid":"9cbaabe7-bca7-4f05-857f-589b6a3cb514"}},"indexes":"permission_group_assignedUserIds_deleted"}}
{"t":{"$date":"2025-04-03T14:42:10.989+00:00"},"s":"I",  "c":"STORAGE",  "id":22206,   "ctx":"conn8","msg":"Deferring table drop for index","attr":{"index":"permission_group_assignedUserIds_deleted","namespace":"appsmith.permissionGroup","uuid":{"uuid":{"$uuid":"9cbaabe7-bca7-4f05-857f-589b6a3cb514"}},"ident":"index-95-1440771236522914707","dropTime":{"":{"$timestamp":{"t":1743691330,"i":32}}}}}
{"t":{"$date":"2025-04-03T14:42:10.992+00:00"},"s":"I",  "c":"INDEX",    "id":20438,   "ctx":"conn8","msg":"Index build: registering","attr":{"buildUUID":{"uuid":{"$uuid":"786f24bc-9d80-4eec-9c5a-f783c2b92dc8"}},"namespace":"appsmith.permissionGroup","collectionUUID":{"uuid":{"$uuid":"9cbaabe7-bca7-4f05-857f-589b6a3cb514"}},"indexes":1,"firstIndex":{"name":"permission_group_assignedUserIds_deleted"}}}
{"t":{"$date":"2025-04-03T14:42:11.005+00:00"},"s":"I",  "c":"INDEX",    "id":20384,   "ctx":"IndexBuildsCoordinatorMongod-0","msg":"Index build: starting","attr":{"buildUUID":{"uuid":{"$uuid":"786f24bc-9d80-4eec-9c5a-f783c2b92dc8"}},"collectionUUID":{"uuid":{"$uuid":"9cbaabe7-bca7-4f05-857f-589b6a3cb514"}},"namespace":"appsmith.permissionGroup","properties":{"v":2,"key":{"assignedToUserIds":1,"deleted":1},"name":"permission_group_assignedUserIds_deleted"},"method":"Hybrid","maxTemporaryMemoryUsageMB":200}}
{"t":{"$date":"2025-04-03T14:42:11.006+00:00"},"s":"I",  "c":"INDEX",    "id":20346,   "ctx":"IndexBuildsCoordinatorMongod-0","msg":"Index build: initialized","attr":{"buildUUID":{"uuid":{"$uuid":"786f24bc-9d80-4eec-9c5a-f783c2b92dc8"}},"collectionUUID":{"uuid":{"$uuid":"9cbaabe7-bca7-4f05-857f-589b6a3cb514"}},"namespace":"appsmith.permissionGroup","initializationTimestamp":{"$timestamp":{"t":1743691330,"i":34}}}}
{"t":{"$date":"2025-04-03T14:42:11.007+00:00"},"s":"I",  "c":"STORAGE",  "id":4847600, "ctx":"IndexBuildsCoordinatorMongod-0","msg":"Index build: waiting for last optime before interceptors to be majority committed","attr":{"buildUUID":{"uuid":{"$uuid":"786f24bc-9d80-4eec-9c5a-f783c2b92dc8"}},"collectionUUID":{"uuid":{"$uuid":"9cbaabe7-bca7-4f05-857f-589b6a3cb514"}},"deadline":{"$date":"2025-04-03T14:42:21.006Z"},"timeoutMillis":10000,"lastOpTime":{"ts":{"$timestamp":{"t":1743691330,"i":34}},"t":2}}}
{"t":{"$date":"2025-04-03T14:42:11.007+00:00"},"s":"I",  "c":"INDEX",    "id":20440,   "ctx":"conn8","msg":"Index build: waiting for index build to complete","attr":{"buildUUID":{"uuid":{"$uuid":"786f24bc-9d80-4eec-9c5a-f783c2b92dc8"}},"deadline":{"$date":{"$numberLong":"9223372036854775807"}}}}
{"t":{"$date":"2025-04-03T14:42:11.091+00:00"},"s":"I",  "c":"INDEX",    "id":20391,   "ctx":"IndexBuildsCoordinatorMongod-0","msg":"Index build: collection scan done","attr":{"buildUUID":{"uuid":{"$uuid":"786f24bc-9d80-4eec-9c5a-f783c2b92dc8"}},"collectionUUID":{"uuid":{"$uuid":"9cbaabe7-bca7-4f05-857f-589b6a3cb514"}},"namespace":"appsmith.permissionGroup","totalRecords":2,"readSource":"kMajorityCommitted","durationMillis":0}}
{"t":{"$date":"2025-04-03T14:42:11.097+00:00"},"s":"I",  "c":"INDEX",    "id":20685,   "ctx":"IndexBuildsCoordinatorMongod-0","msg":"Index build: inserted keys from external sorter into index","attr":{"namespace":"appsmith.permissionGroup","index":"permission_group_assignedUserIds_deleted","keysInserted":2,"durationMillis":0}}
{"t":{"$date":"2025-04-03T14:42:11.104+00:00"},"s":"I",  "c":"STORAGE",  "id":3856201, "ctx":"conn26","msg":"Index build: commit quorum satisfied","attr":{"indexBuildEntry":{"_id":{"$uuid":"786f24bc-9d80-4eec-9c5a-f783c2b92dc8"},"collectionUUID":{"$uuid":"9cbaabe7-bca7-4f05-857f-589b6a3cb514"},"commitQuorum":"votingMembers","indexNames":["permission_group_assignedUserIds_deleted"],"commitReadyMembers":["localhost:27017"]}}}
{"t":{"$date":"2025-04-03T14:42:11.105+00:00"},"s":"I",  "c":"CONNPOOL", "id":22566,   "ctx":"ReplNetwork","msg":"Ending connection due to bad connection status","attr":{"hostAndPort":"localhost:27017","error":"CallbackCanceled: Callback was canceled","numOpenConns":0}}
{"t":{"$date":"2025-04-03T14:42:11.105+00:00"},"s":"I",  "c":"STORAGE",  "id":3856203, "ctx":"IndexBuildsCoordinatorMongod-0","msg":"Index build: waiting for next action before completing final phase","attr":{"buildUUID":{"uuid":{"$uuid":"786f24bc-9d80-4eec-9c5a-f783c2b92dc8"}}}}
{"t":{"$date":"2025-04-03T14:42:11.106+00:00"},"s":"I",  "c":"STORAGE",  "id":3856204, "ctx":"IndexBuildsCoordinatorMongod-0","msg":"Index build: received signal","attr":{"buildUUID":{"uuid":{"$uuid":"786f24bc-9d80-4eec-9c5a-f783c2b92dc8"}},"action":"Commit quorum Satisfied"}}
{"t":{"$date":"2025-04-03T14:42:11.106+00:00"},"s":"I",  "c":"NETWORK",  "id":22943,   "ctx":"listener","msg":"Connection accepted","attr":{"remote":"127.0.0.1:56438","uuid":"5c78883c-8172-4ecd-a386-eb63115ccf57","connectionId":28,"connectionCount":7}}
{"t":{"$date":"2025-04-03T14:42:11.106+00:00"},"s":"I",  "c":"NETWORK",  "id":22944,   "ctx":"conn26","msg":"Connection ended","attr":{"remote":"127.0.0.1:56434","uuid":"d9eda12a-41cb-4b5c-be7e-4c8d462a7527","connectionId":26,"connectionCount":6}}
{"t":{"$date":"2025-04-03T14:42:11.106+00:00"},"s":"I",  "c":"INDEX",    "id":20345,   "ctx":"IndexBuildsCoordinatorMongod-0","msg":"Index build: done building","attr":{"buildUUID":{"uuid":{"$uuid":"786f24bc-9d80-4eec-9c5a-f783c2b92dc8"}},"namespace":"appsmith.permissionGroup","index":"permission_group_assignedUserIds_deleted","commitTimestamp":{"$timestamp":{"t":1743691331,"i":2}}}}
{"t":{"$date":"2025-04-03T14:42:11.107+00:00"},"s":"I",  "c":"NETWORK",  "id":51800,   "ctx":"conn28","msg":"client metadata","attr":{"remote":"127.0.0.1:56438","client":"conn28","negotiatedCompressors":["snappy","zstd","zlib"],"doc":{"driver":{"name":"NetworkInterfaceTL","version":"5.0.30"},"os":{"type":"Linux","name":"Ubuntu","architecture":"aarch64","version":"20.04"}}}}
{"t":{"$date":"2025-04-03T14:42:11.109+00:00"},"s":"I",  "c":"ACCESS",   "id":20250,   "ctx":"conn28","msg":"Authentication succeeded","attr":{"mechanism":"SCRAM-SHA-256","speculative":true,"principalName":"__system","authenticationDatabase":"local","remote":"127.0.0.1:56438","extraInfo":{}}}
{"t":{"$date":"2025-04-03T14:42:11.111+00:00"},"s":"I",  "c":"STORAGE",  "id":20663,   "ctx":"IndexBuildsCoordinatorMongod-0","msg":"Index build: completed successfully","attr":{"buildUUID":{"uuid":{"$uuid":"786f24bc-9d80-4eec-9c5a-f783c2b92dc8"}},"collectionUUID":{"uuid":{"$uuid":"9cbaabe7-bca7-4f05-857f-589b6a3cb514"}},"namespace":"appsmith.permissionGroup","indexesBuilt":["permission_group_assignedUserIds_deleted"],"numIndexesBefore":2,"numIndexesAfter":3}}
{"t":{"$date":"2025-04-03T14:42:11.112+00:00"},"s":"I",  "c":"INDEX",    "id":20447,   "ctx":"conn8","msg":"Index build: completed","attr":{"buildUUID":{"uuid":{"$uuid":"786f24bc-9d80-4eec-9c5a-f783c2b92dc8"}}}}
{"t":{"$date":"2025-04-03T14:42:11.114+00:00"},"s":"I",  "c":"COMMAND",  "id":51803,   "ctx":"conn8","msg":"Slow query","attr":{"type":"command","ns":"appsmith.permissionGroup","command":{"createIndexes":"permissionGroup","indexes":[{"key":{"assignedToUserIds":1,"deleted":1},"name":"permission_group_assignedUserIds_deleted"}],"$db":"appsmith","$clusterTime":{"clusterTime":{"$timestamp":{"t":1743691330,"i":32}},"signature":{"hash":{"$binary":{"base64":"H8xF27OXZ1lr1Xt3gfx1dpH5eoA=","subType":"0"}},"keyId":7489097039100248068}},"lsid":{"id":{"$uuid":"771e3d24-42b1-43a0-b7d2-986f620a0403"}},"$readPreference":{"mode":"primaryPreferred"}},"numYields":0,"reslen":271,"locks":{"ParallelBatchWriterMode":{"acquireCount":{"r":3}},"FeatureCompatibilityVersion":{"acquireCount":{"r":4,"w":2}},"ReplicationStateTransition":{"acquireCount":{"w":6}},"Global":{"acquireCount":{"r":4,"w":2}},"Database":{"acquireCount":{"r":2,"w":1}},"Collection":{"acquireCount":{"r":2,"W":1}},"Mutex":{"acquireCount":{"r":3}}},"flowControl":{"acquireCount":2},"readConcern":{"level":"local","provenance":"implicitDefault"},"writeConcern":{"w":"majority","wtimeout":0,"provenance":"implicitDefault"},"waitForWriteConcernDurationMillis":1,"storage":{},"remote":"127.0.0.1:56412","protocol":"op_msg","durationMillis":122}}
{"t":{"$date":"2025-04-03T14:42:11.117+00:00"},"s":"I",  "c":"COMMAND",  "id":51806,   "ctx":"conn8","msg":"CMD: dropIndexes","attr":{"namespace":"appsmith.permissionGroup","uuid":{"uuid":{"$uuid":"9cbaabe7-bca7-4f05-857f-589b6a3cb514"}},"indexes":"permission_group_domainId_domainType_deleted_deleted_compound_index"}}
{"t":{"$date":"2025-04-03T14:42:11.120+00:00"},"s":"I",  "c":"COMMAND",  "id":51806,   "ctx":"conn8","msg":"CMD: dropIndexes","attr":{"namespace":"appsmith.datasourceStorageStructure","uuid":{"uuid":{"$uuid":"6b551044-9126-4005-b1ae-aa7195afb7da"}},"indexes":"dsConfigStructure_datasourceId_envId_compound_index"}}
{"t":{"$date":"2025-04-03T14:42:11.976+00:00"},"s":"I",  "c":"COMMAND",  "id":51806,   "ctx":"conn8","msg":"CMD: dropIndexes","attr":{"namespace":"appsmith.application","uuid":{"uuid":{"$uuid":"bf0c6d4f-d70e-4643-bed9-45c2728c1e91"}},"indexes":"deleted_compound_index"}}
{"t":{"$date":"2025-04-03T14:42:11.980+00:00"},"s":"I",  "c":"INDEX",    "id":20438,   "ctx":"conn8","msg":"Index build: registering","attr":{"buildUUID":{"uuid":{"$uuid":"64fe2e92-e0d5-40dd-9226-2cc9190b7e42"}},"namespace":"appsmith.application","collectionUUID":{"uuid":{"$uuid":"bf0c6d4f-d70e-4643-bed9-45c2728c1e91"}},"indexes":1,"firstIndex":{"name":"deleted_compound_index"}}}
{"t":{"$date":"2025-04-03T14:42:11.989+00:00"},"s":"I",  "c":"INDEX",    "id":20345,   "ctx":"conn8","msg":"Index build: done building","attr":{"buildUUID":null,"namespace":"appsmith.application","index":"deleted_compound_index","commitTimestamp":{"$timestamp":{"t":1743691331,"i":15}}}}
{"t":{"$date":"2025-04-03T14:42:11.989+00:00"},"s":"I",  "c":"INDEX",    "id":20440,   "ctx":"conn8","msg":"Index build: waiting for index build to complete","attr":{"buildUUID":{"uuid":{"$uuid":"64fe2e92-e0d5-40dd-9226-2cc9190b7e42"}},"deadline":{"$date":{"$numberLong":"9223372036854775807"}}}}
{"t":{"$date":"2025-04-03T14:42:11.990+00:00"},"s":"I",  "c":"INDEX",    "id":20447,   "ctx":"conn8","msg":"Index build: completed","attr":{"buildUUID":{"uuid":{"$uuid":"64fe2e92-e0d5-40dd-9226-2cc9190b7e42"}}}}
{"t":{"$date":"2025-04-03T14:42:12.206+00:00"},"s":"I",  "c":"COMMAND",  "id":51806,   "ctx":"conn8","msg":"CMD: dropIndexes","attr":{"namespace":"appsmith.workspace","uuid":{"uuid":{"$uuid":"ae3c5978-f198-4270-b7ba-a1fbf5e1c685"}},"indexes":"tenantId_deleted_compound_index"}}
{"t":{"$date":"2025-04-03T14:42:12.211+00:00"},"s":"I",  "c":"INDEX",    "id":20438,   "ctx":"conn8","msg":"Index build: registering","attr":{"buildUUID":{"uuid":{"$uuid":"acd3424f-7297-4930-8eda-72972c0d9e68"}},"namespace":"appsmith.workspace","collectionUUID":{"uuid":{"$uuid":"ae3c5978-f198-4270-b7ba-a1fbf5e1c685"}},"indexes":1,"firstIndex":{"name":"tenantId_deleted_compound_index"}}}
{"t":{"$date":"2025-04-03T14:42:12.223+00:00"},"s":"I",  "c":"INDEX",    "id":20345,   "ctx":"conn8","msg":"Index build: done building","attr":{"buildUUID":null,"namespace":"appsmith.workspace","index":"tenantId_deleted_compound_index","commitTimestamp":{"$timestamp":{"t":1743691332,"i":2}}}}
{"t":{"$date":"2025-04-03T14:42:12.224+00:00"},"s":"I",  "c":"INDEX",    "id":20440,   "ctx":"conn8","msg":"Index build: waiting for index build to complete","attr":{"buildUUID":{"uuid":{"$uuid":"acd3424f-7297-4930-8eda-72972c0d9e68"}},"deadline":{"$date":{"$numberLong":"9223372036854775807"}}}}
{"t":{"$date":"2025-04-03T14:42:12.224+00:00"},"s":"I",  "c":"INDEX",    "id":20447,   "ctx":"conn8","msg":"Index build: completed","attr":{"buildUUID":{"uuid":{"$uuid":"acd3424f-7297-4930-8eda-72972c0d9e68"}}}}
{"t":{"$date":"2025-04-03T14:42:12.336+00:00"},"s":"I",  "c":"INDEX",    "id":20438,   "ctx":"conn8","msg":"Index build: registering","attr":{"buildUUID":{"uuid":{"$uuid":"60674f60-b645-4fac-96d1-93eb3dc6de21"}},"namespace":"appsmith.newAction","collectionUUID":{"uuid":{"$uuid":"35b7486b-3178-4776-859d-fea7c06f8d5b"}},"indexes":1,"firstIndex":{"name":"publishedAction_datasourceId_deleted_compound_index"}}}
{"t":{"$date":"2025-04-03T14:42:12.346+00:00"},"s":"I",  "c":"INDEX",    "id":20345,   "ctx":"conn8","msg":"Index build: done building","attr":{"buildUUID":null,"namespace":"appsmith.newAction","index":"publishedAction_datasourceId_deleted_compound_index","commitTimestamp":{"$timestamp":{"t":1743691332,"i":4}}}}
{"t":{"$date":"2025-04-03T14:42:12.346+00:00"},"s":"I",  "c":"INDEX",    "id":20440,   "ctx":"conn8","msg":"Index build: waiting for index build to complete","attr":{"buildUUID":{"uuid":{"$uuid":"60674f60-b645-4fac-96d1-93eb3dc6de21"}},"deadline":{"$date":{"$numberLong":"9223372036854775807"}}}}
{"t":{"$date":"2025-04-03T14:42:12.347+00:00"},"s":"I",  "c":"INDEX",    "id":20447,   "ctx":"conn8","msg":"Index build: completed","attr":{"buildUUID":{"uuid":{"$uuid":"60674f60-b645-4fac-96d1-93eb3dc6de21"}}}}
{"t":{"$date":"2025-04-03T14:42:12.350+00:00"},"s":"I",  "c":"INDEX",    "id":20438,   "ctx":"conn8","msg":"Index build: registering","attr":{"buildUUID":{"uuid":{"$uuid":"62d8ce97-9265-429b-a37f-bd488f43b5de"}},"namespace":"appsmith.newAction","collectionUUID":{"uuid":{"$uuid":"35b7486b-3178-4776-859d-fea7c06f8d5b"}},"indexes":1,"firstIndex":{"name":"unpublishedAction_datasourceId_deleted_compound_index"}}}
{"t":{"$date":"2025-04-03T14:42:12.361+00:00"},"s":"I",  "c":"INDEX",    "id":20345,   "ctx":"conn8","msg":"Index build: done building","attr":{"buildUUID":null,"namespace":"appsmith.newAction","index":"unpublishedAction_datasourceId_deleted_compound_index","commitTimestamp":{"$timestamp":{"t":1743691332,"i":5}}}}
{"t":{"$date":"2025-04-03T14:42:12.364+00:00"},"s":"I",  "c":"INDEX",    "id":20440,   "ctx":"conn8","msg":"Index build: waiting for index build to complete","attr":{"buildUUID":{"uuid":{"$uuid":"62d8ce97-9265-429b-a37f-bd488f43b5de"}},"deadline":{"$date":{"$numberLong":"9223372036854775807"}}}}
{"t":{"$date":"2025-04-03T14:42:12.379+00:00"},"s":"I",  "c":"INDEX",    "id":20447,   "ctx":"conn8","msg":"Index build: completed","attr":{"buildUUID":{"uuid":{"$uuid":"62d8ce97-9265-429b-a37f-bd488f43b5de"}}}}
{"t":{"$date":"2025-04-03T14:42:13.135+00:00"},"s":"I",  "c":"COMMAND",  "id":51803,   "ctx":"conn7","msg":"Slow query","attr":{"type":"command","ns":"admin.$cmd","command":{"commitTransaction":1,"writeConcern":{"j":false},"$db":"admin","$clusterTime":{"clusterTime":{"$timestamp":{"t":1743691333,"i":1}},"signature":{"hash":{"$binary":{"base64":"l2PmYaJOIQwyGBN/U0j5Q2AKQMQ=","subType":"0"}},"keyId":7489097039100248068}},"lsid":{"id":{"$uuid":"5d314cc3-2b16-4657-a244-6173a7c56298"}},"txnNumber":34,"autocommit":false},"totalOplogSlotDurationMicros":94,"numYields":0,"reslen":163,"locks":{"FeatureCompatibilityVersion":{"acquireCount":{"w":1}},"ReplicationStateTransition":{"acquireCount":{"w":3}},"Global":{"acquireCount":{"w":1}},"Database":{"acquireCount":{"w":2}},"Collection":{"acquireCount":{"w":2}},"Mutex":{"acquireCount":{"r":2}}},"flowControl":{"acquireCount":1},"readConcern":{"level":"local","provenance":"clientSupplied"},"writeConcern":{"w":"majority","j":false,"wtimeout":0,"provenance":"implicitDefault"},"waitForWriteConcernDurationMillis":100,"remote":"127.0.0.1:56408","protocol":"op_msg","durationMillis":100}}
{"t":{"$date":"2025-04-03T14:42:13.463+00:00"},"s":"I",  "c":"COMMAND",  "id":51803,   "ctx":"conn7","msg":"Slow query","attr":{"type":"command","ns":"admin.$cmd","command":{"commitTransaction":1,"writeConcern":{"j":false},"$db":"admin","$clusterTime":{"clusterTime":{"$timestamp":{"t":1743691333,"i":6}},"signature":{"hash":{"$binary":{"base64":"l2PmYaJOIQwyGBN/U0j5Q2AKQMQ=","subType":"0"}},"keyId":7489097039100248068}},"lsid":{"id":{"$uuid":"5d314cc3-2b16-4657-a244-6173a7c56298"}},"txnNumber":37,"autocommit":false},"totalOplogSlotDurationMicros":158,"numYields":0,"reslen":163,"locks":{"FeatureCompatibilityVersion":{"acquireCount":{"w":1}},"ReplicationStateTransition":{"acquireCount":{"w":3}},"Global":{"acquireCount":{"w":1}},"Database":{"acquireCount":{"w":2}},"Collection":{"acquireCount":{"w":2}},"Mutex":{"acquireCount":{"r":2}}},"flowControl":{"acquireCount":1},"readConcern":{"level":"local","provenance":"clientSupplied"},"writeConcern":{"w":"majority","j":false,"wtimeout":0,"provenance":"implicitDefault"},"waitForWriteConcernDurationMillis":99,"remote":"127.0.0.1:56408","protocol":"op_msg","durationMillis":100}}
{"t":{"$date":"2025-04-03T14:42:13.568+00:00"},"s":"I",  "c":"COMMAND",  "id":51806,   "ctx":"conn8","msg":"CMD: dropIndexes","attr":{"namespace":"appsmith.workspace","uuid":{"uuid":{"$uuid":"ae3c5978-f198-4270-b7ba-a1fbf5e1c685"}},"indexes":"name_deleted_compound_index"}}
{"t":{"$date":"2025-04-03T14:42:13.572+00:00"},"s":"I",  "c":"INDEX",    "id":20438,   "ctx":"conn8","msg":"Index build: registering","attr":{"buildUUID":{"uuid":{"$uuid":"f718a2b6-7675-47ad-b236-428b962482c3"}},"namespace":"appsmith.workspace","collectionUUID":{"uuid":{"$uuid":"ae3c5978-f198-4270-b7ba-a1fbf5e1c685"}},"indexes":1,"firstIndex":{"name":"name_deleted_compound_index"}}}
{"t":{"$date":"2025-04-03T14:42:13.581+00:00"},"s":"I",  "c":"INDEX",    "id":20345,   "ctx":"conn8","msg":"Index build: done building","attr":{"buildUUID":null,"namespace":"appsmith.workspace","index":"name_deleted_compound_index","commitTimestamp":{"$timestamp":{"t":1743691333,"i":9}}}}
{"t":{"$date":"2025-04-03T14:42:13.581+00:00"},"s":"I",  "c":"INDEX",    "id":20440,   "ctx":"conn8","msg":"Index build: waiting for index build to complete","attr":{"buildUUID":{"uuid":{"$uuid":"f718a2b6-7675-47ad-b236-428b962482c3"}},"deadline":{"$date":{"$numberLong":"9223372036854775807"}}}}
{"t":{"$date":"2025-04-03T14:42:13.582+00:00"},"s":"I",  "c":"INDEX",    "id":20447,   "ctx":"conn8","msg":"Index build: completed","attr":{"buildUUID":{"uuid":{"$uuid":"f718a2b6-7675-47ad-b236-428b962482c3"}}}}
{"t":{"$date":"2025-04-03T14:42:13.585+00:00"},"s":"I",  "c":"COMMAND",  "id":51806,   "ctx":"conn8","msg":"CMD: dropIndexes","attr":{"namespace":"appsmith.application","uuid":{"uuid":{"$uuid":"bf0c6d4f-d70e-4643-bed9-45c2728c1e91"}},"indexes":"name_deleted_compound_index"}}
{"t":{"$date":"2025-04-03T14:42:13.587+00:00"},"s":"I",  "c":"INDEX",    "id":20438,   "ctx":"conn8","msg":"Index build: registering","attr":{"buildUUID":{"uuid":{"$uuid":"bbdf2a9d-c61a-40a3-b21b-7207c2e402cb"}},"namespace":"appsmith.application","collectionUUID":{"uuid":{"$uuid":"bf0c6d4f-d70e-4643-bed9-45c2728c1e91"}},"indexes":1,"firstIndex":{"name":"name_deleted_compound_index"}}}
{"t":{"$date":"2025-04-03T14:42:13.595+00:00"},"s":"I",  "c":"INDEX",    "id":20345,   "ctx":"conn8","msg":"Index build: done building","attr":{"buildUUID":null,"namespace":"appsmith.application","index":"name_deleted_compound_index","commitTimestamp":{"$timestamp":{"t":1743691333,"i":10}}}}
{"t":{"$date":"2025-04-03T14:42:13.595+00:00"},"s":"I",  "c":"INDEX",    "id":20440,   "ctx":"conn8","msg":"Index build: waiting for index build to complete","attr":{"buildUUID":{"uuid":{"$uuid":"bbdf2a9d-c61a-40a3-b21b-7207c2e402cb"}},"deadline":{"$date":{"$numberLong":"9223372036854775807"}}}}
{"t":{"$date":"2025-04-03T14:42:13.596+00:00"},"s":"I",  "c":"INDEX",    "id":20447,   "ctx":"conn8","msg":"Index build: completed","attr":{"buildUUID":{"uuid":{"$uuid":"bbdf2a9d-c61a-40a3-b21b-7207c2e402cb"}}}}
{"t":{"$date":"2025-04-03T14:42:13.810+00:00"},"s":"I",  "c":"COMMAND",  "id":51803,   "ctx":"conn7","msg":"Slow query","attr":{"type":"command","ns":"admin.$cmd","command":{"commitTransaction":1,"writeConcern":{"j":false},"$db":"admin","$clusterTime":{"clusterTime":{"$timestamp":{"t":1743691333,"i":12}},"signature":{"hash":{"$binary":{"base64":"l2PmYaJOIQwyGBN/U0j5Q2AKQMQ=","subType":"0"}},"keyId":7489097039100248068}},"lsid":{"id":{"$uuid":"5d314cc3-2b16-4657-a244-6173a7c56298"}},"txnNumber":40,"autocommit":false},"totalOplogSlotDurationMicros":70,"numYields":0,"reslen":163,"locks":{"FeatureCompatibilityVersion":{"acquireCount":{"w":1}},"ReplicationStateTransition":{"acquireCount":{"w":3}},"Global":{"acquireCount":{"w":1}},"Database":{"acquireCount":{"w":2}},"Collection":{"acquireCount":{"w":2}},"Mutex":{"acquireCount":{"r":2}}},"flowControl":{"acquireCount":1},"readConcern":{"level":"local","provenance":"clientSupplied"},"writeConcern":{"w":"majority","j":false,"wtimeout":0,"provenance":"implicitDefault"},"waitForWriteConcernDurationMillis":101,"remote":"127.0.0.1:56408","protocol":"op_msg","durationMillis":101}}
{"t":{"$date":"2025-04-03T14:42:13.814+00:00"},"s":"I",  "c":"COMMAND",  "id":51806,   "ctx":"conn8","msg":"CMD: dropIndexes","attr":{"namespace":"appsmith.actionCollection","uuid":{"uuid":{"$uuid":"6ac310a6-02e4-4cc0-b2fd-85c58d15b0b4"}},"indexes":"deleted_1_deletedAt_1_unpublishedCollection.deletedAt_1_createdAt_1_unpublishedCollection.defaultResources.pageId_1"}}
{"t":{"$date":"2025-04-03T14:42:13.816+00:00"},"s":"I",  "c":"COMMAND",  "id":51806,   "ctx":"conn8","msg":"CMD: dropIndexes","attr":{"namespace":"appsmith.actionCollection","uuid":{"uuid":{"$uuid":"6ac310a6-02e4-4cc0-b2fd-85c58d15b0b4"}},"indexes":"action_collection_compound_index_dec23"}}
{"t":{"$date":"2025-04-03T14:42:13.819+00:00"},"s":"I",  "c":"INDEX",    "id":20438,   "ctx":"conn8","msg":"Index build: registering","attr":{"buildUUID":{"uuid":{"$uuid":"afa46c1b-9b13-47ad-8b29-d079e17a716e"}},"namespace":"appsmith.actionCollection","collectionUUID":{"uuid":{"$uuid":"6ac310a6-02e4-4cc0-b2fd-85c58d15b0b4"}},"indexes":1,"firstIndex":{"name":"action_collection_compound_index_dec23"}}}
{"t":{"$date":"2025-04-03T14:42:13.828+00:00"},"s":"I",  "c":"INDEX",    "id":20345,   "ctx":"conn8","msg":"Index build: done building","attr":{"buildUUID":null,"namespace":"appsmith.actionCollection","index":"action_collection_compound_index_dec23","commitTimestamp":{"$timestamp":{"t":1743691333,"i":14}}}}
{"t":{"$date":"2025-04-03T14:42:13.828+00:00"},"s":"I",  "c":"INDEX",    "id":20440,   "ctx":"conn8","msg":"Index build: waiting for index build to complete","attr":{"buildUUID":{"uuid":{"$uuid":"afa46c1b-9b13-47ad-8b29-d079e17a716e"}},"deadline":{"$date":{"$numberLong":"9223372036854775807"}}}}
{"t":{"$date":"2025-04-03T14:42:13.829+00:00"},"s":"I",  "c":"INDEX",    "id":20447,   "ctx":"conn8","msg":"Index build: completed","attr":{"buildUUID":{"uuid":{"$uuid":"afa46c1b-9b13-47ad-8b29-d079e17a716e"}}}}
{"t":{"$date":"2025-04-03T14:42:14.040+00:00"},"s":"I",  "c":"COMMAND",  "id":51806,   "ctx":"conn8","msg":"CMD: dropIndexes","attr":{"namespace":"appsmith.datasourceStorage","uuid":{"uuid":{"$uuid":"3ad12712-b94d-4608-81f1-6a2feadf6fef"}},"indexes":"environmentId_1_deleted_1"}}
{"t":{"$date":"2025-04-03T14:42:14.044+00:00"},"s":"I",  "c":"INDEX",    "id":20438,   "ctx":"conn8","msg":"Index build: registering","attr":{"buildUUID":{"uuid":{"$uuid":"0943abd5-6cf1-4fce-8606-ee28ebf07bc9"}},"namespace":"appsmith.datasourceStorage","collectionUUID":{"uuid":{"$uuid":"3ad12712-b94d-4608-81f1-6a2feadf6fef"}},"indexes":1,"firstIndex":{"name":"environmentId_1_deleted_1"}}}
{"t":{"$date":"2025-04-03T14:42:14.052+00:00"},"s":"I",  "c":"INDEX",    "id":20345,   "ctx":"conn8","msg":"Index build: done building","attr":{"buildUUID":null,"namespace":"appsmith.datasourceStorage","index":"environmentId_1_deleted_1","commitTimestamp":{"$timestamp":{"t":1743691334,"i":1}}}}
{"t":{"$date":"2025-04-03T14:42:14.054+00:00"},"s":"I",  "c":"INDEX",    "id":20440,   "ctx":"conn8","msg":"Index build: waiting for index build to complete","attr":{"buildUUID":{"uuid":{"$uuid":"0943abd5-6cf1-4fce-8606-ee28ebf07bc9"}},"deadline":{"$date":{"$numberLong":"9223372036854775807"}}}}
{"t":{"$date":"2025-04-03T14:42:14.054+00:00"},"s":"I",  "c":"INDEX",    "id":20447,   "ctx":"conn8","msg":"Index build: completed","attr":{"buildUUID":{"uuid":{"$uuid":"0943abd5-6cf1-4fce-8606-ee28ebf07bc9"}}}}
{"t":{"$date":"2025-04-03T14:42:14.478+00:00"},"s":"I",  "c":"COMMAND",  "id":51803,   "ctx":"conn7","msg":"Slow query","attr":{"type":"command","ns":"admin.$cmd","command":{"commitTransaction":1,"writeConcern":{"j":false},"$db":"admin","$clusterTime":{"clusterTime":{"$timestamp":{"t":1743691334,"i":6}},"signature":{"hash":{"$binary":{"base64":"7G2xYEx2rmhZjR81NpFEbNqRAiY=","subType":"0"}},"keyId":7489097039100248068}},"lsid":{"id":{"$uuid":"5d314cc3-2b16-4657-a244-6173a7c56298"}},"txnNumber":46,"autocommit":false},"totalOplogSlotDurationMicros":578,"numYields":0,"reslen":163,"locks":{"FeatureCompatibilityVersion":{"acquireCount":{"w":1}},"ReplicationStateTransition":{"acquireCount":{"w":3}},"Global":{"acquireCount":{"w":1}},"Database":{"acquireCount":{"w":2}},"Collection":{"acquireCount":{"w":2}},"Mutex":{"acquireCount":{"r":2}}},"flowControl":{"acquireCount":1},"readConcern":{"level":"local","provenance":"clientSupplied"},"writeConcern":{"w":"majority","j":false,"wtimeout":0,"provenance":"implicitDefault"},"waitForWriteConcernDurationMillis":101,"remote":"127.0.0.1:56408","protocol":"op_msg","durationMillis":101}}
{"t":{"$date":"2025-04-03T14:42:14.697+00:00"},"s":"I",  "c":"COMMAND",  "id":51803,   "ctx":"conn7","msg":"Slow query","attr":{"type":"command","ns":"admin.$cmd","command":{"commitTransaction":1,"writeConcern":{"j":false},"$db":"admin","$clusterTime":{"clusterTime":{"$timestamp":{"t":1743691334,"i":9}},"signature":{"hash":{"$binary":{"base64":"7G2xYEx2rmhZjR81NpFEbNqRAiY=","subType":"0"}},"keyId":7489097039100248068}},"lsid":{"id":{"$uuid":"5d314cc3-2b16-4657-a244-6173a7c56298"}},"txnNumber":48,"autocommit":false},"totalOplogSlotDurationMicros":86,"numYields":0,"reslen":163,"locks":{"FeatureCompatibilityVersion":{"acquireCount":{"w":1}},"ReplicationStateTransition":{"acquireCount":{"w":3}},"Global":{"acquireCount":{"w":1}},"Database":{"acquireCount":{"w":2}},"Collection":{"acquireCount":{"w":2}},"Mutex":{"acquireCount":{"r":2}}},"flowControl":{"acquireCount":1},"readConcern":{"level":"local","provenance":"clientSupplied"},"writeConcern":{"w":"majority","j":false,"wtimeout":0,"provenance":"implicitDefault"},"waitForWriteConcernDurationMillis":100,"remote":"127.0.0.1:56408","protocol":"op_msg","durationMillis":100}}
{"t":{"$date":"2025-04-03T14:42:14.801+00:00"},"s":"I",  "c":"COMMAND",  "id":51806,   "ctx":"conn8","msg":"CMD: dropIndexes","attr":{"namespace":"appsmith.actionCollection","uuid":{"uuid":{"$uuid":"6ac310a6-02e4-4cc0-b2fd-85c58d15b0b4"}},"indexes":"unpublishedCollection.defaultResources.pageId_1"}}
{"t":{"$date":"2025-04-03T14:42:14.805+00:00"},"s":"I",  "c":"COMMAND",  "id":51806,   "ctx":"conn8","msg":"CMD: dropIndexes","attr":{"namespace":"appsmith.actionCollection","uuid":{"uuid":{"$uuid":"6ac310a6-02e4-4cc0-b2fd-85c58d15b0b4"}},"indexes":"unpublishedCollection.defaultResources.pageId"}}
{"t":{"$date":"2025-04-03T14:42:14.807+00:00"},"s":"I",  "c":"INDEX",    "id":20438,   "ctx":"conn8","msg":"Index build: registering","attr":{"buildUUID":{"uuid":{"$uuid":"1e52ac4b-87ef-46f6-9326-941791ed51d3"}},"namespace":"appsmith.actionCollection","collectionUUID":{"uuid":{"$uuid":"6ac310a6-02e4-4cc0-b2fd-85c58d15b0b4"}},"indexes":1,"firstIndex":{"name":"unpublishedCollection.defaultResources.pageId"}}}
{"t":{"$date":"2025-04-03T14:42:14.818+00:00"},"s":"I",  "c":"INDEX",    "id":20345,   "ctx":"conn8","msg":"Index build: done building","attr":{"buildUUID":null,"namespace":"appsmith.actionCollection","index":"unpublishedCollection.defaultResources.pageId","commitTimestamp":{"$timestamp":{"t":1743691334,"i":12}}}}
{"t":{"$date":"2025-04-03T14:42:14.819+00:00"},"s":"I",  "c":"INDEX",    "id":20440,   "ctx":"conn8","msg":"Index build: waiting for index build to complete","attr":{"buildUUID":{"uuid":{"$uuid":"1e52ac4b-87ef-46f6-9326-941791ed51d3"}},"deadline":{"$date":{"$numberLong":"9223372036854775807"}}}}
{"t":{"$date":"2025-04-03T14:42:14.819+00:00"},"s":"I",  "c":"INDEX",    "id":20447,   "ctx":"conn8","msg":"Index build: completed","attr":{"buildUUID":{"uuid":{"$uuid":"1e52ac4b-87ef-46f6-9326-941791ed51d3"}}}}
{"t":{"$date":"2025-04-03T14:42:14.926+00:00"},"s":"I",  "c":"COMMAND",  "id":51806,   "ctx":"conn8","msg":"CMD: dropIndexes","attr":{"namespace":"appsmith.application","uuid":{"uuid":{"$uuid":"bf0c6d4f-d70e-4643-bed9-45c2728c1e91"}},"indexes":"policies.permissionGroups_1"}}
{"t":{"$date":"2025-04-03T14:42:14.929+00:00"},"s":"I",  "c":"COMMAND",  "id":51806,   "ctx":"conn8","msg":"CMD: dropIndexes","attr":{"namespace":"appsmith.application","uuid":{"uuid":{"$uuid":"bf0c6d4f-d70e-4643-bed9-45c2728c1e91"}},"indexes":"policies.permissionGroups"}}
{"t":{"$date":"2025-04-03T14:42:14.932+00:00"},"s":"I",  "c":"INDEX",    "id":20438,   "ctx":"conn8","msg":"Index build: registering","attr":{"buildUUID":{"uuid":{"$uuid":"519c7bc9-7479-46d7-b3d1-5216c5353250"}},"namespace":"appsmith.application","collectionUUID":{"uuid":{"$uuid":"bf0c6d4f-d70e-4643-bed9-45c2728c1e91"}},"indexes":1,"firstIndex":{"name":"policies.permissionGroups"}}}
{"t":{"$date":"2025-04-03T14:42:14.940+00:00"},"s":"I",  "c":"INDEX",    "id":20345,   "ctx":"conn8","msg":"Index build: done building","attr":{"buildUUID":null,"namespace":"appsmith.application","index":"policies.permissionGroups","commitTimestamp":{"$timestamp":{"t":1743691334,"i":14}}}}
{"t":{"$date":"2025-04-03T14:42:14.941+00:00"},"s":"I",  "c":"INDEX",    "id":20440,   "ctx":"conn8","msg":"Index build: waiting for index build to complete","attr":{"buildUUID":{"uuid":{"$uuid":"519c7bc9-7479-46d7-b3d1-5216c5353250"}},"deadline":{"$date":{"$numberLong":"9223372036854775807"}}}}
{"t":{"$date":"2025-04-03T14:42:14.941+00:00"},"s":"I",  "c":"INDEX",    "id":20447,   "ctx":"conn8","msg":"Index build: completed","attr":{"buildUUID":{"uuid":{"$uuid":"519c7bc9-7479-46d7-b3d1-5216c5353250"}}}}
{"t":{"$date":"2025-04-03T14:42:14.945+00:00"},"s":"I",  "c":"COMMAND",  "id":51806,   "ctx":"conn8","msg":"CMD: dropIndexes","attr":{"namespace":"appsmith.workspace","uuid":{"uuid":{"$uuid":"ae3c5978-f198-4270-b7ba-a1fbf5e1c685"}},"indexes":"policies.permissionGroups_1"}}
{"t":{"$date":"2025-04-03T14:42:14.947+00:00"},"s":"I",  "c":"COMMAND",  "id":51806,   "ctx":"conn8","msg":"CMD: dropIndexes","attr":{"namespace":"appsmith.workspace","uuid":{"uuid":{"$uuid":"ae3c5978-f198-4270-b7ba-a1fbf5e1c685"}},"indexes":"policies.permissionGroups"}}
{"t":{"$date":"2025-04-03T14:42:14.950+00:00"},"s":"I",  "c":"INDEX",    "id":20438,   "ctx":"conn8","msg":"Index build: registering","attr":{"buildUUID":{"uuid":{"$uuid":"638fd073-6a72-4c51-9094-e5071e76ee5c"}},"namespace":"appsmith.workspace","collectionUUID":{"uuid":{"$uuid":"ae3c5978-f198-4270-b7ba-a1fbf5e1c685"}},"indexes":1,"firstIndex":{"name":"policies.permissionGroups"}}}
{"t":{"$date":"2025-04-03T14:42:14.958+00:00"},"s":"I",  "c":"INDEX",    "id":20345,   "ctx":"conn8","msg":"Index build: done building","attr":{"buildUUID":null,"namespace":"appsmith.workspace","index":"policies.permissionGroups","commitTimestamp":{"$timestamp":{"t":1743691334,"i":15}}}}
{"t":{"$date":"2025-04-03T14:42:14.959+00:00"},"s":"I",  "c":"INDEX",    "id":20440,   "ctx":"conn8","msg":"Index build: waiting for index build to complete","attr":{"buildUUID":{"uuid":{"$uuid":"638fd073-6a72-4c51-9094-e5071e76ee5c"}},"deadline":{"$date":{"$numberLong":"9223372036854775807"}}}}
{"t":{"$date":"2025-04-03T14:42:14.960+00:00"},"s":"I",  "c":"INDEX",    "id":20447,   "ctx":"conn8","msg":"Index build: completed","attr":{"buildUUID":{"uuid":{"$uuid":"638fd073-6a72-4c51-9094-e5071e76ee5c"}}}}
{"t":{"$date":"2025-04-03T14:42:14.963+00:00"},"s":"I",  "c":"COMMAND",  "id":51806,   "ctx":"conn8","msg":"CMD: dropIndexes","attr":{"namespace":"appsmith.datasourceStorage","uuid":{"uuid":{"$uuid":"3ad12712-b94d-4608-81f1-6a2feadf6fef"}},"indexes":"environmentId_1"}}
{"t":{"$date":"2025-04-03T14:42:14.964+00:00"},"s":"I",  "c":"COMMAND",  "id":51806,   "ctx":"conn8","msg":"CMD: dropIndexes","attr":{"namespace":"appsmith.datasourceStorage","uuid":{"uuid":{"$uuid":"3ad12712-b94d-4608-81f1-6a2feadf6fef"}},"indexes":"environmentId"}}
{"t":{"$date":"2025-04-03T14:42:14.966+00:00"},"s":"I",  "c":"INDEX",    "id":20438,   "ctx":"conn8","msg":"Index build: registering","attr":{"buildUUID":{"uuid":{"$uuid":"efcf6ffe-f54c-4b27-b8b3-1e8501e609e6"}},"namespace":"appsmith.datasourceStorage","collectionUUID":{"uuid":{"$uuid":"3ad12712-b94d-4608-81f1-6a2feadf6fef"}},"indexes":1,"firstIndex":{"name":"environmentId"}}}
{"t":{"$date":"2025-04-03T14:42:14.974+00:00"},"s":"I",  "c":"INDEX",    "id":20345,   "ctx":"conn8","msg":"Index build: done building","attr":{"buildUUID":null,"namespace":"appsmith.datasourceStorage","index":"environmentId","commitTimestamp":{"$timestamp":{"t":1743691334,"i":16}}}}
{"t":{"$date":"2025-04-03T14:42:14.975+00:00"},"s":"I",  "c":"INDEX",    "id":20440,   "ctx":"conn8","msg":"Index build: waiting for index build to complete","attr":{"buildUUID":{"uuid":{"$uuid":"efcf6ffe-f54c-4b27-b8b3-1e8501e609e6"}},"deadline":{"$date":{"$numberLong":"9223372036854775807"}}}}
{"t":{"$date":"2025-04-03T14:42:14.975+00:00"},"s":"I",  "c":"INDEX",    "id":20447,   "ctx":"conn8","msg":"Index build: completed","attr":{"buildUUID":{"uuid":{"$uuid":"efcf6ffe-f54c-4b27-b8b3-1e8501e609e6"}}}}
{"t":{"$date":"2025-04-03T14:42:15.393+00:00"},"s":"I",  "c":"COMMAND",  "id":51806,   "ctx":"conn8","msg":"CMD: dropIndexes","attr":{"namespace":"appsmith.user","uuid":{"uuid":{"$uuid":"c8004d4d-4f81-4a60-9be9-863bce86f3ea"}},"indexes":"deleted_1_deletedAt_1_email_1_createdAt_-1"}}
{"t":{"$date":"2025-04-03T14:42:15.397+00:00"},"s":"I",  "c":"COMMAND",  "id":51806,   "ctx":"conn8","msg":"CMD: dropIndexes","attr":{"namespace":"appsmith.user","uuid":{"uuid":{"$uuid":"c8004d4d-4f81-4a60-9be9-863bce86f3ea"}},"indexes":"user_deleted_deletedAt_email_createdAt_compound_index"}}
{"t":{"$date":"2025-04-03T14:42:15.399+00:00"},"s":"I",  "c":"INDEX",    "id":20438,   "ctx":"conn8","msg":"Index build: registering","attr":{"buildUUID":{"uuid":{"$uuid":"064f9b32-a801-40f6-b371-d0ffac652a29"}},"namespace":"appsmith.user","collectionUUID":{"uuid":{"$uuid":"c8004d4d-4f81-4a60-9be9-863bce86f3ea"}},"indexes":1,"firstIndex":{"name":"user_deleted_deletedAt_email_createdAt_compound_index"}}}
{"t":{"$date":"2025-04-03T14:42:15.415+00:00"},"s":"I",  "c":"INDEX",    "id":20384,   "ctx":"IndexBuildsCoordinatorMongod-0","msg":"Index build: starting","attr":{"buildUUID":{"uuid":{"$uuid":"064f9b32-a801-40f6-b371-d0ffac652a29"}},"collectionUUID":{"uuid":{"$uuid":"c8004d4d-4f81-4a60-9be9-863bce86f3ea"}},"namespace":"appsmith.user","properties":{"v":2,"key":{"deleted":1,"deletedAt":1,"email":1,"createdAt":-1},"name":"user_deleted_deletedAt_email_createdAt_compound_index"},"method":"Hybrid","maxTemporaryMemoryUsageMB":200}}
{"t":{"$date":"2025-04-03T14:42:15.415+00:00"},"s":"I",  "c":"INDEX",    "id":20346,   "ctx":"IndexBuildsCoordinatorMongod-0","msg":"Index build: initialized","attr":{"buildUUID":{"uuid":{"$uuid":"064f9b32-a801-40f6-b371-d0ffac652a29"}},"collectionUUID":{"uuid":{"$uuid":"c8004d4d-4f81-4a60-9be9-863bce86f3ea"}},"namespace":"appsmith.user","initializationTimestamp":{"$timestamp":{"t":1743691335,"i":5}}}}
{"t":{"$date":"2025-04-03T14:42:15.416+00:00"},"s":"I",  "c":"STORAGE",  "id":4847600, "ctx":"IndexBuildsCoordinatorMongod-0","msg":"Index build: waiting for last optime before interceptors to be majority committed","attr":{"buildUUID":{"uuid":{"$uuid":"064f9b32-a801-40f6-b371-d0ffac652a29"}},"collectionUUID":{"uuid":{"$uuid":"c8004d4d-4f81-4a60-9be9-863bce86f3ea"}},"deadline":{"$date":"2025-04-03T14:42:25.415Z"},"timeoutMillis":10000,"lastOpTime":{"ts":{"$timestamp":{"t":1743691335,"i":5}},"t":2}}}
{"t":{"$date":"2025-04-03T14:42:15.416+00:00"},"s":"I",  "c":"INDEX",    "id":20440,   "ctx":"conn8","msg":"Index build: waiting for index build to complete","attr":{"buildUUID":{"uuid":{"$uuid":"064f9b32-a801-40f6-b371-d0ffac652a29"}},"deadline":{"$date":{"$numberLong":"9223372036854775807"}}}}
{"t":{"$date":"2025-04-03T14:42:15.504+00:00"},"s":"I",  "c":"INDEX",    "id":20391,   "ctx":"IndexBuildsCoordinatorMongod-0","msg":"Index build: collection scan done","attr":{"buildUUID":{"uuid":{"$uuid":"064f9b32-a801-40f6-b371-d0ffac652a29"}},"collectionUUID":{"uuid":{"$uuid":"c8004d4d-4f81-4a60-9be9-863bce86f3ea"}},"namespace":"appsmith.user","totalRecords":1,"readSource":"kMajorityCommitted","durationMillis":0}}
{"t":{"$date":"2025-04-03T14:42:15.509+00:00"},"s":"I",  "c":"INDEX",    "id":20685,   "ctx":"IndexBuildsCoordinatorMongod-0","msg":"Index build: inserted keys from external sorter into index","attr":{"namespace":"appsmith.user","index":"user_deleted_deletedAt_email_createdAt_compound_index","keysInserted":1,"durationMillis":0}}
{"t":{"$date":"2025-04-03T14:42:15.517+00:00"},"s":"I",  "c":"STORAGE",  "id":3856201, "ctx":"conn28","msg":"Index build: commit quorum satisfied","attr":{"indexBuildEntry":{"_id":{"$uuid":"064f9b32-a801-40f6-b371-d0ffac652a29"},"collectionUUID":{"$uuid":"c8004d4d-4f81-4a60-9be9-863bce86f3ea"},"commitQuorum":"votingMembers","indexNames":["user_deleted_deletedAt_email_createdAt_compound_index"],"commitReadyMembers":["localhost:27017"]}}}
{"t":{"$date":"2025-04-03T14:42:15.518+00:00"},"s":"I",  "c":"CONNPOOL", "id":22566,   "ctx":"ReplNetwork","msg":"Ending connection due to bad connection status","attr":{"hostAndPort":"localhost:27017","error":"CallbackCanceled: Callback was canceled","numOpenConns":0}}
{"t":{"$date":"2025-04-03T14:42:15.519+00:00"},"s":"I",  "c":"CONNPOOL", "id":22576,   "ctx":"ReplNetwork","msg":"Connecting","attr":{"hostAndPort":"localhost:27017"}}
{"t":{"$date":"2025-04-03T14:42:15.518+00:00"},"s":"I",  "c":"STORAGE",  "id":3856203, "ctx":"IndexBuildsCoordinatorMongod-0","msg":"Index build: waiting for next action before completing final phase","attr":{"buildUUID":{"uuid":{"$uuid":"064f9b32-a801-40f6-b371-d0ffac652a29"}}}}
{"t":{"$date":"2025-04-03T14:42:15.521+00:00"},"s":"I",  "c":"STORAGE",  "id":3856204, "ctx":"IndexBuildsCoordinatorMongod-0","msg":"Index build: received signal","attr":{"buildUUID":{"uuid":{"$uuid":"064f9b32-a801-40f6-b371-d0ffac652a29"}},"action":"Commit quorum Satisfied"}}
{"t":{"$date":"2025-04-03T14:42:15.521+00:00"},"s":"I",  "c":"NETWORK",  "id":22943,   "ctx":"listener","msg":"Connection accepted","attr":{"remote":"127.0.0.1:56442","uuid":"cb597203-58de-42f2-b4f0-1e67839fdfcd","connectionId":30,"connectionCount":7}}
{"t":{"$date":"2025-04-03T14:42:15.521+00:00"},"s":"I",  "c":"NETWORK",  "id":22944,   "ctx":"conn28","msg":"Connection ended","attr":{"remote":"127.0.0.1:56438","uuid":"5c78883c-8172-4ecd-a386-eb63115ccf57","connectionId":28,"connectionCount":6}}
{"t":{"$date":"2025-04-03T14:42:15.522+00:00"},"s":"I",  "c":"INDEX",    "id":20345,   "ctx":"IndexBuildsCoordinatorMongod-0","msg":"Index build: done building","attr":{"buildUUID":{"uuid":{"$uuid":"064f9b32-a801-40f6-b371-d0ffac652a29"}},"namespace":"appsmith.user","index":"user_deleted_deletedAt_email_createdAt_compound_index","commitTimestamp":{"$timestamp":{"t":1743691335,"i":7}}}}
{"t":{"$date":"2025-04-03T14:42:15.522+00:00"},"s":"I",  "c":"NETWORK",  "id":51800,   "ctx":"conn30","msg":"client metadata","attr":{"remote":"127.0.0.1:56442","client":"conn30","negotiatedCompressors":["snappy","zstd","zlib"],"doc":{"driver":{"name":"NetworkInterfaceTL","version":"5.0.30"},"os":{"type":"Linux","name":"Ubuntu","architecture":"aarch64","version":"20.04"}}}}
{"t":{"$date":"2025-04-03T14:42:15.524+00:00"},"s":"I",  "c":"ACCESS",   "id":20250,   "ctx":"conn30","msg":"Authentication succeeded","attr":{"mechanism":"SCRAM-SHA-256","speculative":true,"principalName":"__system","authenticationDatabase":"local","remote":"127.0.0.1:56442","extraInfo":{}}}
{"t":{"$date":"2025-04-03T14:42:15.526+00:00"},"s":"I",  "c":"STORAGE",  "id":20663,   "ctx":"IndexBuildsCoordinatorMongod-0","msg":"Index build: completed successfully","attr":{"buildUUID":{"uuid":{"$uuid":"064f9b32-a801-40f6-b371-d0ffac652a29"}},"collectionUUID":{"uuid":{"$uuid":"c8004d4d-4f81-4a60-9be9-863bce86f3ea"}},"namespace":"appsmith.user","indexesBuilt":["user_deleted_deletedAt_email_createdAt_compound_index"],"numIndexesBefore":3,"numIndexesAfter":4}}
{"t":{"$date":"2025-04-03T14:42:15.527+00:00"},"s":"I",  "c":"INDEX",    "id":20447,   "ctx":"conn8","msg":"Index build: completed","attr":{"buildUUID":{"uuid":{"$uuid":"064f9b32-a801-40f6-b371-d0ffac652a29"}}}}
{"t":{"$date":"2025-04-03T14:42:15.529+00:00"},"s":"I",  "c":"COMMAND",  "id":51803,   "ctx":"conn8","msg":"Slow query","attr":{"type":"command","ns":"appsmith.user","command":{"createIndexes":"user","indexes":[{"key":{"deleted":1,"deletedAt":1,"email":1,"createdAt":-1},"name":"user_deleted_deletedAt_email_createdAt_compound_index"}],"$db":"appsmith","$clusterTime":{"clusterTime":{"$timestamp":{"t":1743691335,"i":3}},"signature":{"hash":{"$binary":{"base64":"MdtcZOy5skMvokUvO3aARpjQFVw=","subType":"0"}},"keyId":7489097039100248068}},"lsid":{"id":{"$uuid":"771e3d24-42b1-43a0-b7d2-986f620a0403"}},"$readPreference":{"mode":"primaryPreferred"}},"numYields":0,"reslen":271,"locks":{"ParallelBatchWriterMode":{"acquireCount":{"r":3}},"FeatureCompatibilityVersion":{"acquireCount":{"r":4,"w":2}},"ReplicationStateTransition":{"acquireCount":{"w":6}},"Global":{"acquireCount":{"r":4,"w":2}},"Database":{"acquireCount":{"r":2,"w":1}},"Collection":{"acquireCount":{"r":2,"W":1}},"Mutex":{"acquireCount":{"r":3}}},"flowControl":{"acquireCount":2},"readConcern":{"level":"local","provenance":"implicitDefault"},"writeConcern":{"w":"majority","wtimeout":0,"provenance":"implicitDefault"},"waitForWriteConcernDurationMillis":1,"storage":{},"remote":"127.0.0.1:56412","protocol":"op_msg","durationMillis":130}}
{"t":{"$date":"2025-04-03T14:42:15.850+00:00"},"s":"I",  "c":"COMMAND",  "id":51806,   "ctx":"conn8","msg":"CMD: dropIndexes","attr":{"namespace":"appsmith.newAction","uuid":{"uuid":{"$uuid":"35b7486b-3178-4776-859d-fea7c06f8d5b"}},"indexes":"unpublished_collectionId_deletedAt_index"}}
{"t":{"$date":"2025-04-03T14:42:15.853+00:00"},"s":"I",  "c":"COMMAND",  "id":51806,   "ctx":"conn8","msg":"CMD: dropIndexes","attr":{"namespace":"appsmith.newAction","uuid":{"uuid":{"$uuid":"35b7486b-3178-4776-859d-fea7c06f8d5b"}},"indexes":"unpublishedAction.collectionId_1_deletedAt_1"}}
{"t":{"$date":"2025-04-03T14:42:15.855+00:00"},"s":"I",  "c":"COMMAND",  "id":51806,   "ctx":"conn8","msg":"CMD: dropIndexes","attr":{"namespace":"appsmith.newAction","uuid":{"uuid":{"$uuid":"35b7486b-3178-4776-859d-fea7c06f8d5b"}},"indexes":"published_collectionId_deletedAt_index"}}
{"t":{"$date":"2025-04-03T14:42:15.857+00:00"},"s":"I",  "c":"COMMAND",  "id":51806,   "ctx":"conn8","msg":"CMD: dropIndexes","attr":{"namespace":"appsmith.newAction","uuid":{"uuid":{"$uuid":"35b7486b-3178-4776-859d-fea7c06f8d5b"}},"indexes":"publishedAction.collectionId_1_deletedAt_1"}}
{"t":{"$date":"2025-04-03T14:42:15.860+00:00"},"s":"I",  "c":"INDEX",    "id":20438,   "ctx":"conn8","msg":"Index build: registering","attr":{"buildUUID":{"uuid":{"$uuid":"97c6f4c8-4d7c-421e-80f9-4ca5ccce42b0"}},"namespace":"appsmith.newAction","collectionUUID":{"uuid":{"$uuid":"35b7486b-3178-4776-859d-fea7c06f8d5b"}},"indexes":1,"firstIndex":{"name":"unpublished_collectionId_deletedAt_index"}}}
{"t":{"$date":"2025-04-03T14:42:15.869+00:00"},"s":"I",  "c":"INDEX",    "id":20345,   "ctx":"conn8","msg":"Index build: done building","attr":{"buildUUID":null,"namespace":"appsmith.newAction","index":"unpublished_collectionId_deletedAt_index","commitTimestamp":{"$timestamp":{"t":1743691335,"i":12}}}}
{"t":{"$date":"2025-04-03T14:42:15.870+00:00"},"s":"I",  "c":"INDEX",    "id":20440,   "ctx":"conn8","msg":"Index build: waiting for index build to complete","attr":{"buildUUID":{"uuid":{"$uuid":"97c6f4c8-4d7c-421e-80f9-4ca5ccce42b0"}},"deadline":{"$date":{"$numberLong":"9223372036854775807"}}}}
{"t":{"$date":"2025-04-03T14:42:15.871+00:00"},"s":"I",  "c":"INDEX",    "id":20447,   "ctx":"conn8","msg":"Index build: completed","attr":{"buildUUID":{"uuid":{"$uuid":"97c6f4c8-4d7c-421e-80f9-4ca5ccce42b0"}}}}
{"t":{"$date":"2025-04-03T14:42:15.875+00:00"},"s":"I",  "c":"INDEX",    "id":20438,   "ctx":"conn8","msg":"Index build: registering","attr":{"buildUUID":{"uuid":{"$uuid":"7e6fe1d8-8b04-48ca-9fba-d98ca8c51e80"}},"namespace":"appsmith.newAction","collectionUUID":{"uuid":{"$uuid":"35b7486b-3178-4776-859d-fea7c06f8d5b"}},"indexes":1,"firstIndex":{"name":"published_collectionId_deletedAt_index"}}}
{"t":{"$date":"2025-04-03T14:42:15.883+00:00"},"s":"I",  "c":"INDEX",    "id":20345,   "ctx":"conn8","msg":"Index build: done building","attr":{"buildUUID":null,"namespace":"appsmith.newAction","index":"published_collectionId_deletedAt_index","commitTimestamp":{"$timestamp":{"t":1743691335,"i":13}}}}
{"t":{"$date":"2025-04-03T14:42:15.884+00:00"},"s":"I",  "c":"INDEX",    "id":20440,   "ctx":"conn8","msg":"Index build: waiting for index build to complete","attr":{"buildUUID":{"uuid":{"$uuid":"7e6fe1d8-8b04-48ca-9fba-d98ca8c51e80"}},"deadline":{"$date":{"$numberLong":"9223372036854775807"}}}}
{"t":{"$date":"2025-04-03T14:42:15.884+00:00"},"s":"I",  "c":"INDEX",    "id":20447,   "ctx":"conn8","msg":"Index build: completed","attr":{"buildUUID":{"uuid":{"$uuid":"7e6fe1d8-8b04-48ca-9fba-d98ca8c51e80"}}}}
{"t":{"$date":"2025-04-03T14:42:16.311+00:00"},"s":"I",  "c":"COMMAND",  "id":51803,   "ctx":"conn7","msg":"Slow query","attr":{"type":"command","ns":"admin.$cmd","command":{"commitTransaction":1,"writeConcern":{"j":false},"$db":"admin","$clusterTime":{"clusterTime":{"$timestamp":{"t":1743691336,"i":1}},"signature":{"hash":{"$binary":{"base64":"8hlmfCSrNPvWocAPFUNcKfaSAKA=","subType":"0"}},"keyId":7489097039100248068}},"lsid":{"id":{"$uuid":"5d314cc3-2b16-4657-a244-6173a7c56298"}},"txnNumber":61,"autocommit":false},"totalOplogSlotDurationMicros":164,"numYields":0,"reslen":163,"locks":{"FeatureCompatibilityVersion":{"acquireCount":{"w":1}},"ReplicationStateTransition":{"acquireCount":{"w":3}},"Global":{"acquireCount":{"w":1}},"Database":{"acquireCount":{"w":2}},"Collection":{"acquireCount":{"w":2}},"Mutex":{"acquireCount":{"r":2}}},"flowControl":{"acquireCount":1},"readConcern":{"level":"local","provenance":"clientSupplied"},"writeConcern":{"w":"majority","j":false,"wtimeout":0,"provenance":"implicitDefault"},"waitForWriteConcernDurationMillis":100,"remote":"127.0.0.1:56408","protocol":"op_msg","durationMillis":100}}
{"t":{"$date":"2025-04-03T14:42:16.314+00:00"},"s":"I",  "c":"COMMAND",  "id":51806,   "ctx":"conn8","msg":"CMD: dropIndexes","attr":{"namespace":"appsmith.application","uuid":{"uuid":{"$uuid":"bf0c6d4f-d70e-4643-bed9-45c2728c1e91"}},"indexes":"branchName_defaultArtifactId_deletedAt_deleted"}}
{"t":{"$date":"2025-04-03T14:42:16.319+00:00"},"s":"I",  "c":"INDEX",    "id":20438,   "ctx":"conn8","msg":"Index build: registering","attr":{"buildUUID":{"uuid":{"$uuid":"50a7d5b3-cd15-4b15-b376-3af9b2a937bb"}},"namespace":"appsmith.application","collectionUUID":{"uuid":{"$uuid":"bf0c6d4f-d70e-4643-bed9-45c2728c1e91"}},"indexes":1,"firstIndex":{"name":"branchName_defaultArtifactId_deletedAt_deleted"}}}
{"t":{"$date":"2025-04-03T14:42:16.328+00:00"},"s":"I",  "c":"INDEX",    "id":20345,   "ctx":"conn8","msg":"Index build: done building","attr":{"buildUUID":null,"namespace":"appsmith.application","index":"branchName_defaultArtifactId_deletedAt_deleted","commitTimestamp":{"$timestamp":{"t":1743691336,"i":3}}}}
{"t":{"$date":"2025-04-03T14:42:16.329+00:00"},"s":"I",  "c":"INDEX",    "id":20440,   "ctx":"conn8","msg":"Index build: waiting for index build to complete","attr":{"buildUUID":{"uuid":{"$uuid":"50a7d5b3-cd15-4b15-b376-3af9b2a937bb"}},"deadline":{"$date":{"$numberLong":"9223372036854775807"}}}}
{"t":{"$date":"2025-04-03T14:42:16.329+00:00"},"s":"I",  "c":"INDEX",    "id":20447,   "ctx":"conn8","msg":"Index build: completed","attr":{"buildUUID":{"uuid":{"$uuid":"50a7d5b3-cd15-4b15-b376-3af9b2a937bb"}}}}
{"t":{"$date":"2025-04-03T14:42:16.444+00:00"},"s":"I",  "c":"NETWORK",  "id":22943,   "ctx":"listener","msg":"Connection accepted","attr":{"remote":"127.0.0.1:56444","uuid":"65bef33b-7dfb-4150-b6b2-93e43eb3e96c","connectionId":31,"connectionCount":8}}
{"t":{"$date":"2025-04-03T14:42:16.445+00:00"},"s":"I",  "c":"NETWORK",  "id":22943,   "ctx":"listener","msg":"Connection accepted","attr":{"remote":"127.0.0.1:56446","uuid":"cf7df600-beb6-4f17-b1d6-4e98aa982903","connectionId":32,"connectionCount":9}}
{"t":{"$date":"2025-04-03T14:42:16.445+00:00"},"s":"I",  "c":"NETWORK",  "id":51800,   "ctx":"conn31","msg":"client metadata","attr":{"remote":"127.0.0.1:56444","client":"conn31","negotiatedCompressors":[],"doc":{"driver":{"name":"mongo-java-driver|sync|spring-boot","version":"5.0.1"},"os":{"type":"Linux","name":"Linux","architecture":"aarch64","version":"5.10.104-linuxkit"},"platform":"Java/Eclipse Adoptium/17.0.9+9","env":{"container":{"runtime":"docker"}}}}}
{"t":{"$date":"2025-04-03T14:42:16.446+00:00"},"s":"I",  "c":"NETWORK",  "id":51800,   "ctx":"conn32","msg":"client metadata","attr":{"remote":"127.0.0.1:56446","client":"conn32","negotiatedCompressors":[],"doc":{"driver":{"name":"mongo-java-driver|sync|spring-boot","version":"5.0.1"},"os":{"type":"Linux","name":"Linux","architecture":"aarch64","version":"5.10.104-linuxkit"},"platform":"Java/Eclipse Adoptium/17.0.9+9","env":{"container":{"runtime":"docker"}}}}}
{"t":{"$date":"2025-04-03T14:42:16.451+00:00"},"s":"I",  "c":"ACCESS",   "id":20250,   "ctx":"conn31","msg":"Authentication succeeded","attr":{"mechanism":"SCRAM-SHA-256","speculative":true,"principalName":"appsmith","authenticationDatabase":"appsmith","remote":"127.0.0.1:56444","extraInfo":{}}}
{"t":{"$date":"2025-04-03T14:42:16.451+00:00"},"s":"I",  "c":"ACCESS",   "id":20250,   "ctx":"conn32","msg":"Authentication succeeded","attr":{"mechanism":"SCRAM-SHA-256","speculative":true,"principalName":"appsmith","authenticationDatabase":"appsmith","remote":"127.0.0.1:56446","extraInfo":{}}}
{"t":{"$date":"2025-04-03T14:42:16.558+00:00"},"s":"I",  "c":"COMMAND",  "id":51806,   "ctx":"conn8","msg":"CMD: dropIndexes","attr":{"namespace":"appsmith.actionCollection","uuid":{"uuid":{"$uuid":"6ac310a6-02e4-4cc0-b2fd-85c58d15b0b4"}},"indexes":"defaultCollectionId_branchName_deleted"}}
{"t":{"$date":"2025-04-03T14:42:16.559+00:00"},"s":"I",  "c":"COMMAND",  "id":51806,   "ctx":"conn32","msg":"CMD: dropIndexes","attr":{"namespace":"appsmith.newAction","uuid":{"uuid":{"$uuid":"35b7486b-3178-4776-859d-fea7c06f8d5b"}},"indexes":"defaultActionId_branchName_deleted_compound_index"}}
{"t":{"$date":"2025-04-03T14:42:16.559+00:00"},"s":"I",  "c":"COMMAND",  "id":51806,   "ctx":"conn31","msg":"CMD: dropIndexes","attr":{"namespace":"appsmith.newPage","uuid":{"uuid":{"$uuid":"303e4b3c-eb81-4cad-85a5-98d841e218d3"}},"indexes":"defaultApplicationId_gitSyncId_deleted"}}
{"t":{"$date":"2025-04-03T14:42:16.560+00:00"},"s":"I",  "c":"STORAGE",  "id":22206,   "ctx":"conn8","msg":"Deferring table drop for index","attr":{"index":"defaultCollectionId_branchName_deleted","namespace":"appsmith.actionCollection","uuid":{"uuid":{"$uuid":"6ac310a6-02e4-4cc0-b2fd-85c58d15b0b4"}},"ident":"index-68-1440771236522914707","dropTime":{"":{"$timestamp":{"t":1743691336,"i":6}}}}}
{"t":{"$date":"2025-04-03T14:42:16.561+00:00"},"s":"I",  "c":"STORAGE",  "id":22206,   "ctx":"conn32","msg":"Deferring table drop for index","attr":{"index":"defaultActionId_branchName_deleted_compound_index","namespace":"appsmith.newAction","uuid":{"uuid":{"$uuid":"35b7486b-3178-4776-859d-fea7c06f8d5b"}},"ident":"index-65-1440771236522914707","dropTime":{"":{"$timestamp":{"t":1743691336,"i":7}}}}}
{"t":{"$date":"2025-04-03T14:42:16.561+00:00"},"s":"I",  "c":"STORAGE",  "id":22206,   "ctx":"conn31","msg":"Deferring table drop for index","attr":{"index":"defaultApplicationId_gitSyncId_deleted","namespace":"appsmith.newPage","uuid":{"uuid":{"$uuid":"303e4b3c-eb81-4cad-85a5-98d841e218d3"}},"ident":"index-81-1440771236522914707","dropTime":{"":{"$timestamp":{"t":1743691336,"i":8}}}}}
{"t":{"$date":"2025-04-03T14:42:16.565+00:00"},"s":"I",  "c":"COMMAND",  "id":51806,   "ctx":"conn8","msg":"CMD: dropIndexes","attr":{"namespace":"appsmith.newAction","uuid":{"uuid":{"$uuid":"35b7486b-3178-4776-859d-fea7c06f8d5b"}},"indexes":"defaultApplicationId_gitSyncId_deleted"}}
{"t":{"$date":"2025-04-03T14:42:16.566+00:00"},"s":"I",  "c":"COMMAND",  "id":51806,   "ctx":"conn31","msg":"CMD: dropIndexes","attr":{"namespace":"appsmith.newPage","uuid":{"uuid":{"$uuid":"303e4b3c-eb81-4cad-85a5-98d841e218d3"}},"indexes":"defaultPageId_branchName_deleted_compound_index"}}
{"t":{"$date":"2025-04-03T14:42:16.566+00:00"},"s":"I",  "c":"COMMAND",  "id":51806,   "ctx":"conn32","msg":"CMD: dropIndexes","attr":{"namespace":"appsmith.actionCollection","uuid":{"uuid":{"$uuid":"6ac310a6-02e4-4cc0-b2fd-85c58d15b0b4"}},"indexes":"defaultApplicationId_gitSyncId_deleted"}}
{"t":{"$date":"2025-04-03T14:42:16.566+00:00"},"s":"I",  "c":"STORAGE",  "id":22206,   "ctx":"conn8","msg":"Deferring table drop for index","attr":{"index":"defaultApplicationId_gitSyncId_deleted","namespace":"appsmith.newAction","uuid":{"uuid":{"$uuid":"35b7486b-3178-4776-859d-fea7c06f8d5b"}},"ident":"index-80-1440771236522914707","dropTime":{"":{"$timestamp":{"t":1743691336,"i":9}}}}}
{"t":{"$date":"2025-04-03T14:42:16.567+00:00"},"s":"I",  "c":"STORAGE",  "id":22206,   "ctx":"conn31","msg":"Deferring table drop for index","attr":{"index":"defaultPageId_branchName_deleted_compound_index","namespace":"appsmith.newPage","uuid":{"uuid":{"$uuid":"303e4b3c-eb81-4cad-85a5-98d841e218d3"}},"ident":"index-69-1440771236522914707","dropTime":{"":{"$timestamp":{"t":1743691336,"i":10}}}}}
{"t":{"$date":"2025-04-03T14:42:16.568+00:00"},"s":"I",  "c":"STORAGE",  "id":22206,   "ctx":"conn32","msg":"Deferring table drop for index","attr":{"index":"defaultApplicationId_gitSyncId_deleted","namespace":"appsmith.actionCollection","uuid":{"uuid":{"$uuid":"6ac310a6-02e4-4cc0-b2fd-85c58d15b0b4"}},"ident":"index-79-1440771236522914707","dropTime":{"":{"$timestamp":{"t":1743691336,"i":11}}}}}
{"t":{"$date":"2025-04-03T14:42:16.571+00:00"},"s":"I",  "c":"COMMAND",  "id":51806,   "ctx":"conn32","msg":"CMD: dropIndexes","attr":{"namespace":"appsmith.actionCollection","uuid":{"uuid":{"$uuid":"6ac310a6-02e4-4cc0-b2fd-85c58d15b0b4"}},"indexes":"unpublishedCollection.defaultResources.pageId"}}
{"t":{"$date":"2025-04-03T14:42:16.572+00:00"},"s":"I",  "c":"COMMAND",  "id":51806,   "ctx":"conn8","msg":"CMD: dropIndexes","attr":{"namespace":"appsmith.newAction","uuid":{"uuid":{"$uuid":"35b7486b-3178-4776-859d-fea7c06f8d5b"}},"indexes":"baseId_branchName_compound_index"}}
{"t":{"$date":"2025-04-03T14:42:16.572+00:00"},"s":"I",  "c":"COMMAND",  "id":51806,   "ctx":"conn31","msg":"CMD: dropIndexes","attr":{"namespace":"appsmith.newPage","uuid":{"uuid":{"$uuid":"303e4b3c-eb81-4cad-85a5-98d841e218d3"}},"indexes":"baseId_branchName_compound_index"}}
{"t":{"$date":"2025-04-03T14:42:16.572+00:00"},"s":"I",  "c":"STORAGE",  "id":22206,   "ctx":"conn32","msg":"Deferring table drop for index","attr":{"index":"unpublishedCollection.defaultResources.pageId","namespace":"appsmith.actionCollection","uuid":{"uuid":{"$uuid":"6ac310a6-02e4-4cc0-b2fd-85c58d15b0b4"}},"ident":"index-125-1440771236522914707","dropTime":{"":{"$timestamp":{"t":1743691336,"i":12}}}}}
{"t":{"$date":"2025-04-03T14:42:16.576+00:00"},"s":"I",  "c":"COMMAND",  "id":51806,   "ctx":"conn32","msg":"CMD: dropIndexes","attr":{"namespace":"appsmith.actionCollection","uuid":{"uuid":{"$uuid":"6ac310a6-02e4-4cc0-b2fd-85c58d15b0b4"}},"indexes":"baseId_branchName_compound_index"}}
{"t":{"$date":"2025-04-03T14:42:16.576+00:00"},"s":"I",  "c":"INDEX",    "id":20438,   "ctx":"conn8","msg":"Index build: registering","attr":{"buildUUID":{"uuid":{"$uuid":"96346c97-e1c9-4376-9c5c-8ea314d99d5d"}},"namespace":"appsmith.newAction","collectionUUID":{"uuid":{"$uuid":"35b7486b-3178-4776-859d-fea7c06f8d5b"}},"indexes":1,"firstIndex":{"name":"baseId_branchName_compound_index"}}}
{"t":{"$date":"2025-04-03T14:42:16.576+00:00"},"s":"I",  "c":"INDEX",    "id":20438,   "ctx":"conn31","msg":"Index build: registering","attr":{"buildUUID":{"uuid":{"$uuid":"dc31d1ca-70f0-4459-968f-b005031e32af"}},"namespace":"appsmith.newPage","collectionUUID":{"uuid":{"$uuid":"303e4b3c-eb81-4cad-85a5-98d841e218d3"}},"indexes":1,"firstIndex":{"name":"baseId_branchName_compound_index"}}}
{"t":{"$date":"2025-04-03T14:42:16.580+00:00"},"s":"I",  "c":"INDEX",    "id":20438,   "ctx":"conn32","msg":"Index build: registering","attr":{"buildUUID":{"uuid":{"$uuid":"e8b1614c-4808-4ccb-b2d8-1ac6781e16bb"}},"namespace":"appsmith.actionCollection","collectionUUID":{"uuid":{"$uuid":"6ac310a6-02e4-4cc0-b2fd-85c58d15b0b4"}},"indexes":1,"firstIndex":{"name":"baseId_branchName_compound_index"}}}
{"t":{"$date":"2025-04-03T14:42:16.585+00:00"},"s":"I",  "c":"INDEX",    "id":20345,   "ctx":"conn8","msg":"Index build: done building","attr":{"buildUUID":null,"namespace":"appsmith.newAction","index":"baseId_branchName_compound_index","commitTimestamp":{"$timestamp":{"t":1743691336,"i":13}}}}
{"t":{"$date":"2025-04-03T14:42:16.586+00:00"},"s":"I",  "c":"INDEX",    "id":20440,   "ctx":"conn8","msg":"Index build: waiting for index build to complete","attr":{"buildUUID":{"uuid":{"$uuid":"96346c97-e1c9-4376-9c5c-8ea314d99d5d"}},"deadline":{"$date":{"$numberLong":"9223372036854775807"}}}}
{"t":{"$date":"2025-04-03T14:42:16.587+00:00"},"s":"I",  "c":"INDEX",    "id":20447,   "ctx":"conn8","msg":"Index build: completed","attr":{"buildUUID":{"uuid":{"$uuid":"96346c97-e1c9-4376-9c5c-8ea314d99d5d"}}}}
{"t":{"$date":"2025-04-03T14:42:16.592+00:00"},"s":"I",  "c":"INDEX",    "id":20345,   "ctx":"conn31","msg":"Index build: done building","attr":{"buildUUID":null,"namespace":"appsmith.newPage","index":"baseId_branchName_compound_index","commitTimestamp":{"$timestamp":{"t":1743691336,"i":14}}}}
{"t":{"$date":"2025-04-03T14:42:16.592+00:00"},"s":"I",  "c":"INDEX",    "id":20440,   "ctx":"conn31","msg":"Index build: waiting for index build to complete","attr":{"buildUUID":{"uuid":{"$uuid":"dc31d1ca-70f0-4459-968f-b005031e32af"}},"deadline":{"$date":{"$numberLong":"9223372036854775807"}}}}
{"t":{"$date":"2025-04-03T14:42:16.593+00:00"},"s":"I",  "c":"INDEX",    "id":20447,   "ctx":"conn31","msg":"Index build: completed","attr":{"buildUUID":{"uuid":{"$uuid":"dc31d1ca-70f0-4459-968f-b005031e32af"}}}}
{"t":{"$date":"2025-04-03T14:42:16.599+00:00"},"s":"I",  "c":"INDEX",    "id":20345,   "ctx":"conn32","msg":"Index build: done building","attr":{"buildUUID":null,"namespace":"appsmith.actionCollection","index":"baseId_branchName_compound_index","commitTimestamp":{"$timestamp":{"t":1743691336,"i":15}}}}
{"t":{"$date":"2025-04-03T14:42:16.599+00:00"},"s":"I",  "c":"INDEX",    "id":20440,   "ctx":"conn32","msg":"Index build: waiting for index build to complete","attr":{"buildUUID":{"uuid":{"$uuid":"e8b1614c-4808-4ccb-b2d8-1ac6781e16bb"}},"deadline":{"$date":{"$numberLong":"9223372036854775807"}}}}
{"t":{"$date":"2025-04-03T14:42:16.600+00:00"},"s":"I",  "c":"INDEX",    "id":20447,   "ctx":"conn32","msg":"Index build: completed","attr":{"buildUUID":{"uuid":{"$uuid":"e8b1614c-4808-4ccb-b2d8-1ac6781e16bb"}}}}
{"t":{"$date":"2025-04-03T14:42:16.756+00:00"},"s":"I",  "c":"NETWORK",  "id":22943,   "ctx":"listener","msg":"Connection accepted","attr":{"remote":"127.0.0.1:56448","uuid":"7d71ae58-2f7a-4300-893b-819e552d8ec5","connectionId":33,"connectionCount":10}}
{"t":{"$date":"2025-04-03T14:42:16.757+00:00"},"s":"I",  "c":"NETWORK",  "id":22943,   "ctx":"listener","msg":"Connection accepted","attr":{"remote":"127.0.0.1:56450","uuid":"a2f344dd-43b2-4921-9f7f-9e2192947580","connectionId":34,"connectionCount":11}}
{"t":{"$date":"2025-04-03T14:42:16.759+00:00"},"s":"I",  "c":"NETWORK",  "id":51800,   "ctx":"conn33","msg":"client metadata","attr":{"remote":"127.0.0.1:56448","client":"conn33","negotiatedCompressors":[],"doc":{"driver":{"name":"mongo-java-driver|reactive-streams|spring-boot","version":"5.0.1"},"os":{"type":"Linux","name":"Linux","architecture":"aarch64","version":"5.10.104-linuxkit"},"platform":"Java/Eclipse Adoptium/17.0.9+9","env":{"container":{"runtime":"docker"}}}}}
{"t":{"$date":"2025-04-03T14:42:16.759+00:00"},"s":"I",  "c":"NETWORK",  "id":51800,   "ctx":"conn34","msg":"client metadata","attr":{"remote":"127.0.0.1:56450","client":"conn34","negotiatedCompressors":[],"doc":{"driver":{"name":"mongo-java-driver|reactive-streams|spring-boot","version":"5.0.1"},"os":{"type":"Linux","name":"Linux","architecture":"aarch64","version":"5.10.104-linuxkit"},"platform":"Java/Eclipse Adoptium/17.0.9+9","env":{"container":{"runtime":"docker"}}}}}
{"t":{"$date":"2025-04-03T14:42:16.770+00:00"},"s":"I",  "c":"ACCESS",   "id":20250,   "ctx":"conn33","msg":"Authentication succeeded","attr":{"mechanism":"SCRAM-SHA-256","speculative":true,"principalName":"appsmith","authenticationDatabase":"appsmith","remote":"127.0.0.1:56448","extraInfo":{}}}
{"t":{"$date":"2025-04-03T14:42:16.770+00:00"},"s":"I",  "c":"ACCESS",   "id":20250,   "ctx":"conn34","msg":"Authentication succeeded","attr":{"mechanism":"SCRAM-SHA-256","speculative":true,"principalName":"appsmith","authenticationDatabase":"appsmith","remote":"127.0.0.1:56450","extraInfo":{}}}
{"t":{"$date":"2025-04-03T14:42:16.781+00:00"},"s":"I",  "c":"NETWORK",  "id":22943,   "ctx":"listener","msg":"Connection accepted","attr":{"remote":"127.0.0.1:56452","uuid":"3c74d178-526b-47c6-8e60-b9c729b242a7","connectionId":35,"connectionCount":12}}
{"t":{"$date":"2025-04-03T14:42:16.784+00:00"},"s":"I",  "c":"NETWORK",  "id":22943,   "ctx":"listener","msg":"Connection accepted","attr":{"remote":"127.0.0.1:56454","uuid":"1a201fa2-b09a-4fca-abba-35f61ce5bb49","connectionId":36,"connectionCount":13}}
{"t":{"$date":"2025-04-03T14:42:16.786+00:00"},"s":"I",  "c":"NETWORK",  "id":51800,   "ctx":"conn35","msg":"client metadata","attr":{"remote":"127.0.0.1:56452","client":"conn35","negotiatedCompressors":[],"doc":{"driver":{"name":"mongo-java-driver|reactive-streams|spring-boot","version":"5.0.1"},"os":{"type":"Linux","name":"Linux","architecture":"aarch64","version":"5.10.104-linuxkit"},"platform":"Java/Eclipse Adoptium/17.0.9+9","env":{"container":{"runtime":"docker"}}}}}
{"t":{"$date":"2025-04-03T14:42:16.786+00:00"},"s":"I",  "c":"NETWORK",  "id":51800,   "ctx":"conn36","msg":"client metadata","attr":{"remote":"127.0.0.1:56454","client":"conn36","negotiatedCompressors":[],"doc":{"driver":{"name":"mongo-java-driver|reactive-streams|spring-boot","version":"5.0.1"},"os":{"type":"Linux","name":"Linux","architecture":"aarch64","version":"5.10.104-linuxkit"},"platform":"Java/Eclipse Adoptium/17.0.9+9","env":{"container":{"runtime":"docker"}}}}}
{"t":{"$date":"2025-04-03T14:42:16.790+00:00"},"s":"I",  "c":"ACCESS",   "id":20250,   "ctx":"conn36","msg":"Authentication succeeded","attr":{"mechanism":"SCRAM-SHA-256","speculative":true,"principalName":"appsmith","authenticationDatabase":"appsmith","remote":"127.0.0.1:56454","extraInfo":{}}}
{"t":{"$date":"2025-04-03T14:42:16.790+00:00"},"s":"I",  "c":"ACCESS",   "id":20250,   "ctx":"conn35","msg":"Authentication succeeded","attr":{"mechanism":"SCRAM-SHA-256","speculative":true,"principalName":"appsmith","authenticationDatabase":"appsmith","remote":"127.0.0.1:56452","extraInfo":{}}}
{"t":{"$date":"2025-04-03T14:42:16.901+00:00"},"s":"I",  "c":"COMMAND",  "id":51806,   "ctx":"conn31","msg":"CMD: dropIndexes","attr":{"namespace":"appsmith.workspace","uuid":{"uuid":{"$uuid":"ae3c5978-f198-4270-b7ba-a1fbf5e1c685"}},"indexes":"policy_read_workspace_tanantId_compound_index"}}
{"t":{"$date":"2025-04-03T14:42:16.901+00:00"},"s":"I",  "c":"COMMAND",  "id":51806,   "ctx":"conn32","msg":"CMD: dropIndexes","attr":{"namespace":"appsmith.workspace","uuid":{"uuid":{"$uuid":"ae3c5978-f198-4270-b7ba-a1fbf5e1c685"}},"indexes":"policy_manage_workspace_tanantId_compound_index"}}
{"t":{"$date":"2025-04-03T14:42:16.905+00:00"},"s":"I",  "c":"INDEX",    "id":20438,   "ctx":"conn31","msg":"Index build: registering","attr":{"buildUUID":{"uuid":{"$uuid":"c89d012c-fc2d-4df3-ac7b-7980f28510e3"}},"namespace":"appsmith.workspace","collectionUUID":{"uuid":{"$uuid":"ae3c5978-f198-4270-b7ba-a1fbf5e1c685"}},"indexes":1,"firstIndex":{"name":"policy_manage_workspace_tanantId_compound_index"}}}
{"t":{"$date":"2025-04-03T14:42:16.905+00:00"},"s":"I",  "c":"INDEX",    "id":20438,   "ctx":"conn32","msg":"Index build: registering","attr":{"buildUUID":{"uuid":{"$uuid":"e3e8988e-939e-4263-a90f-3729499c7642"}},"namespace":"appsmith.workspace","collectionUUID":{"uuid":{"$uuid":"ae3c5978-f198-4270-b7ba-a1fbf5e1c685"}},"indexes":1,"firstIndex":{"name":"policy_read_workspace_tanantId_compound_index"}}}
{"t":{"$date":"2025-04-03T14:42:16.915+00:00"},"s":"I",  "c":"INDEX",    "id":20345,   "ctx":"conn31","msg":"Index build: done building","attr":{"buildUUID":null,"namespace":"appsmith.workspace","index":"policy_manage_workspace_tanantId_compound_index","commitTimestamp":{"$timestamp":{"t":1743691336,"i":19}}}}
{"t":{"$date":"2025-04-03T14:42:16.915+00:00"},"s":"I",  "c":"INDEX",    "id":20440,   "ctx":"conn31","msg":"Index build: waiting for index build to complete","attr":{"buildUUID":{"uuid":{"$uuid":"c89d012c-fc2d-4df3-ac7b-7980f28510e3"}},"deadline":{"$date":{"$numberLong":"9223372036854775807"}}}}
{"t":{"$date":"2025-04-03T14:42:16.916+00:00"},"s":"I",  "c":"INDEX",    "id":20447,   "ctx":"conn31","msg":"Index build: completed","attr":{"buildUUID":{"uuid":{"$uuid":"c89d012c-fc2d-4df3-ac7b-7980f28510e3"}}}}
{"t":{"$date":"2025-04-03T14:42:16.923+00:00"},"s":"I",  "c":"INDEX",    "id":20345,   "ctx":"conn32","msg":"Index build: done building","attr":{"buildUUID":null,"namespace":"appsmith.workspace","index":"policy_read_workspace_tanantId_compound_index","commitTimestamp":{"$timestamp":{"t":1743691336,"i":20}}}}
{"t":{"$date":"2025-04-03T14:42:16.923+00:00"},"s":"I",  "c":"INDEX",    "id":20440,   "ctx":"conn32","msg":"Index build: waiting for index build to complete","attr":{"buildUUID":{"uuid":{"$uuid":"e3e8988e-939e-4263-a90f-3729499c7642"}},"deadline":{"$date":{"$numberLong":"9223372036854775807"}}}}
{"t":{"$date":"2025-04-03T14:42:16.924+00:00"},"s":"I",  "c":"INDEX",    "id":20447,   "ctx":"conn32","msg":"Index build: completed","attr":{"buildUUID":{"uuid":{"$uuid":"e3e8988e-939e-4263-a90f-3729499c7642"}}}}
{"t":{"$date":"2025-04-03T14:42:17.159+00:00"},"s":"I",  "c":"NETWORK",  "id":22943,   "ctx":"listener","msg":"Connection accepted","attr":{"remote":"127.0.0.1:56458","uuid":"99c72963-d249-42c7-8da8-5bbd536ff4d0","connectionId":37,"connectionCount":14}}
{"t":{"$date":"2025-04-03T14:42:17.160+00:00"},"s":"I",  "c":"NETWORK",  "id":22943,   "ctx":"listener","msg":"Connection accepted","attr":{"remote":"127.0.0.1:56460","uuid":"443ee9e5-134d-4d7d-a31a-2f8d3322af01","connectionId":38,"connectionCount":15}}
{"t":{"$date":"2025-04-03T14:42:17.160+00:00"},"s":"I",  "c":"NETWORK",  "id":51800,   "ctx":"conn37","msg":"client metadata","attr":{"remote":"127.0.0.1:56458","client":"conn37","negotiatedCompressors":[],"doc":{"driver":{"name":"mongo-java-driver|reactive-streams|spring-boot","version":"5.0.1"},"os":{"type":"Linux","name":"Linux","architecture":"aarch64","version":"5.10.104-linuxkit"},"platform":"Java/Eclipse Adoptium/17.0.9+9","env":{"container":{"runtime":"docker"}}}}}
{"t":{"$date":"2025-04-03T14:42:17.162+00:00"},"s":"I",  "c":"NETWORK",  "id":51800,   "ctx":"conn38","msg":"client metadata","attr":{"remote":"127.0.0.1:56460","client":"conn38","negotiatedCompressors":[],"doc":{"driver":{"name":"mongo-java-driver|reactive-streams|spring-boot","version":"5.0.1"},"os":{"type":"Linux","name":"Linux","architecture":"aarch64","version":"5.10.104-linuxkit"},"platform":"Java/Eclipse Adoptium/17.0.9+9","env":{"container":{"runtime":"docker"}}}}}
{"t":{"$date":"2025-04-03T14:42:17.166+00:00"},"s":"I",  "c":"ACCESS",   "id":20250,   "ctx":"conn37","msg":"Authentication succeeded","attr":{"mechanism":"SCRAM-SHA-256","speculative":true,"principalName":"appsmith","authenticationDatabase":"appsmith","remote":"127.0.0.1:56458","extraInfo":{}}}
{"t":{"$date":"2025-04-03T14:42:17.170+00:00"},"s":"I",  "c":"ACCESS",   "id":20250,   "ctx":"conn38","msg":"Authentication succeeded","attr":{"mechanism":"SCRAM-SHA-256","speculative":true,"principalName":"appsmith","authenticationDatabase":"appsmith","remote":"127.0.0.1:56460","extraInfo":{}}}
{"t":{"$date":"2025-04-03T14:42:17.505+00:00"},"s":"I",  "c":"STORAGE",  "id":20320,   "ctx":"conn32","msg":"createCollection","attr":{"namespace":"appsmith.organization","uuidDisposition":"generated","uuid":{"uuid":{"$uuid":"90a39795-5417-4f3f-8802-e41069029c54"}},"options":{}}}
{"t":{"$date":"2025-04-03T14:42:17.520+00:00"},"s":"I",  "c":"INDEX",    "id":20345,   "ctx":"conn32","msg":"Index build: done building","attr":{"buildUUID":null,"namespace":"appsmith.organization","index":"_id_","commitTimestamp":{"$timestamp":{"t":1743691337,"i":6}}}}
{"t":{"$date":"2025-04-03T14:42:17.857+00:00"},"s":"I",  "c":"COMMAND",  "id":51806,   "ctx":"conn32","msg":"CMD: dropIndexes","attr":{"namespace":"appsmith.user","uuid":{"uuid":{"$uuid":"c8004d4d-4f81-4a60-9be9-863bce86f3ea"}},"indexes":"email"}}
{"t":{"$date":"2025-04-03T14:42:17.858+00:00"},"s":"I",  "c":"STORAGE",  "id":22206,   "ctx":"conn32","msg":"Deferring table drop for index","attr":{"index":"email","namespace":"appsmith.user","uuid":{"uuid":{"$uuid":"c8004d4d-4f81-4a60-9be9-863bce86f3ea"}},"ident":"index-47-1440771236522914707","dropTime":{"":{"$timestamp":{"t":1743691337,"i":15}}}}}
{"t":{"$date":"2025-04-03T14:42:17.863+00:00"},"s":"I",  "c":"INDEX",    "id":20438,   "ctx":"conn32","msg":"Index build: registering","attr":{"buildUUID":{"uuid":{"$uuid":"cf0225e8-9ba5-43da-ad13-bf83d4b5e3a9"}},"namespace":"appsmith.user","collectionUUID":{"uuid":{"$uuid":"c8004d4d-4f81-4a60-9be9-863bce86f3ea"}},"indexes":1,"firstIndex":{"name":"email_organizationId_compound_index"}}}
{"t":{"$date":"2025-04-03T14:42:17.885+00:00"},"s":"I",  "c":"INDEX",    "id":20384,   "ctx":"IndexBuildsCoordinatorMongod-0","msg":"Index build: starting","attr":{"buildUUID":{"uuid":{"$uuid":"cf0225e8-9ba5-43da-ad13-bf83d4b5e3a9"}},"collectionUUID":{"uuid":{"$uuid":"c8004d4d-4f81-4a60-9be9-863bce86f3ea"}},"namespace":"appsmith.user","properties":{"v":2,"unique":true,"key":{"email":1,"organizationId":1},"name":"email_organizationId_compound_index"},"method":"Hybrid","maxTemporaryMemoryUsageMB":200}}
{"t":{"$date":"2025-04-03T14:42:17.886+00:00"},"s":"I",  "c":"INDEX",    "id":20346,   "ctx":"IndexBuildsCoordinatorMongod-0","msg":"Index build: initialized","attr":{"buildUUID":{"uuid":{"$uuid":"cf0225e8-9ba5-43da-ad13-bf83d4b5e3a9"}},"collectionUUID":{"uuid":{"$uuid":"c8004d4d-4f81-4a60-9be9-863bce86f3ea"}},"namespace":"appsmith.user","initializationTimestamp":{"$timestamp":{"t":1743691337,"i":17}}}}
{"t":{"$date":"2025-04-03T14:42:17.886+00:00"},"s":"I",  "c":"STORAGE",  "id":4847600, "ctx":"IndexBuildsCoordinatorMongod-0","msg":"Index build: waiting for last optime before interceptors to be majority committed","attr":{"buildUUID":{"uuid":{"$uuid":"cf0225e8-9ba5-43da-ad13-bf83d4b5e3a9"}},"collectionUUID":{"uuid":{"$uuid":"c8004d4d-4f81-4a60-9be9-863bce86f3ea"}},"deadline":{"$date":"2025-04-03T14:42:27.886Z"},"timeoutMillis":10000,"lastOpTime":{"ts":{"$timestamp":{"t":1743691337,"i":17}},"t":2}}}
{"t":{"$date":"2025-04-03T14:42:17.887+00:00"},"s":"I",  "c":"INDEX",    "id":20440,   "ctx":"conn32","msg":"Index build: waiting for index build to complete","attr":{"buildUUID":{"uuid":{"$uuid":"cf0225e8-9ba5-43da-ad13-bf83d4b5e3a9"}},"deadline":{"$date":{"$numberLong":"9223372036854775807"}}}}
{"t":{"$date":"2025-04-03T14:42:17.962+00:00"},"s":"I",  "c":"INDEX",    "id":20391,   "ctx":"IndexBuildsCoordinatorMongod-0","msg":"Index build: collection scan done","attr":{"buildUUID":{"uuid":{"$uuid":"cf0225e8-9ba5-43da-ad13-bf83d4b5e3a9"}},"collectionUUID":{"uuid":{"$uuid":"c8004d4d-4f81-4a60-9be9-863bce86f3ea"}},"namespace":"appsmith.user","totalRecords":1,"readSource":"kMajorityCommitted","durationMillis":0}}
{"t":{"$date":"2025-04-03T14:42:17.968+00:00"},"s":"I",  "c":"INDEX",    "id":20685,   "ctx":"IndexBuildsCoordinatorMongod-0","msg":"Index build: inserted keys from external sorter into index","attr":{"namespace":"appsmith.user","index":"email_organizationId_compound_index","keysInserted":1,"durationMillis":0}}
{"t":{"$date":"2025-04-03T14:42:17.974+00:00"},"s":"I",  "c":"STORAGE",  "id":3856201, "ctx":"conn30","msg":"Index build: commit quorum satisfied","attr":{"indexBuildEntry":{"_id":{"$uuid":"cf0225e8-9ba5-43da-ad13-bf83d4b5e3a9"},"collectionUUID":{"$uuid":"c8004d4d-4f81-4a60-9be9-863bce86f3ea"},"commitQuorum":"votingMembers","indexNames":["email_organizationId_compound_index"],"commitReadyMembers":["localhost:27017"]}}}
{"t":{"$date":"2025-04-03T14:42:17.976+00:00"},"s":"I",  "c":"CONNPOOL", "id":22566,   "ctx":"ReplNetwork","msg":"Ending connection due to bad connection status","attr":{"hostAndPort":"localhost:27017","error":"CallbackCanceled: Callback was canceled","numOpenConns":0}}
{"t":{"$date":"2025-04-03T14:42:17.976+00:00"},"s":"I",  "c":"CONNPOOL", "id":22576,   "ctx":"ReplNetwork","msg":"Connecting","attr":{"hostAndPort":"localhost:27017"}}
{"t":{"$date":"2025-04-03T14:42:17.976+00:00"},"s":"I",  "c":"STORAGE",  "id":3856203, "ctx":"IndexBuildsCoordinatorMongod-0","msg":"Index build: waiting for next action before completing final phase","attr":{"buildUUID":{"uuid":{"$uuid":"cf0225e8-9ba5-43da-ad13-bf83d4b5e3a9"}}}}
{"t":{"$date":"2025-04-03T14:42:17.978+00:00"},"s":"I",  "c":"NETWORK",  "id":22944,   "ctx":"conn30","msg":"Connection ended","attr":{"remote":"127.0.0.1:56442","uuid":"cb597203-58de-42f2-b4f0-1e67839fdfcd","connectionId":30,"connectionCount":14}}
{"t":{"$date":"2025-04-03T14:42:17.978+00:00"},"s":"I",  "c":"NETWORK",  "id":22943,   "ctx":"listener","msg":"Connection accepted","attr":{"remote":"127.0.0.1:56462","uuid":"bebc1d8d-3545-4657-86fa-6101cc4b5d13","connectionId":40,"connectionCount":15}}
{"t":{"$date":"2025-04-03T14:42:17.978+00:00"},"s":"I",  "c":"STORAGE",  "id":3856204, "ctx":"IndexBuildsCoordinatorMongod-0","msg":"Index build: received signal","attr":{"buildUUID":{"uuid":{"$uuid":"cf0225e8-9ba5-43da-ad13-bf83d4b5e3a9"}},"action":"Commit quorum Satisfied"}}
{"t":{"$date":"2025-04-03T14:42:17.979+00:00"},"s":"I",  "c":"NETWORK",  "id":51800,   "ctx":"conn40","msg":"client metadata","attr":{"remote":"127.0.0.1:56462","client":"conn40","negotiatedCompressors":["snappy","zstd","zlib"],"doc":{"driver":{"name":"NetworkInterfaceTL","version":"5.0.30"},"os":{"type":"Linux","name":"Ubuntu","architecture":"aarch64","version":"20.04"}}}}
{"t":{"$date":"2025-04-03T14:42:17.979+00:00"},"s":"I",  "c":"INDEX",    "id":20345,   "ctx":"IndexBuildsCoordinatorMongod-0","msg":"Index build: done building","attr":{"buildUUID":{"uuid":{"$uuid":"cf0225e8-9ba5-43da-ad13-bf83d4b5e3a9"}},"namespace":"appsmith.user","index":"email_organizationId_compound_index","commitTimestamp":{"$timestamp":{"t":1743691337,"i":19}}}}
{"t":{"$date":"2025-04-03T14:42:17.980+00:00"},"s":"I",  "c":"ACCESS",   "id":20250,   "ctx":"conn40","msg":"Authentication succeeded","attr":{"mechanism":"SCRAM-SHA-256","speculative":true,"principalName":"__system","authenticationDatabase":"local","remote":"127.0.0.1:56462","extraInfo":{}}}
{"t":{"$date":"2025-04-03T14:42:17.987+00:00"},"s":"I",  "c":"STORAGE",  "id":20663,   "ctx":"IndexBuildsCoordinatorMongod-0","msg":"Index build: completed successfully","attr":{"buildUUID":{"uuid":{"$uuid":"cf0225e8-9ba5-43da-ad13-bf83d4b5e3a9"}},"collectionUUID":{"uuid":{"$uuid":"c8004d4d-4f81-4a60-9be9-863bce86f3ea"}},"namespace":"appsmith.user","indexesBuilt":["email_organizationId_compound_index"],"numIndexesBefore":3,"numIndexesAfter":4}}
{"t":{"$date":"2025-04-03T14:42:17.989+00:00"},"s":"I",  "c":"INDEX",    "id":20447,   "ctx":"conn32","msg":"Index build: completed","attr":{"buildUUID":{"uuid":{"$uuid":"cf0225e8-9ba5-43da-ad13-bf83d4b5e3a9"}}}}
{"t":{"$date":"2025-04-03T14:42:17.991+00:00"},"s":"I",  "c":"COMMAND",  "id":51803,   "ctx":"conn32","msg":"Slow query","attr":{"type":"command","ns":"appsmith.user","command":{"createIndexes":"user","indexes":[{"key":{"email":1,"organizationId":1},"name":"email_organizationId_compound_index","unique":true}],"$db":"appsmith","$clusterTime":{"clusterTime":{"$timestamp":{"t":1743691337,"i":15}},"signature":{"hash":{"$binary":{"base64":"dGa7JAarySBTHkCQ0JrwvJG82TM=","subType":"0"}},"keyId":7489097039100248068}},"lsid":{"id":{"$uuid":"b69024cc-00d7-4cc5-a2d8-054e3bb5f10b"}},"$readPreference":{"mode":"primaryPreferred"}},"numYields":0,"reslen":271,"locks":{"ParallelBatchWriterMode":{"acquireCount":{"r":3}},"FeatureCompatibilityVersion":{"acquireCount":{"r":4,"w":2}},"ReplicationStateTransition":{"acquireCount":{"w":6}},"Global":{"acquireCount":{"r":4,"w":2}},"Database":{"acquireCount":{"r":2,"w":1}},"Collection":{"acquireCount":{"r":2,"W":1}},"Mutex":{"acquireCount":{"r":3}}},"flowControl":{"acquireCount":2,"timeAcquiringMicros":1},"readConcern":{"level":"local","provenance":"implicitDefault"},"writeConcern":{"w":"majority","wtimeout":0,"provenance":"implicitDefault"},"waitForWriteConcernDurationMillis":1,"storage":{},"remote":"127.0.0.1:56446","protocol":"op_msg","durationMillis":127}}
{"t":{"$date":"2025-04-03T14:42:18.413+00:00"},"s":"I",  "c":"COMMAND",  "id":51803,   "ctx":"conn38","msg":"Slow query","attr":{"type":"command","ns":"admin.$cmd","command":{"commitTransaction":1,"writeConcern":{"j":false},"$db":"admin","$clusterTime":{"clusterTime":{"$timestamp":{"t":1743691338,"i":3}},"signature":{"hash":{"$binary":{"base64":"F01vYhuHPmqS8IhSpRhcOkvjXcw=","subType":"0"}},"keyId":7489097039100248068}},"lsid":{"id":{"$uuid":"5d314cc3-2b16-4657-a244-6173a7c56298"}},"txnNumber":77,"autocommit":false},"totalOplogSlotDurationMicros":71,"numYields":0,"reslen":163,"locks":{"FeatureCompatibilityVersion":{"acquireCount":{"w":1}},"ReplicationStateTransition":{"acquireCount":{"w":3}},"Global":{"acquireCount":{"w":1}},"Database":{"acquireCount":{"w":2}},"Collection":{"acquireCount":{"w":2}},"Mutex":{"acquireCount":{"r":2}}},"flowControl":{"acquireCount":1},"readConcern":{"level":"local","provenance":"clientSupplied"},"writeConcern":{"w":"majority","j":false,"wtimeout":0,"provenance":"implicitDefault"},"waitForWriteConcernDurationMillis":100,"remote":"127.0.0.1:56460","protocol":"op_msg","durationMillis":101}}
{"t":{"$date":"2025-04-03T14:42:18.733+00:00"},"s":"I",  "c":"COMMAND",  "id":51803,   "ctx":"conn38","msg":"Slow query","attr":{"type":"command","ns":"appsmith.$cmd","command":{"delete":"mongockLock","ordered":true,"writeConcern":{"j":false},"$db":"appsmith","$clusterTime":{"clusterTime":{"$timestamp":{"t":1743691338,"i":6}},"signature":{"hash":{"$binary":{"base64":"F01vYhuHPmqS8IhSpRhcOkvjXcw=","subType":"0"}},"keyId":7489097039100248068}},"lsid":{"id":{"$uuid":"5d314cc3-2b16-4657-a244-6173a7c56298"}}},"numYields":0,"reslen":230,"locks":{"ParallelBatchWriterMode":{"acquireCount":{"r":1}},"FeatureCompatibilityVersion":{"acquireCount":{"w":1}},"ReplicationStateTransition":{"acquireCount":{"w":1}},"Global":{"acquireCount":{"w":1}},"Database":{"acquireCount":{"w":1}},"Collection":{"acquireCount":{"w":1}},"Mutex":{"acquireCount":{"r":1}}},"flowControl":{"acquireCount":1,"timeAcquiringMicros":1},"readConcern":{"level":"local","provenance":"implicitDefault"},"writeConcern":{"w":"majority","j":false,"wtimeout":0,"provenance":"implicitDefault"},"waitForWriteConcernDurationMillis":103,"storage":{},"remote":"127.0.0.1:56460","protocol":"op_msg","durationMillis":103}}
{"t":{"$date":"2025-04-03T14:42:55.396+00:00"},"s":"I",  "c":"STORAGE",  "id":22430,   "ctx":"Checkpointer","msg":"WiredTiger message","attr":{"message":"[1743691375:396908][2082:0xffff9cbefc80], WT_SESSION.checkpoint: [WT_VERB_CHECKPOINT_PROGRESS] saving checkpoint snapshot min: 1212, snapshot max: 1212 snapshot count: 0, oldest timestamp: (1743691283, 1) , meta checkpoint timestamp: (1743691370, 3) base write gen: 33"}}
{"t":{"$date":"2025-04-03T14:43:55.476+00:00"},"s":"I",  "c":"STORAGE",  "id":22430,   "ctx":"Checkpointer","msg":"WiredTiger message","attr":{"message":"[1743691435:476372][2082:0xffff9cbefc80], WT_SESSION.checkpoint: [WT_VERB_CHECKPOINT_PROGRESS] saving checkpoint snapshot min: 1225, snapshot max: 1225 snapshot count: 0, oldest timestamp: (1743691283, 1) , meta checkpoint timestamp: (1743691425, 1) base write gen: 33"}}
{"t":{"$date":"2025-04-03T14:44:55.573+00:00"},"s":"I",  "c":"STORAGE",  "id":22430,   "ctx":"Checkpointer","msg":"WiredTiger message","attr":{"message":"[1743691495:573587][2082:0xffff9cbefc80], WT_SESSION.checkpoint: [WT_VERB_CHECKPOINT_PROGRESS] saving checkpoint snapshot min: 1240, snapshot max: 1240 snapshot count: 0, oldest timestamp: (1743691283, 1) , meta checkpoint timestamp: (1743691485, 1) base write gen: 33"}}
{"t":{"$date":"2025-04-03T14:45:55.658+00:00"},"s":"I",  "c":"STORAGE",  "id":22430,   "ctx":"Checkpointer","msg":"WiredTiger message","attr":{"message":"[1743691555:658385][2082:0xffff9cbefc80], WT_SESSION.checkpoint: [WT_VERB_CHECKPOINT_PROGRESS] saving checkpoint snapshot min: 1255, snapshot max: 1255 snapshot count: 0, oldest timestamp: (1743691283, 1) , meta checkpoint timestamp: (1743691545, 1) base write gen: 33"}}
{"t":{"$date":"2025-04-03T14:46:55.754+00:00"},"s":"I",  "c":"STORAGE",  "id":22430,   "ctx":"Checkpointer","msg":"WiredTiger message","attr":{"message":"[1743691615:754716][2082:0xffff9cbefc80], WT_SESSION.checkpoint: [WT_VERB_CHECKPOINT_PROGRESS] saving checkpoint snapshot min: 1280, snapshot max: 1280 snapshot count: 0, oldest timestamp: (1743691315, 9) , meta checkpoint timestamp: (1743691615, 9) base write gen: 33"}}
{"t":{"$date":"2025-04-03T14:47:16.546+00:00"},"s":"I",  "c":"STORAGE",  "id":22260,   "ctx":"TimestampMonitor","msg":"Removing drop-pending idents with drop timestamps before timestamp","attr":{"timestamp":{"$timestamp":{"t":1743691335,"i":1}}}}
{"t":{"$date":"2025-04-03T14:47:16.551+00:00"},"s":"I",  "c":"STORAGE",  "id":22237,   "ctx":"TimestampMonitor","msg":"Completing drop for ident","attr":{"ident":"index-35-1440771236522914707","dropTimestamp":{"$timestamp":{"t":1743691326,"i":33}}}}
{"t":{"$date":"2025-04-03T14:47:16.566+00:00"},"s":"I",  "c":"STORAGE",  "id":6776600, "ctx":"TimestampMonitor","msg":"The ident was successfully dropped","attr":{"ident":"index-35-1440771236522914707","dropTimestamp":{"$timestamp":{"t":1743691326,"i":33}}}}
{"t":{"$date":"2025-04-03T14:47:16.568+00:00"},"s":"I",  "c":"STORAGE",  "id":22237,   "ctx":"TimestampMonitor","msg":"Completing drop for ident","attr":{"ident":"index-36-1440771236522914707","dropTimestamp":{"$timestamp":{"t":1743691326,"i":34}}}}
{"t":{"$date":"2025-04-03T14:47:16.578+00:00"},"s":"I",  "c":"STORAGE",  "id":6776600, "ctx":"TimestampMonitor","msg":"The ident was successfully dropped","attr":{"ident":"index-36-1440771236522914707","dropTimestamp":{"$timestamp":{"t":1743691326,"i":34}}}}
{"t":{"$date":"2025-04-03T14:47:16.580+00:00"},"s":"I",  "c":"STORAGE",  "id":22237,   "ctx":"TimestampMonitor","msg":"Completing drop for ident","attr":{"ident":"index-58-1440771236522914707","dropTimestamp":{"$timestamp":{"t":1743691327,"i":3}}}}
{"t":{"$date":"2025-04-03T14:47:16.588+00:00"},"s":"I",  "c":"STORAGE",  "id":6776600, "ctx":"TimestampMonitor","msg":"The ident was successfully dropped","attr":{"ident":"index-58-1440771236522914707","dropTimestamp":{"$timestamp":{"t":1743691327,"i":3}}}}
{"t":{"$date":"2025-04-03T14:47:16.590+00:00"},"s":"I",  "c":"STORAGE",  "id":22237,   "ctx":"TimestampMonitor","msg":"Completing drop for ident","attr":{"ident":"index-55-1440771236522914707","dropTimestamp":{"$timestamp":{"t":1743691327,"i":4}}}}
{"t":{"$date":"2025-04-03T14:47:16.598+00:00"},"s":"I",  "c":"STORAGE",  "id":6776600, "ctx":"TimestampMonitor","msg":"The ident was successfully dropped","attr":{"ident":"index-55-1440771236522914707","dropTimestamp":{"$timestamp":{"t":1743691327,"i":4}}}}
{"t":{"$date":"2025-04-03T14:47:16.600+00:00"},"s":"I",  "c":"STORAGE",  "id":22237,   "ctx":"TimestampMonitor","msg":"Completing drop for ident","attr":{"ident":"index-41-1440771236522914707","dropTimestamp":{"$timestamp":{"t":1743691327,"i":50}}}}
{"t":{"$date":"2025-04-03T14:47:16.607+00:00"},"s":"I",  "c":"STORAGE",  "id":6776600, "ctx":"TimestampMonitor","msg":"The ident was successfully dropped","attr":{"ident":"index-41-1440771236522914707","dropTimestamp":{"$timestamp":{"t":1743691327,"i":50}}}}
{"t":{"$date":"2025-04-03T14:47:16.608+00:00"},"s":"I",  "c":"STORAGE",  "id":22237,   "ctx":"TimestampMonitor","msg":"Completing drop for ident","attr":{"ident":"index-95-1440771236522914707","dropTimestamp":{"$timestamp":{"t":1743691330,"i":32}}}}
{"t":{"$date":"2025-04-03T14:47:16.612+00:00"},"s":"I",  "c":"STORAGE",  "id":6776600, "ctx":"TimestampMonitor","msg":"The ident was successfully dropped","attr":{"ident":"index-95-1440771236522914707","dropTimestamp":{"$timestamp":{"t":1743691330,"i":32}}}}
{"t":{"$date":"2025-04-03T14:47:17.977+00:00"},"s":"I",  "c":"CONNPOOL", "id":22572,   "ctx":"ReplNetwork","msg":"Dropping all pooled connections","attr":{"hostAndPort":"localhost:27017","error":"ConnectionPoolExpired: Pool for localhost:27017 has expired."}}
{"t":{"$date":"2025-04-03T14:47:17.986+00:00"},"s":"I",  "c":"NETWORK",  "id":22944,   "ctx":"conn40","msg":"Connection ended","attr":{"remote":"127.0.0.1:56462","uuid":"bebc1d8d-3545-4657-86fa-6101cc4b5d13","connectionId":40,"connectionCount":14}}
{"t":{"$date":"2025-04-03T14:47:26.555+00:00"},"s":"I",  "c":"STORAGE",  "id":22260,   "ctx":"TimestampMonitor","msg":"Removing drop-pending idents with drop timestamps before timestamp","attr":{"timestamp":{"$timestamp":{"t":1743691345,"i":1}}}}
{"t":{"$date":"2025-04-03T14:47:26.557+00:00"},"s":"I",  "c":"STORAGE",  "id":22237,   "ctx":"TimestampMonitor","msg":"Completing drop for ident","attr":{"ident":"index-68-1440771236522914707","dropTimestamp":{"$timestamp":{"t":1743691336,"i":6}}}}
{"t":{"$date":"2025-04-03T14:47:26.568+00:00"},"s":"I",  "c":"STORAGE",  "id":6776600, "ctx":"TimestampMonitor","msg":"The ident was successfully dropped","attr":{"ident":"index-68-1440771236522914707","dropTimestamp":{"$timestamp":{"t":1743691336,"i":6}}}}
{"t":{"$date":"2025-04-03T14:47:26.571+00:00"},"s":"I",  "c":"STORAGE",  "id":22237,   "ctx":"TimestampMonitor","msg":"Completing drop for ident","attr":{"ident":"index-65-1440771236522914707","dropTimestamp":{"$timestamp":{"t":1743691336,"i":7}}}}
{"t":{"$date":"2025-04-03T14:47:26.582+00:00"},"s":"I",  "c":"STORAGE",  "id":6776600, "ctx":"TimestampMonitor","msg":"The ident was successfully dropped","attr":{"ident":"index-65-1440771236522914707","dropTimestamp":{"$timestamp":{"t":1743691336,"i":7}}}}
{"t":{"$date":"2025-04-03T14:47:26.584+00:00"},"s":"I",  "c":"STORAGE",  "id":22237,   "ctx":"TimestampMonitor","msg":"Completing drop for ident","attr":{"ident":"index-81-1440771236522914707","dropTimestamp":{"$timestamp":{"t":1743691336,"i":8}}}}
{"t":{"$date":"2025-04-03T14:47:26.594+00:00"},"s":"I",  "c":"STORAGE",  "id":6776600, "ctx":"TimestampMonitor","msg":"The ident was successfully dropped","attr":{"ident":"index-81-1440771236522914707","dropTimestamp":{"$timestamp":{"t":1743691336,"i":8}}}}
{"t":{"$date":"2025-04-03T14:47:26.596+00:00"},"s":"I",  "c":"STORAGE",  "id":22237,   "ctx":"TimestampMonitor","msg":"Completing drop for ident","attr":{"ident":"index-80-1440771236522914707","dropTimestamp":{"$timestamp":{"t":1743691336,"i":9}}}}
{"t":{"$date":"2025-04-03T14:47:26.602+00:00"},"s":"I",  "c":"STORAGE",  "id":6776600, "ctx":"TimestampMonitor","msg":"The ident was successfully dropped","attr":{"ident":"index-80-1440771236522914707","dropTimestamp":{"$timestamp":{"t":1743691336,"i":9}}}}
{"t":{"$date":"2025-04-03T14:47:26.604+00:00"},"s":"I",  "c":"STORAGE",  "id":22237,   "ctx":"TimestampMonitor","msg":"Completing drop for ident","attr":{"ident":"index-69-1440771236522914707","dropTimestamp":{"$timestamp":{"t":1743691336,"i":10}}}}
{"t":{"$date":"2025-04-03T14:47:26.610+00:00"},"s":"I",  "c":"STORAGE",  "id":6776600, "ctx":"TimestampMonitor","msg":"The ident was successfully dropped","attr":{"ident":"index-69-1440771236522914707","dropTimestamp":{"$timestamp":{"t":1743691336,"i":10}}}}
{"t":{"$date":"2025-04-03T14:47:26.612+00:00"},"s":"I",  "c":"STORAGE",  "id":22237,   "ctx":"TimestampMonitor","msg":"Completing drop for ident","attr":{"ident":"index-79-1440771236522914707","dropTimestamp":{"$timestamp":{"t":1743691336,"i":11}}}}
{"t":{"$date":"2025-04-03T14:47:26.617+00:00"},"s":"I",  "c":"STORAGE",  "id":6776600, "ctx":"TimestampMonitor","msg":"The ident was successfully dropped","attr":{"ident":"index-79-1440771236522914707","dropTimestamp":{"$timestamp":{"t":1743691336,"i":11}}}}
{"t":{"$date":"2025-04-03T14:47:26.619+00:00"},"s":"I",  "c":"STORAGE",  "id":22237,   "ctx":"TimestampMonitor","msg":"Completing drop for ident","attr":{"ident":"index-125-1440771236522914707","dropTimestamp":{"$timestamp":{"t":1743691336,"i":12}}}}
{"t":{"$date":"2025-04-03T14:47:26.624+00:00"},"s":"I",  "c":"STORAGE",  "id":6776600, "ctx":"TimestampMonitor","msg":"The ident was successfully dropped","attr":{"ident":"index-125-1440771236522914707","dropTimestamp":{"$timestamp":{"t":1743691336,"i":12}}}}
{"t":{"$date":"2025-04-03T14:47:26.624+00:00"},"s":"I",  "c":"STORAGE",  "id":22237,   "ctx":"TimestampMonitor","msg":"Completing drop for ident","attr":{"ident":"index-47-1440771236522914707","dropTimestamp":{"$timestamp":{"t":1743691337,"i":15}}}}
{"t":{"$date":"2025-04-03T14:47:26.628+00:00"},"s":"I",  "c":"STORAGE",  "id":6776600, "ctx":"TimestampMonitor","msg":"The ident was successfully dropped","attr":{"ident":"index-47-1440771236522914707","dropTimestamp":{"$timestamp":{"t":1743691337,"i":15}}}}
{"t":{"$date":"2025-04-03T14:47:55.830+00:00"},"s":"I",  "c":"STORAGE",  "id":22430,   "ctx":"Checkpointer","msg":"WiredTiger message","attr":{"message":"[1743691675:830219][2082:0xffff9cbefc80], WT_SESSION.checkpoint: [WT_VERB_CHECKPOINT_PROGRESS] saving checkpoint snapshot min: 1337, snapshot max: 1337 snapshot count: 0, oldest timestamp: (1743691375, 1) , meta checkpoint timestamp: (1743691675, 1) base write gen: 33"}}
{"t":{"$date":"2025-04-03T14:48:55.902+00:00"},"s":"I",  "c":"STORAGE",  "id":22430,   "ctx":"Checkpointer","msg":"WiredTiger message","attr":{"message":"[1743691735:901992][2082:0xffff9cbefc80], WT_SESSION.checkpoint: [WT_VERB_CHECKPOINT_PROGRESS] saving checkpoint snapshot min: 1352, snapshot max: 1352 snapshot count: 0, oldest timestamp: (1743691435, 1) , meta checkpoint timestamp: (1743691735, 1) base write gen: 33"}}
{"t":{"$date":"2025-04-03T14:49:56.000+00:00"},"s":"I",  "c":"STORAGE",  "id":22430,   "ctx":"Checkpointer","msg":"WiredTiger message","attr":{"message":"[1743691796:269][2082:0xffff9cbefc80], WT_SESSION.checkpoint: [WT_VERB_CHECKPOINT_PROGRESS] saving checkpoint snapshot min: 1367, snapshot max: 1367 snapshot count: 0, oldest timestamp: (1743691495, 1) , meta checkpoint timestamp: (1743691795, 1) base write gen: 33"}}
{"t":{"$date":"2025-04-03T14:50:56.084+00:00"},"s":"I",  "c":"STORAGE",  "id":22430,   "ctx":"Checkpointer","msg":"WiredTiger message","attr":{"message":"[1743691856:84394][2082:0xffff9cbefc80], WT_SESSION.checkpoint: [WT_VERB_CHECKPOINT_PROGRESS] saving checkpoint snapshot min: 1382, snapshot max: 1382 snapshot count: 0, oldest timestamp: (1743691555, 1) , meta checkpoint timestamp: (1743691855, 1) base write gen: 33"}}
{"t":{"$date":"2025-04-03T14:51:56.182+00:00"},"s":"I",  "c":"STORAGE",  "id":22430,   "ctx":"Checkpointer","msg":"WiredTiger message","attr":{"message":"[1743691916:182077][2082:0xffff9cbefc80], WT_SESSION.checkpoint: [WT_VERB_CHECKPOINT_PROGRESS] saving checkpoint snapshot min: 1397, snapshot max: 1397 snapshot count: 0, oldest timestamp: (1743691615, 1) , meta checkpoint timestamp: (1743691915, 1) base write gen: 33"}}
{"t":{"$date":"2025-04-03T14:52:56.305+00:00"},"s":"I",  "c":"STORAGE",  "id":22430,   "ctx":"Checkpointer","msg":"WiredTiger message","attr":{"message":"[1743691976:305928][2082:0xffff9cbefc80], WT_SESSION.checkpoint: [WT_VERB_CHECKPOINT_PROGRESS] saving checkpoint snapshot min: 1412, snapshot max: 1412 snapshot count: 0, oldest timestamp: (1743691675, 1) , meta checkpoint timestamp: (1743691975, 1) base write gen: 33"}}
{"t":{"$date":"2025-04-03T14:53:56.417+00:00"},"s":"I",  "c":"STORAGE",  "id":22430,   "ctx":"Checkpointer","msg":"WiredTiger message","attr":{"message":"[1743692036:417927][2082:0xffff9cbefc80], WT_SESSION.checkpoint: [WT_VERB_CHECKPOINT_PROGRESS] saving checkpoint snapshot min: 1427, snapshot max: 1427 snapshot count: 0, oldest timestamp: (1743691735, 1) , meta checkpoint timestamp: (1743692035, 1) base write gen: 33"}}
{"t":{"$date":"2025-04-03T14:54:56.531+00:00"},"s":"I",  "c":"STORAGE",  "id":22430,   "ctx":"Checkpointer","msg":"WiredTiger message","attr":{"message":"[1743692096:531057][2082:0xffff9cbefc80], WT_SESSION.checkpoint: [WT_VERB_CHECKPOINT_PROGRESS] saving checkpoint snapshot min: 1442, snapshot max: 1442 snapshot count: 0, oldest timestamp: (1743691795, 1) , meta checkpoint timestamp: (1743692095, 1) base write gen: 33"}}
{"t":{"$date":"2025-04-03T14:55:56.657+00:00"},"s":"I",  "c":"STORAGE",  "id":22430,   "ctx":"Checkpointer","msg":"WiredTiger message","attr":{"message":"[1743692156:657449][2082:0xffff9cbefc80], WT_SESSION.checkpoint: [WT_VERB_CHECKPOINT_PROGRESS] saving checkpoint snapshot min: 1457, snapshot max: 1457 snapshot count: 0, oldest timestamp: (1743691855, 1) , meta checkpoint timestamp: (1743692155, 1) base write gen: 33"}}
{"t":{"$date":"2025-04-03T14:56:56.769+00:00"},"s":"I",  "c":"STORAGE",  "id":22430,   "ctx":"Checkpointer","msg":"WiredTiger message","attr":{"message":"[1743692216:769117][2082:0xffff9cbefc80], WT_SESSION.checkpoint: [WT_VERB_CHECKPOINT_PROGRESS] saving checkpoint snapshot min: 1472, snapshot max: 1472 snapshot count: 0, oldest timestamp: (1743691915, 1) , meta checkpoint timestamp: (1743692215, 1) base write gen: 33"}}
{"t":{"$date":"2025-04-03T14:57:56.888+00:00"},"s":"I",  "c":"STORAGE",  "id":22430,   "ctx":"Checkpointer","msg":"WiredTiger message","attr":{"message":"[1743692276:888360][2082:0xffff9cbefc80], WT_SESSION.checkpoint: [WT_VERB_CHECKPOINT_PROGRESS] saving checkpoint snapshot min: 1487, snapshot max: 1487 snapshot count: 0, oldest timestamp: (1743691975, 1) , meta checkpoint timestamp: (1743692275, 1) base write gen: 33"}}
{"t":{"$date":"2025-04-03T14:58:56.999+00:00"},"s":"I",  "c":"STORAGE",  "id":22430,   "ctx":"Checkpointer","msg":"WiredTiger message","attr":{"message":"[1743692336:999661][2082:0xffff9cbefc80], WT_SESSION.checkpoint: [WT_VERB_CHECKPOINT_PROGRESS] saving checkpoint snapshot min: 1502, snapshot max: 1502 snapshot count: 0, oldest timestamp: (1743692035, 1) , meta checkpoint timestamp: (1743692335, 1) base write gen: 33"}}
{"t":{"$date":"2025-04-03T14:59:57.101+00:00"},"s":"I",  "c":"STORAGE",  "id":22430,   "ctx":"Checkpointer","msg":"WiredTiger message","attr":{"message":"[1743692397:101832][2082:0xffff9cbefc80], WT_SESSION.checkpoint: [WT_VERB_CHECKPOINT_PROGRESS] saving checkpoint snapshot min: 1517, snapshot max: 1517 snapshot count: 0, oldest timestamp: (1743692095, 1) , meta checkpoint timestamp: (1743692395, 1) base write gen: 33"}}
{"t":{"$date":"2025-04-03T15:00:57.204+00:00"},"s":"I",  "c":"STORAGE",  "id":22430,   "ctx":"Checkpointer","msg":"WiredTiger message","attr":{"message":"[1743692457:204220][2082:0xffff9cbefc80], WT_SESSION.checkpoint: [WT_VERB_CHECKPOINT_PROGRESS] saving checkpoint snapshot min: 1532, snapshot max: 1532 snapshot count: 0, oldest timestamp: (1743692155, 1) , meta checkpoint timestamp: (1743692455, 1) base write gen: 33"}}
{"t":{"$date":"2025-04-03T15:01:57.331+00:00"},"s":"I",  "c":"STORAGE",  "id":22430,   "ctx":"Checkpointer","msg":"WiredTiger message","attr":{"message":"[1743692517:331098][2082:0xffff9cbefc80], WT_SESSION.checkpoint: [WT_VERB_CHECKPOINT_PROGRESS] saving checkpoint snapshot min: 1547, snapshot max: 1547 snapshot count: 0, oldest timestamp: (1743692215, 1) , meta checkpoint timestamp: (1743692515, 1) base write gen: 33"}}
{"t":{"$date":"2025-04-03T15:02:57.442+00:00"},"s":"I",  "c":"STORAGE",  "id":22430,   "ctx":"Checkpointer","msg":"WiredTiger message","attr":{"message":"[1743692577:442966][2082:0xffff9cbefc80], WT_SESSION.checkpoint: [WT_VERB_CHECKPOINT_PROGRESS] saving checkpoint snapshot min: 1562, snapshot max: 1562 snapshot count: 0, oldest timestamp: (1743692275, 1) , meta checkpoint timestamp: (1743692575, 1) base write gen: 33"}}
{"t":{"$date":"2025-04-03T15:03:57.563+00:00"},"s":"I",  "c":"STORAGE",  "id":22430,   "ctx":"Checkpointer","msg":"WiredTiger message","attr":{"message":"[1743692637:563626][2082:0xffff9cbefc80], WT_SESSION.checkpoint: [WT_VERB_CHECKPOINT_PROGRESS] saving checkpoint snapshot min: 1577, snapshot max: 1577 snapshot count: 0, oldest timestamp: (1743692336, 1) , meta checkpoint timestamp: (1743692636, 1) base write gen: 33"}}
{"t":{"$date":"2025-04-03T15:04:57.680+00:00"},"s":"I",  "c":"STORAGE",  "id":22430,   "ctx":"Checkpointer","msg":"WiredTiger message","attr":{"message":"[1743692697:680784][2082:0xffff9cbefc80], WT_SESSION.checkpoint: [WT_VERB_CHECKPOINT_PROGRESS] saving checkpoint snapshot min: 1592, snapshot max: 1592 snapshot count: 0, oldest timestamp: (1743692396, 1) , meta checkpoint timestamp: (1743692696, 1) base write gen: 33"}}
{"t":{"$date":"2025-04-03T15:05:57.799+00:00"},"s":"I",  "c":"STORAGE",  "id":22430,   "ctx":"Checkpointer","msg":"WiredTiger message","attr":{"message":"[1743692757:799719][2082:0xffff9cbefc80], WT_SESSION.checkpoint: [WT_VERB_CHECKPOINT_PROGRESS] saving checkpoint snapshot min: 1607, snapshot max: 1607 snapshot count: 0, oldest timestamp: (1743692456, 1) , meta checkpoint timestamp: (1743692756, 1) base write gen: 33"}}
{"t":{"$date":"2025-04-03T15:06:57.922+00:00"},"s":"I",  "c":"STORAGE",  "id":22430,   "ctx":"Checkpointer","msg":"WiredTiger message","attr":{"message":"[1743692817:922022][2082:0xffff9cbefc80], WT_SESSION.checkpoint: [WT_VERB_CHECKPOINT_PROGRESS] saving checkpoint snapshot min: 1622, snapshot max: 1622 snapshot count: 0, oldest timestamp: (1743692516, 1) , meta checkpoint timestamp: (1743692816, 1) base write gen: 33"}}
{"t":{"$date":"2025-04-03T15:07:58.048+00:00"},"s":"I",  "c":"STORAGE",  "id":22430,   "ctx":"Checkpointer","msg":"WiredTiger message","attr":{"message":"[1743692878:48691][2082:0xffff9cbefc80], WT_SESSION.checkpoint: [WT_VERB_CHECKPOINT_PROGRESS] saving checkpoint snapshot min: 1637, snapshot max: 1637 snapshot count: 0, oldest timestamp: (1743692576, 1) , meta checkpoint timestamp: (1743692876, 1) base write gen: 33"}}
{"t":{"$date":"2025-04-03T15:08:58.166+00:00"},"s":"I",  "c":"STORAGE",  "id":22430,   "ctx":"Checkpointer","msg":"WiredTiger message","attr":{"message":"[1743692938:166893][2082:0xffff9cbefc80], WT_SESSION.checkpoint: [WT_VERB_CHECKPOINT_PROGRESS] saving checkpoint snapshot min: 1652, snapshot max: 1652 snapshot count: 0, oldest timestamp: (1743692636, 1) , meta checkpoint timestamp: (1743692936, 1) base write gen: 33"}}
{"t":{"$date":"2025-04-03T15:09:58.285+00:00"},"s":"I",  "c":"STORAGE",  "id":22430,   "ctx":"Checkpointer","msg":"WiredTiger message","attr":{"message":"[1743692998:285662][2082:0xffff9cbefc80], WT_SESSION.checkpoint: [WT_VERB_CHECKPOINT_PROGRESS] saving checkpoint snapshot min: 1667, snapshot max: 1667 snapshot count: 0, oldest timestamp: (1743692696, 1) , meta checkpoint timestamp: (1743692996, 1) base write gen: 33"}}
{"t":{"$date":"2025-04-03T15:10:58.398+00:00"},"s":"I",  "c":"STORAGE",  "id":22430,   "ctx":"Checkpointer","msg":"WiredTiger message","attr":{"message":"[1743693058:398822][2082:0xffff9cbefc80], WT_SESSION.checkpoint: [WT_VERB_CHECKPOINT_PROGRESS] saving checkpoint snapshot min: 1682, snapshot max: 1682 snapshot count: 0, oldest timestamp: (1743692756, 1) , meta checkpoint timestamp: (1743693056, 1) base write gen: 33"}}
{"t":{"$date":"2025-04-03T15:11:58.518+00:00"},"s":"I",  "c":"STORAGE",  "id":22430,   "ctx":"Checkpointer","msg":"WiredTiger message","attr":{"message":"[1743693118:518345][2082:0xffff9cbefc80], WT_SESSION.checkpoint: [WT_VERB_CHECKPOINT_PROGRESS] saving checkpoint snapshot min: 1697, snapshot max: 1697 snapshot count: 0, oldest timestamp: (1743692816, 1) , meta checkpoint timestamp: (1743693116, 1) base write gen: 33"}}
{"t":{"$date":"2025-04-03T15:12:58.639+00:00"},"s":"I",  "c":"STORAGE",  "id":22430,   "ctx":"Checkpointer","msg":"WiredTiger message","attr":{"message":"[1743693178:639285][2082:0xffff9cbefc80], WT_SESSION.checkpoint: [WT_VERB_CHECKPOINT_PROGRESS] saving checkpoint snapshot min: 1712, snapshot max: 1712 snapshot count: 0, oldest timestamp: (1743692876, 1) , meta checkpoint timestamp: (1743693176, 1) base write gen: 33"}}
{"t":{"$date":"2025-04-03T15:13:58.761+00:00"},"s":"I",  "c":"STORAGE",  "id":22430,   "ctx":"Checkpointer","msg":"WiredTiger message","attr":{"message":"[1743693238:761556][2082:0xffff9cbefc80], WT_SESSION.checkpoint: [WT_VERB_CHECKPOINT_PROGRESS] saving checkpoint snapshot min: 1727, snapshot max: 1727 snapshot count: 0, oldest timestamp: (1743692936, 1) , meta checkpoint timestamp: (1743693236, 1) base write gen: 33"}}
{"t":{"$date":"2025-04-03T15:14:58.883+00:00"},"s":"I",  "c":"STORAGE",  "id":22430,   "ctx":"Checkpointer","msg":"WiredTiger message","attr":{"message":"[1743693298:883457][2082:0xffff9cbefc80], WT_SESSION.checkpoint: [WT_VERB_CHECKPOINT_PROGRESS] saving checkpoint snapshot min: 1742, snapshot max: 1742 snapshot count: 0, oldest timestamp: (1743692996, 1) , meta checkpoint timestamp: (1743693296, 1) base write gen: 33"}}
{"t":{"$date":"2025-04-03T15:15:59.008+00:00"},"s":"I",  "c":"STORAGE",  "id":22430,   "ctx":"Checkpointer","msg":"WiredTiger message","attr":{"message":"[1743693359:8525][2082:0xffff9cbefc80], WT_SESSION.checkpoint: [WT_VERB_CHECKPOINT_PROGRESS] saving checkpoint snapshot min: 1757, snapshot max: 1757 snapshot count: 0, oldest timestamp: (1743693056, 1) , meta checkpoint timestamp: (1743693356, 1) base write gen: 33"}}
{"t":{"$date":"2025-04-03T15:16:59.108+00:00"},"s":"I",  "c":"STORAGE",  "id":22430,   "ctx":"Checkpointer","msg":"WiredTiger message","attr":{"message":"[1743693419:108492][2082:0xffff9cbefc80], WT_SESSION.checkpoint: [WT_VERB_CHECKPOINT_PROGRESS] saving checkpoint snapshot min: 1781, snapshot max: 1781 snapshot count: 0, oldest timestamp: (1743693115, 9) , meta checkpoint timestamp: (1743693415, 9) base write gen: 33"}}
{"t":{"$date":"2025-04-03T15:17:59.209+00:00"},"s":"I",  "c":"STORAGE",  "id":22430,   "ctx":"Checkpointer","msg":"WiredTiger message","attr":{"message":"[1743693479:209305][2082:0xffff9cbefc80], WT_SESSION.checkpoint: [WT_VERB_CHECKPOINT_PROGRESS] saving checkpoint snapshot min: 1796, snapshot max: 1796 snapshot count: 0, oldest timestamp: (1743693176, 1) , meta checkpoint timestamp: (1743693476, 1) base write gen: 33"}}
{"t":{"$date":"2025-04-03T15:18:59.322+00:00"},"s":"I",  "c":"STORAGE",  "id":22430,   "ctx":"Checkpointer","msg":"WiredTiger message","attr":{"message":"[1743693539:322897][2082:0xffff9cbefc80], WT_SESSION.checkpoint: [WT_VERB_CHECKPOINT_PROGRESS] saving checkpoint snapshot min: 1811, snapshot max: 1811 snapshot count: 0, oldest timestamp: (1743693236, 1) , meta checkpoint timestamp: (1743693536, 1) base write gen: 33"}}
{"t":{"$date":"2025-04-03T15:19:59.431+00:00"},"s":"I",  "c":"STORAGE",  "id":22430,   "ctx":"Checkpointer","msg":"WiredTiger message","attr":{"message":"[1743693599:431690][2082:0xffff9cbefc80], WT_SESSION.checkpoint: [WT_VERB_CHECKPOINT_PROGRESS] saving checkpoint snapshot min: 1826, snapshot max: 1826 snapshot count: 0, oldest timestamp: (1743693296, 1) , meta checkpoint timestamp: (1743693596, 1) base write gen: 33"}}
{"t":{"$date":"2025-04-03T15:20:59.533+00:00"},"s":"I",  "c":"STORAGE",  "id":22430,   "ctx":"Checkpointer","msg":"WiredTiger message","attr":{"message":"[1743693659:533205][2082:0xffff9cbefc80], WT_SESSION.checkpoint: [WT_VERB_CHECKPOINT_PROGRESS] saving checkpoint snapshot min: 1841, snapshot max: 1841 snapshot count: 0, oldest timestamp: (1743693356, 1) , meta checkpoint timestamp: (1743693656, 1) base write gen: 33"}}
{"t":{"$date":"2025-04-03T15:21:59.658+00:00"},"s":"I",  "c":"STORAGE",  "id":22430,   "ctx":"Checkpointer","msg":"WiredTiger message","attr":{"message":"[1743693719:658885][2082:0xffff9cbefc80], WT_SESSION.checkpoint: [WT_VERB_CHECKPOINT_PROGRESS] saving checkpoint snapshot min: 1859, snapshot max: 1859 snapshot count: 0, oldest timestamp: (1743693415, 4) , meta checkpoint timestamp: (1743693715, 4) base write gen: 33"}}
{"t":{"$date":"2025-04-03T15:22:59.782+00:00"},"s":"I",  "c":"STORAGE",  "id":22430,   "ctx":"Checkpointer","msg":"WiredTiger message","attr":{"message":"[1743693779:782523][2082:0xffff9cbefc80], WT_SESSION.checkpoint: [WT_VERB_CHECKPOINT_PROGRESS] saving checkpoint snapshot min: 1874, snapshot max: 1874 snapshot count: 0, oldest timestamp: (1743693476, 1) , meta checkpoint timestamp: (1743693776, 1) base write gen: 33"}}
{"t":{"$date":"2025-04-03T15:23:59.896+00:00"},"s":"I",  "c":"STORAGE",  "id":22430,   "ctx":"Checkpointer","msg":"WiredTiger message","attr":{"message":"[1743693839:896795][2082:0xffff9cbefc80], WT_SESSION.checkpoint: [WT_VERB_CHECKPOINT_PROGRESS] saving checkpoint snapshot min: 1889, snapshot max: 1889 snapshot count: 0, oldest timestamp: (1743693536, 1) , meta checkpoint timestamp: (1743693836, 1) base write gen: 33"}}
{"t":{"$date":"2025-04-03T15:25:00.016+00:00"},"s":"I",  "c":"STORAGE",  "id":22430,   "ctx":"Checkpointer","msg":"WiredTiger message","attr":{"message":"[1743693900:16644][2082:0xffff9cbefc80], WT_SESSION.checkpoint: [WT_VERB_CHECKPOINT_PROGRESS] saving checkpoint snapshot min: 1904, snapshot max: 1904 snapshot count: 0, oldest timestamp: (1743693596, 1) , meta checkpoint timestamp: (1743693896, 1) base write gen: 33"}}
{"t":{"$date":"2025-04-03T15:26:00.121+00:00"},"s":"I",  "c":"STORAGE",  "id":22430,   "ctx":"Checkpointer","msg":"WiredTiger message","attr":{"message":"[1743693960:121308][2082:0xffff9cbefc80], WT_SESSION.checkpoint: [WT_VERB_CHECKPOINT_PROGRESS] saving checkpoint snapshot min: 1919, snapshot max: 1919 snapshot count: 0, oldest timestamp: (1743693656, 1) , meta checkpoint timestamp: (1743693956, 1) base write gen: 33"}}
{"t":{"$date":"2025-04-03T15:27:00.232+00:00"},"s":"I",  "c":"STORAGE",  "id":22430,   "ctx":"Checkpointer","msg":"WiredTiger message","attr":{"message":"[1743694020:232417][2082:0xffff9cbefc80], WT_SESSION.checkpoint: [WT_VERB_CHECKPOINT_PROGRESS] saving checkpoint snapshot min: 1934, snapshot max: 1934 snapshot count: 0, oldest timestamp: (1743693716, 1) , meta checkpoint timestamp: (1743694016, 1) base write gen: 33"}}
{"t":{"$date":"2025-04-03T15:28:00.336+00:00"},"s":"I",  "c":"STORAGE",  "id":22430,   "ctx":"Checkpointer","msg":"WiredTiger message","attr":{"message":"[1743694080:336287][2082:0xffff9cbefc80], WT_SESSION.checkpoint: [WT_VERB_CHECKPOINT_PROGRESS] saving checkpoint snapshot min: 1949, snapshot max: 1949 snapshot count: 0, oldest timestamp: (1743693776, 1) , meta checkpoint timestamp: (1743694076, 1) base write gen: 33"}}
{"t":{"$date":"2025-04-03T15:29:00.453+00:00"},"s":"I",  "c":"STORAGE",  "id":22430,   "ctx":"Checkpointer","msg":"WiredTiger message","attr":{"message":"[1743694140:453620][2082:0xffff9cbefc80], WT_SESSION.checkpoint: [WT_VERB_CHECKPOINT_PROGRESS] saving checkpoint snapshot min: 1964, snapshot max: 1964 snapshot count: 0, oldest timestamp: (1743693836, 1) , meta checkpoint timestamp: (1743694136, 1) base write gen: 33"}}
{"t":{"$date":"2025-04-03T15:30:00.579+00:00"},"s":"I",  "c":"STORAGE",  "id":22430,   "ctx":"Checkpointer","msg":"WiredTiger message","attr":{"message":"[1743694200:579049][2082:0xffff9cbefc80], WT_SESSION.checkpoint: [WT_VERB_CHECKPOINT_PROGRESS] saving checkpoint snapshot min: 1979, snapshot max: 1979 snapshot count: 0, oldest timestamp: (1743693896, 1) , meta checkpoint timestamp: (1743694196, 1) base write gen: 33"}}
{"t":{"$date":"2025-04-03T15:31:00.699+00:00"},"s":"I",  "c":"STORAGE",  "id":22430,   "ctx":"Checkpointer","msg":"WiredTiger message","attr":{"message":"[1743694260:699197][2082:0xffff9cbefc80], WT_SESSION.checkpoint: [WT_VERB_CHECKPOINT_PROGRESS] saving checkpoint snapshot min: 1994, snapshot max: 1994 snapshot count: 0, oldest timestamp: (1743693956, 1) , meta checkpoint timestamp: (1743694256, 1) base write gen: 33"}}
{"t":{"$date":"2025-04-03T15:32:00.824+00:00"},"s":"I",  "c":"STORAGE",  "id":22430,   "ctx":"Checkpointer","msg":"WiredTiger message","attr":{"message":"[1743694320:824293][2082:0xffff9cbefc80], WT_SESSION.checkpoint: [WT_VERB_CHECKPOINT_PROGRESS] saving checkpoint snapshot min: 2009, snapshot max: 2009 snapshot count: 0, oldest timestamp: (1743694016, 1) , meta checkpoint timestamp: (1743694316, 1) base write gen: 33"}}
{"t":{"$date":"2025-04-03T15:33:00.950+00:00"},"s":"I",  "c":"STORAGE",  "id":22430,   "ctx":"Checkpointer","msg":"WiredTiger message","attr":{"message":"[1743694380:950860][2082:0xffff9cbefc80], WT_SESSION.checkpoint: [WT_VERB_CHECKPOINT_PROGRESS] saving checkpoint snapshot min: 2024, snapshot max: 2024 snapshot count: 0, oldest timestamp: (1743694076, 1) , meta checkpoint timestamp: (1743694376, 1) base write gen: 33"}}
{"t":{"$date":"2025-04-03T15:34:01.079+00:00"},"s":"I",  "c":"STORAGE",  "id":22430,   "ctx":"Checkpointer","msg":"WiredTiger message","attr":{"message":"[1743694441:79715][2082:0xffff9cbefc80], WT_SESSION.checkpoint: [WT_VERB_CHECKPOINT_PROGRESS] saving checkpoint snapshot min: 2039, snapshot max: 2039 snapshot count: 0, oldest timestamp: (1743694136, 1) , meta checkpoint timestamp: (1743694436, 1) base write gen: 33"}}
{"t":{"$date":"2025-04-03T15:35:01.199+00:00"},"s":"I",  "c":"STORAGE",  "id":22430,   "ctx":"Checkpointer","msg":"WiredTiger message","attr":{"message":"[1743694501:199919][2082:0xffff9cbefc80], WT_SESSION.checkpoint: [WT_VERB_CHECKPOINT_PROGRESS] saving checkpoint snapshot min: 2054, snapshot max: 2054 snapshot count: 0, oldest timestamp: (1743694196, 1) , meta checkpoint timestamp: (1743694496, 1) base write gen: 33"}}
{"t":{"$date":"2025-04-03T15:36:01.326+00:00"},"s":"I",  "c":"STORAGE",  "id":22430,   "ctx":"Checkpointer","msg":"WiredTiger message","attr":{"message":"[1743694561:326631][2082:0xffff9cbefc80], WT_SESSION.checkpoint: [WT_VERB_CHECKPOINT_PROGRESS] saving checkpoint snapshot min: 2069, snapshot max: 2069 snapshot count: 0, oldest timestamp: (1743694256, 1) , meta checkpoint timestamp: (1743694556, 1) base write gen: 33"}}
{"t":{"$date":"2025-04-03T15:37:01.447+00:00"},"s":"I",  "c":"STORAGE",  "id":22430,   "ctx":"Checkpointer","msg":"WiredTiger message","attr":{"message":"[1743694621:447135][2082:0xffff9cbefc80], WT_SESSION.checkpoint: [WT_VERB_CHECKPOINT_PROGRESS] saving checkpoint snapshot min: 2084, snapshot max: 2084 snapshot count: 0, oldest timestamp: (1743694316, 1) , meta checkpoint timestamp: (1743694616, 1) base write gen: 33"}}
{"t":{"$date":"2025-04-03T15:38:01.572+00:00"},"s":"I",  "c":"STORAGE",  "id":22430,   "ctx":"Checkpointer","msg":"WiredTiger message","attr":{"message":"[1743694681:572902][2082:0xffff9cbefc80], WT_SESSION.checkpoint: [WT_VERB_CHECKPOINT_PROGRESS] saving checkpoint snapshot min: 2099, snapshot max: 2099 snapshot count: 0, oldest timestamp: (1743694376, 1) , meta checkpoint timestamp: (1743694676, 1) base write gen: 33"}}
{"t":{"$date":"2025-04-03T15:39:01.691+00:00"},"s":"I",  "c":"STORAGE",  "id":22430,   "ctx":"Checkpointer","msg":"WiredTiger message","attr":{"message":"[1743694741:691870][2082:0xffff9cbefc80], WT_SESSION.checkpoint: [WT_VERB_CHECKPOINT_PROGRESS] saving checkpoint snapshot min: 2114, snapshot max: 2114 snapshot count: 0, oldest timestamp: (1743694436, 1) , meta checkpoint timestamp: (1743694736, 1) base write gen: 33"}}
{"t":{"$date":"2025-04-03T15:40:01.806+00:00"},"s":"I",  "c":"STORAGE",  "id":22430,   "ctx":"Checkpointer","msg":"WiredTiger message","attr":{"message":"[1743694801:806357][2082:0xffff9cbefc80], WT_SESSION.checkpoint: [WT_VERB_CHECKPOINT_PROGRESS] saving checkpoint snapshot min: 2129, snapshot max: 2129 snapshot count: 0, oldest timestamp: (1743694496, 1) , meta checkpoint timestamp: (1743694796, 1) base write gen: 33"}}
{"t":{"$date":"2025-04-03T15:41:01.935+00:00"},"s":"I",  "c":"STORAGE",  "id":22430,   "ctx":"Checkpointer","msg":"WiredTiger message","attr":{"message":"[1743694861:935493][2082:0xffff9cbefc80], WT_SESSION.checkpoint: [WT_VERB_CHECKPOINT_PROGRESS] saving checkpoint snapshot min: 2144, snapshot max: 2144 snapshot count: 0, oldest timestamp: (1743694556, 1) , meta checkpoint timestamp: (1743694856, 1) base write gen: 33"}}
{"t":{"$date":"2025-04-03T15:42:02.049+00:00"},"s":"I",  "c":"STORAGE",  "id":22430,   "ctx":"Checkpointer","msg":"WiredTiger message","attr":{"message":"[1743694922:49500][2082:0xffff9cbefc80], WT_SESSION.checkpoint: [WT_VERB_CHECKPOINT_PROGRESS] saving checkpoint snapshot min: 2159, snapshot max: 2159 snapshot count: 0, oldest timestamp: (1743694616, 1) , meta checkpoint timestamp: (1743694916, 1) base write gen: 33"}}
{"t":{"$date":"2025-04-03T15:43:02.176+00:00"},"s":"I",  "c":"STORAGE",  "id":22430,   "ctx":"Checkpointer","msg":"WiredTiger message","attr":{"message":"[1743694982:176426][2082:0xffff9cbefc80], WT_SESSION.checkpoint: [WT_VERB_CHECKPOINT_PROGRESS] saving checkpoint snapshot min: 2174, snapshot max: 2174 snapshot count: 0, oldest timestamp: (1743694677, 1) , meta checkpoint timestamp: (1743694977, 1) base write gen: 33"}}
{"t":{"$date":"2025-04-03T15:44:02.303+00:00"},"s":"I",  "c":"STORAGE",  "id":22430,   "ctx":"Checkpointer","msg":"WiredTiger message","attr":{"message":"[1743695042:303618][2082:0xffff9cbefc80], WT_SESSION.checkpoint: [WT_VERB_CHECKPOINT_PROGRESS] saving checkpoint snapshot min: 2189, snapshot max: 2189 snapshot count: 0, oldest timestamp: (1743694737, 1) , meta checkpoint timestamp: (1743695037, 1) base write gen: 33"}}
{"t":{"$date":"2025-04-03T15:45:02.422+00:00"},"s":"I",  "c":"STORAGE",  "id":22430,   "ctx":"Checkpointer","msg":"WiredTiger message","attr":{"message":"[1743695102:422042][2082:0xffff9cbefc80], WT_SESSION.checkpoint: [WT_VERB_CHECKPOINT_PROGRESS] saving checkpoint snapshot min: 2204, snapshot max: 2204 snapshot count: 0, oldest timestamp: (1743694797, 1) , meta checkpoint timestamp: (1743695097, 1) base write gen: 33"}}
{"t":{"$date":"2025-04-03T15:46:02.529+00:00"},"s":"I",  "c":"STORAGE",  "id":22430,   "ctx":"Checkpointer","msg":"WiredTiger message","attr":{"message":"[1743695162:529687][2082:0xffff9cbefc80], WT_SESSION.checkpoint: [WT_VERB_CHECKPOINT_PROGRESS] saving checkpoint snapshot min: 2219, snapshot max: 2219 snapshot count: 0, oldest timestamp: (1743694857, 1) , meta checkpoint timestamp: (1743695157, 1) base write gen: 33"}}
{"t":{"$date":"2025-04-03T15:47:02.660+00:00"},"s":"I",  "c":"STORAGE",  "id":22430,   "ctx":"Checkpointer","msg":"WiredTiger message","attr":{"message":"[1743695222:660835][2082:0xffff9cbefc80], WT_SESSION.checkpoint: [WT_VERB_CHECKPOINT_PROGRESS] saving checkpoint snapshot min: 2236, snapshot max: 2236 snapshot count: 0, oldest timestamp: (1743694915, 2) , meta checkpoint timestamp: (1743695215, 2) base write gen: 33"}}
{"t":{"$date":"2025-04-03T15:48:02.784+00:00"},"s":"I",  "c":"STORAGE",  "id":22430,   "ctx":"Checkpointer","msg":"WiredTiger message","attr":{"message":"[1743695282:784344][2082:0xffff9cbefc80], WT_SESSION.checkpoint: [WT_VERB_CHECKPOINT_PROGRESS] saving checkpoint snapshot min: 2251, snapshot max: 2251 snapshot count: 0, oldest timestamp: (1743694977, 1) , meta checkpoint timestamp: (1743695277, 1) base write gen: 33"}}
{"t":{"$date":"2025-04-03T15:49:02.906+00:00"},"s":"I",  "c":"STORAGE",  "id":22430,   "ctx":"Checkpointer","msg":"WiredTiger message","attr":{"message":"[1743695342:906321][2082:0xffff9cbefc80], WT_SESSION.checkpoint: [WT_VERB_CHECKPOINT_PROGRESS] saving checkpoint snapshot min: 2266, snapshot max: 2266 snapshot count: 0, oldest timestamp: (1743695037, 1) , meta checkpoint timestamp: (1743695337, 1) base write gen: 33"}}
{"t":{"$date":"2025-04-03T15:50:03.016+00:00"},"s":"I",  "c":"STORAGE",  "id":22430,   "ctx":"Checkpointer","msg":"WiredTiger message","attr":{"message":"[1743695403:16098][2082:0xffff9cbefc80], WT_SESSION.checkpoint: [WT_VERB_CHECKPOINT_PROGRESS] saving checkpoint snapshot min: 2281, snapshot max: 2281 snapshot count: 0, oldest timestamp: (1743695097, 1) , meta checkpoint timestamp: (1743695397, 1) base write gen: 33"}}
{"t":{"$date":"2025-04-03T15:51:03.113+00:00"},"s":"I",  "c":"STORAGE",  "id":22430,   "ctx":"Checkpointer","msg":"WiredTiger message","attr":{"message":"[1743695463:113945][2082:0xffff9cbefc80], WT_SESSION.checkpoint: [WT_VERB_CHECKPOINT_PROGRESS] saving checkpoint snapshot min: 2296, snapshot max: 2296 snapshot count: 0, oldest timestamp: (1743695157, 1) , meta checkpoint timestamp: (1743695457, 1) base write gen: 33"}}
{"t":{"$date":"2025-04-03T15:52:03.235+00:00"},"s":"I",  "c":"STORAGE",  "id":22430,   "ctx":"Checkpointer","msg":"WiredTiger message","attr":{"message":"[1743695523:235781][2082:0xffff9cbefc80], WT_SESSION.checkpoint: [WT_VERB_CHECKPOINT_PROGRESS] saving checkpoint snapshot min: 2311, snapshot max: 2311 snapshot count: 0, oldest timestamp: (1743695215, 1) , meta checkpoint timestamp: (1743695515, 1) base write gen: 33"}}
{"t":{"$date":"2025-04-03T15:53:03.359+00:00"},"s":"I",  "c":"STORAGE",  "id":22430,   "ctx":"Checkpointer","msg":"WiredTiger message","attr":{"message":"[1743695583:359214][2082:0xffff9cbefc80], WT_SESSION.checkpoint: [WT_VERB_CHECKPOINT_PROGRESS] saving checkpoint snapshot min: 2326, snapshot max: 2326 snapshot count: 0, oldest timestamp: (1743695277, 1) , meta checkpoint timestamp: (1743695577, 1) base write gen: 33"}}
{"t":{"$date":"2025-04-03T15:54:03.486+00:00"},"s":"I",  "c":"STORAGE",  "id":22430,   "ctx":"Checkpointer","msg":"WiredTiger message","attr":{"message":"[1743695643:486462][2082:0xffff9cbefc80], WT_SESSION.checkpoint: [WT_VERB_CHECKPOINT_PROGRESS] saving checkpoint snapshot min: 2341, snapshot max: 2341 snapshot count: 0, oldest timestamp: (1743695337, 1) , meta checkpoint timestamp: (1743695637, 1) base write gen: 33"}}
{"t":{"$date":"2025-04-03T15:55:03.605+00:00"},"s":"I",  "c":"STORAGE",  "id":22430,   "ctx":"Checkpointer","msg":"WiredTiger message","attr":{"message":"[1743695703:605194][2082:0xffff9cbefc80], WT_SESSION.checkpoint: [WT_VERB_CHECKPOINT_PROGRESS] saving checkpoint snapshot min: 2356, snapshot max: 2356 snapshot count: 0, oldest timestamp: (1743695397, 1) , meta checkpoint timestamp: (1743695697, 1) base write gen: 33"}}
{"t":{"$date":"2025-04-03T15:56:03.723+00:00"},"s":"I",  "c":"STORAGE",  "id":22430,   "ctx":"Checkpointer","msg":"WiredTiger message","attr":{"message":"[1743695763:723091][2082:0xffff9cbefc80], WT_SESSION.checkpoint: [WT_VERB_CHECKPOINT_PROGRESS] saving checkpoint snapshot min: 2371, snapshot max: 2371 snapshot count: 0, oldest timestamp: (1743695457, 1) , meta checkpoint timestamp: (1743695757, 1) base write gen: 33"}}
{"t":{"$date":"2025-04-03T15:57:03.855+00:00"},"s":"I",  "c":"STORAGE",  "id":22430,   "ctx":"Checkpointer","msg":"WiredTiger message","attr":{"message":"[1743695823:855366][2082:0xffff9cbefc80], WT_SESSION.checkpoint: [WT_VERB_CHECKPOINT_PROGRESS] saving checkpoint snapshot min: 2386, snapshot max: 2386 snapshot count: 0, oldest timestamp: (1743695517, 1) , meta checkpoint timestamp: (1743695817, 1) base write gen: 33"}}
{"t":{"$date":"2025-04-03T15:58:03.991+00:00"},"s":"I",  "c":"STORAGE",  "id":22430,   "ctx":"Checkpointer","msg":"WiredTiger message","attr":{"message":"[1743695883:991339][2082:0xffff9cbefc80], WT_SESSION.checkpoint: [WT_VERB_CHECKPOINT_PROGRESS] saving checkpoint snapshot min: 2401, snapshot max: 2401 snapshot count: 0, oldest timestamp: (1743695577, 1) , meta checkpoint timestamp: (1743695877, 1) base write gen: 33"}}
{"t":{"$date":"2025-04-03T15:59:04.104+00:00"},"s":"I",  "c":"STORAGE",  "id":22430,   "ctx":"Checkpointer","msg":"WiredTiger message","attr":{"message":"[1743695944:103991][2082:0xffff9cbefc80], WT_SESSION.checkpoint: [WT_VERB_CHECKPOINT_PROGRESS] saving checkpoint snapshot min: 2416, snapshot max: 2416 snapshot count: 0, oldest timestamp: (1743695637, 1) , meta checkpoint timestamp: (1743695937, 1) base write gen: 33"}}
{"t":{"$date":"2025-04-03T16:00:04.230+00:00"},"s":"I",  "c":"STORAGE",  "id":22430,   "ctx":"Checkpointer","msg":"WiredTiger message","attr":{"message":"[1743696004:230906][2082:0xffff9cbefc80], WT_SESSION.checkpoint: [WT_VERB_CHECKPOINT_PROGRESS] saving checkpoint snapshot min: 2431, snapshot max: 2431 snapshot count: 0, oldest timestamp: (1743695697, 1) , meta checkpoint timestamp: (1743695997, 1) base write gen: 33"}}
{"t":{"$date":"2025-04-03T16:01:04.353+00:00"},"s":"I",  "c":"STORAGE",  "id":22430,   "ctx":"Checkpointer","msg":"WiredTiger message","attr":{"message":"[1743696064:353606][2082:0xffff9cbefc80], WT_SESSION.checkpoint: [WT_VERB_CHECKPOINT_PROGRESS] saving checkpoint snapshot min: 2446, snapshot max: 2446 snapshot count: 0, oldest timestamp: (1743695757, 1) , meta checkpoint timestamp: (1743696057, 1) base write gen: 33"}}
{"t":{"$date":"2025-04-03T16:02:04.479+00:00"},"s":"I",  "c":"STORAGE",  "id":22430,   "ctx":"Checkpointer","msg":"WiredTiger message","attr":{"message":"[1743696124:479478][2082:0xffff9cbefc80], WT_SESSION.checkpoint: [WT_VERB_CHECKPOINT_PROGRESS] saving checkpoint snapshot min: 2461, snapshot max: 2461 snapshot count: 0, oldest timestamp: (1743695817, 1) , meta checkpoint timestamp: (1743696117, 1) base write gen: 33"}}
{"t":{"$date":"2025-04-03T16:03:04.589+00:00"},"s":"I",  "c":"STORAGE",  "id":22430,   "ctx":"Checkpointer","msg":"WiredTiger message","attr":{"message":"[1743696184:589805][2082:0xffff9cbefc80], WT_SESSION.checkpoint: [WT_VERB_CHECKPOINT_PROGRESS] saving checkpoint snapshot min: 2476, snapshot max: 2476 snapshot count: 0, oldest timestamp: (1743695877, 1) , meta checkpoint timestamp: (1743696177, 1) base write gen: 33"}}
{"t":{"$date":"2025-04-03T16:04:04.714+00:00"},"s":"I",  "c":"STORAGE",  "id":22430,   "ctx":"Checkpointer","msg":"WiredTiger message","attr":{"message":"[1743696244:714147][2082:0xffff9cbefc80], WT_SESSION.checkpoint: [WT_VERB_CHECKPOINT_PROGRESS] saving checkpoint snapshot min: 2491, snapshot max: 2491 snapshot count: 0, oldest timestamp: (1743695937, 1) , meta checkpoint timestamp: (1743696237, 1) base write gen: 33"}}
{"t":{"$date":"2025-04-03T16:05:04.835+00:00"},"s":"I",  "c":"STORAGE",  "id":22430,   "ctx":"Checkpointer","msg":"WiredTiger message","attr":{"message":"[1743696304:835614][2082:0xffff9cbefc80], WT_SESSION.checkpoint: [WT_VERB_CHECKPOINT_PROGRESS] saving checkpoint snapshot min: 2506, snapshot max: 2506 snapshot count: 0, oldest timestamp: (1743695997, 1) , meta checkpoint timestamp: (1743696297, 1) base write gen: 33"}}
{"t":{"$date":"2025-04-03T16:06:04.962+00:00"},"s":"I",  "c":"STORAGE",  "id":22430,   "ctx":"Checkpointer","msg":"WiredTiger message","attr":{"message":"[1743696364:962398][2082:0xffff9cbefc80], WT_SESSION.checkpoint: [WT_VERB_CHECKPOINT_PROGRESS] saving checkpoint snapshot min: 2521, snapshot max: 2521 snapshot count: 0, oldest timestamp: (1743696057, 1) , meta checkpoint timestamp: (1743696357, 1) base write gen: 33"}}
{"t":{"$date":"2025-04-03T16:07:05.078+00:00"},"s":"I",  "c":"STORAGE",  "id":22430,   "ctx":"Checkpointer","msg":"WiredTiger message","attr":{"message":"[1743696425:78429][2082:0xffff9cbefc80], WT_SESSION.checkpoint: [WT_VERB_CHECKPOINT_PROGRESS] saving checkpoint snapshot min: 2536, snapshot max: 2536 snapshot count: 0, oldest timestamp: (1743696117, 1) , meta checkpoint timestamp: (1743696417, 1) base write gen: 33"}}
{"t":{"$date":"2025-04-03T16:08:05.200+00:00"},"s":"I",  "c":"STORAGE",  "id":22430,   "ctx":"Checkpointer","msg":"WiredTiger message","attr":{"message":"[1743696485:200866][2082:0xffff9cbefc80], WT_SESSION.checkpoint: [WT_VERB_CHECKPOINT_PROGRESS] saving checkpoint snapshot min: 2551, snapshot max: 2551 snapshot count: 0, oldest timestamp: (1743696177, 1) , meta checkpoint timestamp: (1743696477, 1) base write gen: 33"}}
{"t":{"$date":"2025-04-03T16:09:05.325+00:00"},"s":"I",  "c":"STORAGE",  "id":22430,   "ctx":"Checkpointer","msg":"WiredTiger message","attr":{"message":"[1743696545:325022][2082:0xffff9cbefc80], WT_SESSION.checkpoint: [WT_VERB_CHECKPOINT_PROGRESS] saving checkpoint snapshot min: 2566, snapshot max: 2566 snapshot count: 0, oldest timestamp: (1743696237, 1) , meta checkpoint timestamp: (1743696537, 1) base write gen: 33"}}
{"t":{"$date":"2025-04-03T16:10:05.453+00:00"},"s":"I",  "c":"STORAGE",  "id":22430,   "ctx":"Checkpointer","msg":"WiredTiger message","attr":{"message":"[1743696605:453605][2082:0xffff9cbefc80], WT_SESSION.checkpoint: [WT_VERB_CHECKPOINT_PROGRESS] saving checkpoint snapshot min: 2581, snapshot max: 2581 snapshot count: 0, oldest timestamp: (1743696297, 1) , meta checkpoint timestamp: (1743696597, 1) base write gen: 33"}}
{"t":{"$date":"2025-04-03T16:11:05.566+00:00"},"s":"I",  "c":"STORAGE",  "id":22430,   "ctx":"Checkpointer","msg":"WiredTiger message","attr":{"message":"[1743696665:566736][2082:0xffff9cbefc80], WT_SESSION.checkpoint: [WT_VERB_CHECKPOINT_PROGRESS] saving checkpoint snapshot min: 2596, snapshot max: 2596 snapshot count: 0, oldest timestamp: (1743696357, 1) , meta checkpoint timestamp: (1743696657, 1) base write gen: 33"}}
{"t":{"$date":"2025-04-03T16:12:05.703+00:00"},"s":"I",  "c":"STORAGE",  "id":22430,   "ctx":"Checkpointer","msg":"WiredTiger message","attr":{"message":"[1743696725:703237][2082:0xffff9cbefc80], WT_SESSION.checkpoint: [WT_VERB_CHECKPOINT_PROGRESS] saving checkpoint snapshot min: 2611, snapshot max: 2611 snapshot count: 0, oldest timestamp: (1743696417, 1) , meta checkpoint timestamp: (1743696717, 1) base write gen: 33"}}
{"t":{"$date":"2025-04-03T16:13:05.835+00:00"},"s":"I",  "c":"STORAGE",  "id":22430,   "ctx":"Checkpointer","msg":"WiredTiger message","attr":{"message":"[1743696785:835831][2082:0xffff9cbefc80], WT_SESSION.checkpoint: [WT_VERB_CHECKPOINT_PROGRESS] saving checkpoint snapshot min: 2626, snapshot max: 2626 snapshot count: 0, oldest timestamp: (1743696477, 1) , meta checkpoint timestamp: (1743696777, 1) base write gen: 33"}}
{"t":{"$date":"2025-04-03T16:14:05.968+00:00"},"s":"I",  "c":"STORAGE",  "id":22430,   "ctx":"Checkpointer","msg":"WiredTiger message","attr":{"message":"[1743696845:968001][2082:0xffff9cbefc80], WT_SESSION.checkpoint: [WT_VERB_CHECKPOINT_PROGRESS] saving checkpoint snapshot min: 2641, snapshot max: 2641 snapshot count: 0, oldest timestamp: (1743696537, 1) , meta checkpoint timestamp: (1743696837, 1) base write gen: 33"}}
{"t":{"$date":"2025-04-03T16:15:06.089+00:00"},"s":"I",  "c":"STORAGE",  "id":22430,   "ctx":"Checkpointer","msg":"WiredTiger message","attr":{"message":"[1743696906:89332][2082:0xffff9cbefc80], WT_SESSION.checkpoint: [WT_VERB_CHECKPOINT_PROGRESS] saving checkpoint snapshot min: 2656, snapshot max: 2656 snapshot count: 0, oldest timestamp: (1743696597, 1) , meta checkpoint timestamp: (1743696897, 1) base write gen: 33"}}
{"t":{"$date":"2025-04-03T16:16:06.191+00:00"},"s":"I",  "c":"STORAGE",  "id":22430,   "ctx":"Checkpointer","msg":"WiredTiger message","attr":{"message":"[1743696966:191094][2082:0xffff9cbefc80], WT_SESSION.checkpoint: [WT_VERB_CHECKPOINT_PROGRESS] saving checkpoint snapshot min: 2671, snapshot max: 2671 snapshot count: 0, oldest timestamp: (1743696657, 1) , meta checkpoint timestamp: (1743696957, 1) base write gen: 33"}}
{"t":{"$date":"2025-04-03T16:17:06.345+00:00"},"s":"I",  "c":"STORAGE",  "id":22430,   "ctx":"Checkpointer","msg":"WiredTiger message","attr":{"message":"[1743697026:345784][2082:0xffff9cbefc80], WT_SESSION.checkpoint: [WT_VERB_CHECKPOINT_PROGRESS] saving checkpoint snapshot min: 2688, snapshot max: 2688 snapshot count: 0, oldest timestamp: (1743696715, 2) , meta checkpoint timestamp: (1743697015, 2) base write gen: 33"}}
{"t":{"$date":"2025-04-03T16:18:06.487+00:00"},"s":"I",  "c":"STORAGE",  "id":22430,   "ctx":"Checkpointer","msg":"WiredTiger message","attr":{"message":"[1743697086:487522][2082:0xffff9cbefc80], WT_SESSION.checkpoint: [WT_VERB_CHECKPOINT_PROGRESS] saving checkpoint snapshot min: 2703, snapshot max: 2703 snapshot count: 0, oldest timestamp: (1743696777, 1) , meta checkpoint timestamp: (1743697077, 1) base write gen: 33"}}
{"t":{"$date":"2025-04-03T16:19:06.631+00:00"},"s":"I",  "c":"STORAGE",  "id":22430,   "ctx":"Checkpointer","msg":"WiredTiger message","attr":{"message":"[1743697146:631653][2082:0xffff9cbefc80], WT_SESSION.checkpoint: [WT_VERB_CHECKPOINT_PROGRESS] saving checkpoint snapshot min: 2718, snapshot max: 2718 snapshot count: 0, oldest timestamp: (1743696837, 1) , meta checkpoint timestamp: (1743697137, 1) base write gen: 33"}}
{"t":{"$date":"2025-04-03T16:20:06.774+00:00"},"s":"I",  "c":"STORAGE",  "id":22430,   "ctx":"Checkpointer","msg":"WiredTiger message","attr":{"message":"[1743697206:774420][2082:0xffff9cbefc80], WT_SESSION.checkpoint: [WT_VERB_CHECKPOINT_PROGRESS] saving checkpoint snapshot min: 2733, snapshot max: 2733 snapshot count: 0, oldest timestamp: (1743696897, 1) , meta checkpoint timestamp: (1743697197, 1) base write gen: 33"}}
{"t":{"$date":"2025-04-03T16:21:06.901+00:00"},"s":"I",  "c":"STORAGE",  "id":22430,   "ctx":"Checkpointer","msg":"WiredTiger message","attr":{"message":"[1743697266:901562][2082:0xffff9cbefc80], WT_SESSION.checkpoint: [WT_VERB_CHECKPOINT_PROGRESS] saving checkpoint snapshot min: 2748, snapshot max: 2748 snapshot count: 0, oldest timestamp: (1743696957, 1) , meta checkpoint timestamp: (1743697257, 1) base write gen: 33"}}
{"t":{"$date":"2025-04-03T16:22:07.023+00:00"},"s":"I",  "c":"STORAGE",  "id":22430,   "ctx":"Checkpointer","msg":"WiredTiger message","attr":{"message":"[1743697327:23197][2082:0xffff9cbefc80], WT_SESSION.checkpoint: [WT_VERB_CHECKPOINT_PROGRESS] saving checkpoint snapshot min: 2763, snapshot max: 2763 snapshot count: 0, oldest timestamp: (1743697017, 1) , meta checkpoint timestamp: (1743697317, 1) base write gen: 33"}}
{"t":{"$date":"2025-04-03T16:23:07.160+00:00"},"s":"I",  "c":"STORAGE",  "id":22430,   "ctx":"Checkpointer","msg":"WiredTiger message","attr":{"message":"[1743697387:160301][2082:0xffff9cbefc80], WT_SESSION.checkpoint: [WT_VERB_CHECKPOINT_PROGRESS] saving checkpoint snapshot min: 2778, snapshot max: 2778 snapshot count: 0, oldest timestamp: (1743697077, 1) , meta checkpoint timestamp: (1743697377, 1) base write gen: 33"}}
{"t":{"$date":"2025-04-03T16:24:07.305+00:00"},"s":"I",  "c":"STORAGE",  "id":22430,   "ctx":"Checkpointer","msg":"WiredTiger message","attr":{"message":"[1743697447:304782][2082:0xffff9cbefc80], WT_SESSION.checkpoint: [WT_VERB_CHECKPOINT_PROGRESS] saving checkpoint snapshot min: 2793, snapshot max: 2793 snapshot count: 0, oldest timestamp: (1743697137, 1) , meta checkpoint timestamp: (1743697437, 1) base write gen: 33"}}
{"t":{"$date":"2025-04-03T16:25:07.437+00:00"},"s":"I",  "c":"STORAGE",  "id":22430,   "ctx":"Checkpointer","msg":"WiredTiger message","attr":{"message":"[1743697507:437474][2082:0xffff9cbefc80], WT_SESSION.checkpoint: [WT_VERB_CHECKPOINT_PROGRESS] saving checkpoint snapshot min: 2808, snapshot max: 2808 snapshot count: 0, oldest timestamp: (1743697197, 1) , meta checkpoint timestamp: (1743697497, 1) base write gen: 33"}}
{"t":{"$date":"2025-04-03T16:35:21.070+00:00"},"s":"I",  "c":"STORAGE",  "id":22430,   "ctx":"Checkpointer","msg":"WiredTiger message","attr":{"message":"[1743698121:70520][2082:0xffff9cbefc80], WT_SESSION.checkpoint: [WT_VERB_CHECKPOINT_PROGRESS] saving checkpoint snapshot min: 2821, snapshot max: 2821 snapshot count: 0, oldest timestamp: (1743697256, 1) , meta checkpoint timestamp: (1743697546, 1) base write gen: 33"}}
{"t":{"$date":"2025-04-03T17:10:09.402+00:00"},"s":"I",  "c":"STORAGE",  "id":22430,   "ctx":"Checkpointer","msg":"WiredTiger message","attr":{"message":"[1743700209:402459][2082:0xffff9cbefc80], WT_SESSION.checkpoint: [WT_VERB_CHECKPOINT_PROGRESS] saving checkpoint snapshot min: 2832, snapshot max: 2832 snapshot count: 0, oldest timestamp: (1743699909, 2) , meta checkpoint timestamp: (1743698140, 1) base write gen: 33"}}
{"t":{"$date":"2025-04-03T18:30:17.335+00:00"},"s":"I",  "c":"STORAGE",  "id":22430,   "ctx":"Checkpointer","msg":"WiredTiger message","attr":{"message":"[1743705017:335622][2082:0xffff9cbefc80], WT_SESSION.checkpoint: [WT_VERB_CHECKPOINT_PROGRESS] saving checkpoint snapshot min: 2841, snapshot max: 2841 snapshot count: 0, oldest timestamp: (1743704717, 1) , meta checkpoint timestamp: (1743700229, 1) base write gen: 33"}}
{"t":{"$date":"2025-04-03T19:37:31.703+00:00"},"s":"I",  "c":"STORAGE",  "id":22430,   "ctx":"Checkpointer","msg":"WiredTiger message","attr":{"message":"[1743709051:703495][2082:0xffff9cbefc80], WT_SESSION.checkpoint: [WT_VERB_CHECKPOINT_PROGRESS] saving checkpoint snapshot min: 2849, snapshot max: 2849 snapshot count: 0, oldest timestamp: (1743708751, 1) , meta checkpoint timestamp: (1743705037, 1) base write gen: 33"}}
{"t":{"$date":"2025-04-03T19:54:24.103+00:00"},"s":"I",  "c":"STORAGE",  "id":22430,   "ctx":"Checkpointer","msg":"WiredTiger message","attr":{"message":"[1743710064:103680][2082:0xffff9cbefc80], WT_SESSION.checkpoint: [WT_VERB_CHECKPOINT_PROGRESS] saving checkpoint snapshot min: 2859, snapshot max: 2859 snapshot count: 0, oldest timestamp: (1743709763, 1) , meta checkpoint timestamp: (1743709071, 1) base write gen: 33"}}
{"t":{"$date":"2025-04-03T19:55:24.209+00:00"},"s":"I",  "c":"STORAGE",  "id":22430,   "ctx":"Checkpointer","msg":"WiredTiger message","attr":{"message":"[1743710124:209328][2082:0xffff9cbefc80], WT_SESSION.checkpoint: [WT_VERB_CHECKPOINT_PROGRESS] saving checkpoint snapshot min: 2875, snapshot max: 2875 snapshot count: 0, oldest timestamp: (1743709823, 1) , meta checkpoint timestamp: (1743710123, 1) base write gen: 33"}}
{"t":{"$date":"2025-04-03T19:56:24.336+00:00"},"s":"I",  "c":"STORAGE",  "id":22430,   "ctx":"Checkpointer","msg":"WiredTiger message","attr":{"message":"[1743710184:336237][2082:0xffff9cbefc80], WT_SESSION.checkpoint: [WT_VERB_CHECKPOINT_PROGRESS] saving checkpoint snapshot min: 2890, snapshot max: 2890 snapshot count: 0, oldest timestamp: (1743709884, 1) , meta checkpoint timestamp: (1743710184, 1) base write gen: 33"}}
{"t":{"$date":"2025-04-03T19:57:24.477+00:00"},"s":"I",  "c":"STORAGE",  "id":22430,   "ctx":"Checkpointer","msg":"WiredTiger message","attr":{"message":"[1743710244:477518][2082:0xffff9cbefc80], WT_SESSION.checkpoint: [WT_VERB_CHECKPOINT_PROGRESS] saving checkpoint snapshot min: 2905, snapshot max: 2905 snapshot count: 0, oldest timestamp: (1743709944, 1) , meta checkpoint timestamp: (1743710244, 1) base write gen: 33"}}
{"t":{"$date":"2025-04-03T19:58:24.618+00:00"},"s":"I",  "c":"STORAGE",  "id":22430,   "ctx":"Checkpointer","msg":"WiredTiger message","attr":{"message":"[1743710304:618515][2082:0xffff9cbefc80], WT_SESSION.checkpoint: [WT_VERB_CHECKPOINT_PROGRESS] saving checkpoint snapshot min: 2920, snapshot max: 2920 snapshot count: 0, oldest timestamp: (1743710004, 1) , meta checkpoint timestamp: (1743710304, 1) base write gen: 33"}}
{"t":{"$date":"2025-04-03T19:59:24.754+00:00"},"s":"I",  "c":"STORAGE",  "id":22430,   "ctx":"Checkpointer","msg":"WiredTiger message","attr":{"message":"[1743710364:754733][2082:0xffff9cbefc80], WT_SESSION.checkpoint: [WT_VERB_CHECKPOINT_PROGRESS] saving checkpoint snapshot min: 2935, snapshot max: 2935 snapshot count: 0, oldest timestamp: (1743710064, 1) , meta checkpoint timestamp: (1743710364, 1) base write gen: 33"}}
{"t":{"$date":"2025-04-03T20:00:24.898+00:00"},"s":"I",  "c":"STORAGE",  "id":22430,   "ctx":"Checkpointer","msg":"WiredTiger message","attr":{"message":"[1743710424:898217][2082:0xffff9cbefc80], WT_SESSION.checkpoint: [WT_VERB_CHECKPOINT_PROGRESS] saving checkpoint snapshot min: 2950, snapshot max: 2950 snapshot count: 0, oldest timestamp: (1743710124, 1) , meta checkpoint timestamp: (1743710424, 1) base write gen: 33"}}
{"t":{"$date":"2025-04-03T20:01:25.015+00:00"},"s":"I",  "c":"STORAGE",  "id":22430,   "ctx":"Checkpointer","msg":"WiredTiger message","attr":{"message":"[1743710485:15042][2082:0xffff9cbefc80], WT_SESSION.checkpoint: [WT_VERB_CHECKPOINT_PROGRESS] saving checkpoint snapshot min: 2965, snapshot max: 2965 snapshot count: 0, oldest timestamp: (1743710184, 1) , meta checkpoint timestamp: (1743710484, 1) base write gen: 33"}}
{"t":{"$date":"2025-04-03T20:02:25.140+00:00"},"s":"I",  "c":"STORAGE",  "id":22430,   "ctx":"Checkpointer","msg":"WiredTiger message","attr":{"message":"[1743710545:140905][2082:0xffff9cbefc80], WT_SESSION.checkpoint: [WT_VERB_CHECKPOINT_PROGRESS] saving checkpoint snapshot min: 2980, snapshot max: 2980 snapshot count: 0, oldest timestamp: (1743710244, 1) , meta checkpoint timestamp: (1743710544, 1) base write gen: 33"}}
{"t":{"$date":"2025-04-03T20:03:25.269+00:00"},"s":"I",  "c":"STORAGE",  "id":22430,   "ctx":"Checkpointer","msg":"WiredTiger message","attr":{"message":"[1743710605:269015][2082:0xffff9cbefc80], WT_SESSION.checkpoint: [WT_VERB_CHECKPOINT_PROGRESS] saving checkpoint snapshot min: 2995, snapshot max: 2995 snapshot count: 0, oldest timestamp: (1743710304, 1) , meta checkpoint timestamp: (1743710604, 1) base write gen: 33"}}
{"t":{"$date":"2025-04-03T20:04:25.398+00:00"},"s":"I",  "c":"STORAGE",  "id":22430,   "ctx":"Checkpointer","msg":"WiredTiger message","attr":{"message":"[1743710665:398559][2082:0xffff9cbefc80], WT_SESSION.checkpoint: [WT_VERB_CHECKPOINT_PROGRESS] saving checkpoint snapshot min: 3010, snapshot max: 3010 snapshot count: 0, oldest timestamp: (1743710364, 1) , meta checkpoint timestamp: (1743710664, 1) base write gen: 33"}}
{"t":{"$date":"2025-04-03T20:05:25.523+00:00"},"s":"I",  "c":"STORAGE",  "id":22430,   "ctx":"Checkpointer","msg":"WiredTiger message","attr":{"message":"[1743710725:523895][2082:0xffff9cbefc80], WT_SESSION.checkpoint: [WT_VERB_CHECKPOINT_PROGRESS] saving checkpoint snapshot min: 3025, snapshot max: 3025 snapshot count: 0, oldest timestamp: (1743710424, 1) , meta checkpoint timestamp: (1743710724, 1) base write gen: 33"}}
{"t":{"$date":"2025-04-03T20:06:25.656+00:00"},"s":"I",  "c":"STORAGE",  "id":22430,   "ctx":"Checkpointer","msg":"WiredTiger message","attr":{"message":"[1743710785:656325][2082:0xffff9cbefc80], WT_SESSION.checkpoint: [WT_VERB_CHECKPOINT_PROGRESS] saving checkpoint snapshot min: 3040, snapshot max: 3040 snapshot count: 0, oldest timestamp: (1743710484, 1) , meta checkpoint timestamp: (1743710784, 1) base write gen: 33"}}
{"t":{"$date":"2025-04-03T20:07:25.785+00:00"},"s":"I",  "c":"STORAGE",  "id":22430,   "ctx":"Checkpointer","msg":"WiredTiger message","attr":{"message":"[1743710845:784992][2082:0xffff9cbefc80], WT_SESSION.checkpoint: [WT_VERB_CHECKPOINT_PROGRESS] saving checkpoint snapshot min: 3055, snapshot max: 3055 snapshot count: 0, oldest timestamp: (1743710544, 1) , meta checkpoint timestamp: (1743710844, 1) base write gen: 33"}}
{"t":{"$date":"2025-04-03T20:08:25.906+00:00"},"s":"I",  "c":"STORAGE",  "id":22430,   "ctx":"Checkpointer","msg":"WiredTiger message","attr":{"message":"[1743710905:906140][2082:0xffff9cbefc80], WT_SESSION.checkpoint: [WT_VERB_CHECKPOINT_PROGRESS] saving checkpoint snapshot min: 3070, snapshot max: 3070 snapshot count: 0, oldest timestamp: (1743710604, 1) , meta checkpoint timestamp: (1743710904, 1) base write gen: 33"}}
{"t":{"$date":"2025-04-03T20:09:26.018+00:00"},"s":"I",  "c":"STORAGE",  "id":22430,   "ctx":"Checkpointer","msg":"WiredTiger message","attr":{"message":"[1743710966:18604][2082:0xffff9cbefc80], WT_SESSION.checkpoint: [WT_VERB_CHECKPOINT_PROGRESS] saving checkpoint snapshot min: 3085, snapshot max: 3085 snapshot count: 0, oldest timestamp: (1743710663, 1) , meta checkpoint timestamp: (1743710963, 1) base write gen: 33"}}
{"t":{"$date":"2025-04-03T20:10:26.157+00:00"},"s":"I",  "c":"STORAGE",  "id":22430,   "ctx":"Checkpointer","msg":"WiredTiger message","attr":{"message":"[1743711026:157761][2082:0xffff9cbefc80], WT_SESSION.checkpoint: [WT_VERB_CHECKPOINT_PROGRESS] saving checkpoint snapshot min: 3103, snapshot max: 3103 snapshot count: 0, oldest timestamp: (1743710724, 1) , meta checkpoint timestamp: (1743711024, 1) base write gen: 33"}}
{"t":{"$date":"2025-04-03T20:11:26.275+00:00"},"s":"I",  "c":"STORAGE",  "id":22430,   "ctx":"Checkpointer","msg":"WiredTiger message","attr":{"message":"[1743711086:275487][2082:0xffff9cbefc80], WT_SESSION.checkpoint: [WT_VERB_CHECKPOINT_PROGRESS] saving checkpoint snapshot min: 3118, snapshot max: 3118 snapshot count: 0, oldest timestamp: (1743710784, 1) , meta checkpoint timestamp: (1743711084, 1) base write gen: 33"}}
{"t":{"$date":"2025-04-03T20:12:26.401+00:00"},"s":"I",  "c":"STORAGE",  "id":22430,   "ctx":"Checkpointer","msg":"WiredTiger message","attr":{"message":"[1743711146:401567][2082:0xffff9cbefc80], WT_SESSION.checkpoint: [WT_VERB_CHECKPOINT_PROGRESS] saving checkpoint snapshot min: 3133, snapshot max: 3133 snapshot count: 0, oldest timestamp: (1743710844, 1) , meta checkpoint timestamp: (1743711144, 1) base write gen: 33"}}
{"t":{"$date":"2025-04-03T20:13:26.518+00:00"},"s":"I",  "c":"STORAGE",  "id":22430,   "ctx":"Checkpointer","msg":"WiredTiger message","attr":{"message":"[1743711206:518154][2082:0xffff9cbefc80], WT_SESSION.checkpoint: [WT_VERB_CHECKPOINT_PROGRESS] saving checkpoint snapshot min: 3148, snapshot max: 3148 snapshot count: 0, oldest timestamp: (1743710904, 1) , meta checkpoint timestamp: (1743711204, 1) base write gen: 33"}}
{"t":{"$date":"2025-04-03T20:14:26.667+00:00"},"s":"I",  "c":"STORAGE",  "id":22430,   "ctx":"Checkpointer","msg":"WiredTiger message","attr":{"message":"[1743711266:667191][2082:0xffff9cbefc80], WT_SESSION.checkpoint: [WT_VERB_CHECKPOINT_PROGRESS] saving checkpoint snapshot min: 3164, snapshot max: 3164 snapshot count: 0, oldest timestamp: (1743710963, 2) , meta checkpoint timestamp: (1743711263, 2) base write gen: 33"}}
{"t":{"$date":"2025-04-03T20:15:26.774+00:00"},"s":"I",  "c":"STORAGE",  "id":22430,   "ctx":"Checkpointer","msg":"WiredTiger message","attr":{"message":"[1743711326:774490][2082:0xffff9cbefc80], WT_SESSION.checkpoint: [WT_VERB_CHECKPOINT_PROGRESS] saving checkpoint snapshot min: 3179, snapshot max: 3179 snapshot count: 0, oldest timestamp: (1743711024, 1) , meta checkpoint timestamp: (1743711324, 1) base write gen: 33"}}
{"t":{"$date":"2025-04-03T20:16:26.887+00:00"},"s":"I",  "c":"STORAGE",  "id":22430,   "ctx":"Checkpointer","msg":"WiredTiger message","attr":{"message":"[1743711386:887184][2082:0xffff9cbefc80], WT_SESSION.checkpoint: [WT_VERB_CHECKPOINT_PROGRESS] saving checkpoint snapshot min: 3194, snapshot max: 3194 snapshot count: 0, oldest timestamp: (1743711084, 1) , meta checkpoint timestamp: (1743711384, 1) base write gen: 33"}}
{"t":{"$date":"2025-04-03T20:17:27.007+00:00"},"s":"I",  "c":"STORAGE",  "id":22430,   "ctx":"Checkpointer","msg":"WiredTiger message","attr":{"message":"[1743711447:7365][2082:0xffff9cbefc80], WT_SESSION.checkpoint: [WT_VERB_CHECKPOINT_PROGRESS] saving checkpoint snapshot min: 3209, snapshot max: 3209 snapshot count: 0, oldest timestamp: (1743711144, 1) , meta checkpoint timestamp: (1743711444, 1) base write gen: 33"}}
{"t":{"$date":"2025-04-03T20:18:27.107+00:00"},"s":"I",  "c":"STORAGE",  "id":22430,   "ctx":"Checkpointer","msg":"WiredTiger message","attr":{"message":"[1743711507:107626][2082:0xffff9cbefc80], WT_SESSION.checkpoint: [WT_VERB_CHECKPOINT_PROGRESS] saving checkpoint snapshot min: 3224, snapshot max: 3224 snapshot count: 0, oldest timestamp: (1743711204, 1) , meta checkpoint timestamp: (1743711504, 1) base write gen: 33"}}
{"t":{"$date":"2025-04-03T20:19:27.226+00:00"},"s":"I",  "c":"STORAGE",  "id":22430,   "ctx":"Checkpointer","msg":"WiredTiger message","attr":{"message":"[1743711567:226471][2082:0xffff9cbefc80], WT_SESSION.checkpoint: [WT_VERB_CHECKPOINT_PROGRESS] saving checkpoint snapshot min: 3239, snapshot max: 3239 snapshot count: 0, oldest timestamp: (1743711264, 1) , meta checkpoint timestamp: (1743711564, 1) base write gen: 33"}}
{"t":{"$date":"2025-04-03T20:20:27.351+00:00"},"s":"I",  "c":"STORAGE",  "id":22430,   "ctx":"Checkpointer","msg":"WiredTiger message","attr":{"message":"[1743711627:351454][2082:0xffff9cbefc80], WT_SESSION.checkpoint: [WT_VERB_CHECKPOINT_PROGRESS] saving checkpoint snapshot min: 3254, snapshot max: 3254 snapshot count: 0, oldest timestamp: (1743711324, 1) , meta checkpoint timestamp: (1743711624, 1) base write gen: 33"}}
{"t":{"$date":"2025-04-03T20:21:27.473+00:00"},"s":"I",  "c":"STORAGE",  "id":22430,   "ctx":"Checkpointer","msg":"WiredTiger message","attr":{"message":"[1743711687:473812][2082:0xffff9cbefc80], WT_SESSION.checkpoint: [WT_VERB_CHECKPOINT_PROGRESS] saving checkpoint snapshot min: 3269, snapshot max: 3269 snapshot count: 0, oldest timestamp: (1743711384, 1) , meta checkpoint timestamp: (1743711684, 1) base write gen: 33"}}
{"t":{"$date":"2025-04-03T20:22:27.593+00:00"},"s":"I",  "c":"STORAGE",  "id":22430,   "ctx":"Checkpointer","msg":"WiredTiger message","attr":{"message":"[1743711747:593038][2082:0xffff9cbefc80], WT_SESSION.checkpoint: [WT_VERB_CHECKPOINT_PROGRESS] saving checkpoint snapshot min: 3284, snapshot max: 3284 snapshot count: 0, oldest timestamp: (1743711444, 1) , meta checkpoint timestamp: (1743711744, 1) base write gen: 33"}}
{"t":{"$date":"2025-04-03T20:23:27.710+00:00"},"s":"I",  "c":"STORAGE",  "id":22430,   "ctx":"Checkpointer","msg":"WiredTiger message","attr":{"message":"[1743711807:710446][2082:0xffff9cbefc80], WT_SESSION.checkpoint: [WT_VERB_CHECKPOINT_PROGRESS] saving checkpoint snapshot min: 3299, snapshot max: 3299 snapshot count: 0, oldest timestamp: (1743711504, 1) , meta checkpoint timestamp: (1743711804, 1) base write gen: 33"}}
{"t":{"$date":"2025-04-03T20:24:27.845+00:00"},"s":"I",  "c":"STORAGE",  "id":22430,   "ctx":"Checkpointer","msg":"WiredTiger message","attr":{"message":"[1743711867:845277][2082:0xffff9cbefc80], WT_SESSION.checkpoint: [WT_VERB_CHECKPOINT_PROGRESS] saving checkpoint snapshot min: 3314, snapshot max: 3314 snapshot count: 0, oldest timestamp: (1743711564, 1) , meta checkpoint timestamp: (1743711864, 1) base write gen: 33"}}
{"t":{"$date":"2025-04-03T20:25:27.969+00:00"},"s":"I",  "c":"STORAGE",  "id":22430,   "ctx":"Checkpointer","msg":"WiredTiger message","attr":{"message":"[1743711927:969926][2082:0xffff9cbefc80], WT_SESSION.checkpoint: [WT_VERB_CHECKPOINT_PROGRESS] saving checkpoint snapshot min: 3329, snapshot max: 3329 snapshot count: 0, oldest timestamp: (1743711624, 1) , meta checkpoint timestamp: (1743711924, 1) base write gen: 33"}}
{"t":{"$date":"2025-04-03T20:26:28.060+00:00"},"s":"I",  "c":"STORAGE",  "id":22430,   "ctx":"Checkpointer","msg":"WiredTiger message","attr":{"message":"[1743711988:60281][2082:0xffff9cbefc80], WT_SESSION.checkpoint: [WT_VERB_CHECKPOINT_PROGRESS] saving checkpoint snapshot min: 3344, snapshot max: 3344 snapshot count: 0, oldest timestamp: (1743711684, 1) , meta checkpoint timestamp: (1743711984, 1) base write gen: 33"}}
{"t":{"$date":"2025-04-03T20:27:28.132+00:00"},"s":"I",  "c":"STORAGE",  "id":22430,   "ctx":"Checkpointer","msg":"WiredTiger message","attr":{"message":"[1743712048:132194][2082:0xffff9cbefc80], WT_SESSION.checkpoint: [WT_VERB_CHECKPOINT_PROGRESS] saving checkpoint snapshot min: 3359, snapshot max: 3359 snapshot count: 0, oldest timestamp: (1743711744, 1) , meta checkpoint timestamp: (1743712044, 1) base write gen: 33"}}
{"t":{"$date":"2025-04-03T20:28:28.210+00:00"},"s":"I",  "c":"STORAGE",  "id":22430,   "ctx":"Checkpointer","msg":"WiredTiger message","attr":{"message":"[1743712108:210832][2082:0xffff9cbefc80], WT_SESSION.checkpoint: [WT_VERB_CHECKPOINT_PROGRESS] saving checkpoint snapshot min: 3374, snapshot max: 3374 snapshot count: 0, oldest timestamp: (1743711804, 1) , meta checkpoint timestamp: (1743712104, 1) base write gen: 33"}}
{"t":{"$date":"2025-04-03T20:29:28.291+00:00"},"s":"I",  "c":"STORAGE",  "id":22430,   "ctx":"Checkpointer","msg":"WiredTiger message","attr":{"message":"[1743712168:291473][2082:0xffff9cbefc80], WT_SESSION.checkpoint: [WT_VERB_CHECKPOINT_PROGRESS] saving checkpoint snapshot min: 3389, snapshot max: 3389 snapshot count: 0, oldest timestamp: (1743711864, 1) , meta checkpoint timestamp: (1743712164, 1) base write gen: 33"}}
{"t":{"$date":"2025-04-03T20:30:28.388+00:00"},"s":"I",  "c":"STORAGE",  "id":22430,   "ctx":"Checkpointer","msg":"WiredTiger message","attr":{"message":"[1743712228:388454][2082:0xffff9cbefc80], WT_SESSION.checkpoint: [WT_VERB_CHECKPOINT_PROGRESS] saving checkpoint snapshot min: 3404, snapshot max: 3404 snapshot count: 0, oldest timestamp: (1743711924, 1) , meta checkpoint timestamp: (1743712224, 1) base write gen: 33"}}
{"t":{"$date":"2025-04-03T20:31:28.495+00:00"},"s":"I",  "c":"STORAGE",  "id":22430,   "ctx":"Checkpointer","msg":"WiredTiger message","attr":{"message":"[1743712288:495212][2082:0xffff9cbefc80], WT_SESSION.checkpoint: [WT_VERB_CHECKPOINT_PROGRESS] saving checkpoint snapshot min: 3419, snapshot max: 3419 snapshot count: 0, oldest timestamp: (1743711984, 1) , meta checkpoint timestamp: (1743712284, 1) base write gen: 33"}}
{"t":{"$date":"2025-04-03T20:32:28.588+00:00"},"s":"I",  "c":"STORAGE",  "id":22430,   "ctx":"Checkpointer","msg":"WiredTiger message","attr":{"message":"[1743712348:588094][2082:0xffff9cbefc80], WT_SESSION.checkpoint: [WT_VERB_CHECKPOINT_PROGRESS] saving checkpoint snapshot min: 3434, snapshot max: 3434 snapshot count: 0, oldest timestamp: (1743712044, 1) , meta checkpoint timestamp: (1743712344, 1) base write gen: 33"}}
{"t":{"$date":"2025-04-03T20:33:28.706+00:00"},"s":"I",  "c":"STORAGE",  "id":22430,   "ctx":"Checkpointer","msg":"WiredTiger message","attr":{"message":"[1743712408:706071][2082:0xffff9cbefc80], WT_SESSION.checkpoint: [WT_VERB_CHECKPOINT_PROGRESS] saving checkpoint snapshot min: 3449, snapshot max: 3449 snapshot count: 0, oldest timestamp: (1743712104, 1) , meta checkpoint timestamp: (1743712404, 1) base write gen: 33"}}
{"t":{"$date":"2025-04-03T20:34:28.822+00:00"},"s":"I",  "c":"STORAGE",  "id":22430,   "ctx":"Checkpointer","msg":"WiredTiger message","attr":{"message":"[1743712468:822459][2082:0xffff9cbefc80], WT_SESSION.checkpoint: [WT_VERB_CHECKPOINT_PROGRESS] saving checkpoint snapshot min: 3464, snapshot max: 3464 snapshot count: 0, oldest timestamp: (1743712164, 1) , meta checkpoint timestamp: (1743712464, 1) base write gen: 33"}}
{"t":{"$date":"2025-04-03T20:35:28.937+00:00"},"s":"I",  "c":"STORAGE",  "id":22430,   "ctx":"Checkpointer","msg":"WiredTiger message","attr":{"message":"[1743712528:937836][2082:0xffff9cbefc80], WT_SESSION.checkpoint: [WT_VERB_CHECKPOINT_PROGRESS] saving checkpoint snapshot min: 3479, snapshot max: 3479 snapshot count: 0, oldest timestamp: (1743712224, 1) , meta checkpoint timestamp: (1743712524, 1) base write gen: 33"}}
{"t":{"$date":"2025-04-03T20:36:29.066+00:00"},"s":"I",  "c":"STORAGE",  "id":22430,   "ctx":"Checkpointer","msg":"WiredTiger message","attr":{"message":"[1743712589:66671][2082:0xffff9cbefc80], WT_SESSION.checkpoint: [WT_VERB_CHECKPOINT_PROGRESS] saving checkpoint snapshot min: 3494, snapshot max: 3494 snapshot count: 0, oldest timestamp: (1743712284, 1) , meta checkpoint timestamp: (1743712584, 1) base write gen: 33"}}
{"t":{"$date":"2025-04-03T20:37:29.185+00:00"},"s":"I",  "c":"STORAGE",  "id":22430,   "ctx":"Checkpointer","msg":"WiredTiger message","attr":{"message":"[1743712649:185696][2082:0xffff9cbefc80], WT_SESSION.checkpoint: [WT_VERB_CHECKPOINT_PROGRESS] saving checkpoint snapshot min: 3509, snapshot max: 3509 snapshot count: 0, oldest timestamp: (1743712344, 1) , meta checkpoint timestamp: (1743712644, 1) base write gen: 33"}}
{"t":{"$date":"2025-04-03T20:38:29.310+00:00"},"s":"I",  "c":"STORAGE",  "id":22430,   "ctx":"Checkpointer","msg":"WiredTiger message","attr":{"message":"[1743712709:310809][2082:0xffff9cbefc80], WT_SESSION.checkpoint: [WT_VERB_CHECKPOINT_PROGRESS] saving checkpoint snapshot min: 3524, snapshot max: 3524 snapshot count: 0, oldest timestamp: (1743712404, 1) , meta checkpoint timestamp: (1743712704, 1) base write gen: 33"}}
{"t":{"$date":"2025-04-03T20:39:29.441+00:00"},"s":"I",  "c":"STORAGE",  "id":22430,   "ctx":"Checkpointer","msg":"WiredTiger message","attr":{"message":"[1743712769:441802][2082:0xffff9cbefc80], WT_SESSION.checkpoint: [WT_VERB_CHECKPOINT_PROGRESS] saving checkpoint snapshot min: 3539, snapshot max: 3539 snapshot count: 0, oldest timestamp: (1743712463, 1) , meta checkpoint timestamp: (1743712763, 1) base write gen: 33"}}
{"t":{"$date":"2025-04-03T20:40:29.556+00:00"},"s":"I",  "c":"STORAGE",  "id":22430,   "ctx":"Checkpointer","msg":"WiredTiger message","attr":{"message":"[1743712829:556602][2082:0xffff9cbefc80], WT_SESSION.checkpoint: [WT_VERB_CHECKPOINT_PROGRESS] saving checkpoint snapshot min: 3554, snapshot max: 3554 snapshot count: 0, oldest timestamp: (1743712524, 1) , meta checkpoint timestamp: (1743712824, 1) base write gen: 33"}}
{"t":{"$date":"2025-04-03T20:41:29.670+00:00"},"s":"I",  "c":"STORAGE",  "id":22430,   "ctx":"Checkpointer","msg":"WiredTiger message","attr":{"message":"[1743712889:670527][2082:0xffff9cbefc80], WT_SESSION.checkpoint: [WT_VERB_CHECKPOINT_PROGRESS] saving checkpoint snapshot min: 3569, snapshot max: 3569 snapshot count: 0, oldest timestamp: (1743712584, 1) , meta checkpoint timestamp: (1743712884, 1) base write gen: 33"}}
{"t":{"$date":"2025-04-03T20:42:29.793+00:00"},"s":"I",  "c":"STORAGE",  "id":22430,   "ctx":"Checkpointer","msg":"WiredTiger message","attr":{"message":"[1743712949:793200][2082:0xffff9cbefc80], WT_SESSION.checkpoint: [WT_VERB_CHECKPOINT_PROGRESS] saving checkpoint snapshot min: 3584, snapshot max: 3584 snapshot count: 0, oldest timestamp: (1743712644, 1) , meta checkpoint timestamp: (1743712944, 1) base write gen: 33"}}
{"t":{"$date":"2025-04-03T20:43:29.913+00:00"},"s":"I",  "c":"STORAGE",  "id":22430,   "ctx":"Checkpointer","msg":"WiredTiger message","attr":{"message":"[1743713009:913427][2082:0xffff9cbefc80], WT_SESSION.checkpoint: [WT_VERB_CHECKPOINT_PROGRESS] saving checkpoint snapshot min: 3599, snapshot max: 3599 snapshot count: 0, oldest timestamp: (1743712704, 1) , meta checkpoint timestamp: (1743713004, 1) base write gen: 33"}}
{"t":{"$date":"2025-04-03T20:44:30.047+00:00"},"s":"I",  "c":"STORAGE",  "id":22430,   "ctx":"Checkpointer","msg":"WiredTiger message","attr":{"message":"[1743713070:47894][2082:0xffff9cbefc80], WT_SESSION.checkpoint: [WT_VERB_CHECKPOINT_PROGRESS] saving checkpoint snapshot min: 3615, snapshot max: 3615 snapshot count: 0, oldest timestamp: (1743712764, 2) , meta checkpoint timestamp: (1743713064, 2) base write gen: 33"}}
{"t":{"$date":"2025-04-03T20:45:30.166+00:00"},"s":"I",  "c":"STORAGE",  "id":22430,   "ctx":"Checkpointer","msg":"WiredTiger message","attr":{"message":"[1743713130:166387][2082:0xffff9cbefc80], WT_SESSION.checkpoint: [WT_VERB_CHECKPOINT_PROGRESS] saving checkpoint snapshot min: 3630, snapshot max: 3630 snapshot count: 0, oldest timestamp: (1743712824, 1) , meta checkpoint timestamp: (1743713124, 1) base write gen: 33"}}
{"t":{"$date":"2025-04-03T20:46:30.289+00:00"},"s":"I",  "c":"STORAGE",  "id":22430,   "ctx":"Checkpointer","msg":"WiredTiger message","attr":{"message":"[1743713190:289648][2082:0xffff9cbefc80], WT_SESSION.checkpoint: [WT_VERB_CHECKPOINT_PROGRESS] saving checkpoint snapshot min: 3645, snapshot max: 3645 snapshot count: 0, oldest timestamp: (1743712884, 1) , meta checkpoint timestamp: (1743713184, 1) base write gen: 33"}}
{"t":{"$date":"2025-04-03T20:47:30.402+00:00"},"s":"I",  "c":"STORAGE",  "id":22430,   "ctx":"Checkpointer","msg":"WiredTiger message","attr":{"message":"[1743713250:402063][2082:0xffff9cbefc80], WT_SESSION.checkpoint: [WT_VERB_CHECKPOINT_PROGRESS] saving checkpoint snapshot min: 3660, snapshot max: 3660 snapshot count: 0, oldest timestamp: (1743712944, 1) , meta checkpoint timestamp: (1743713244, 1) base write gen: 33"}}
{"t":{"$date":"2025-04-03T20:48:30.532+00:00"},"s":"I",  "c":"STORAGE",  "id":22430,   "ctx":"Checkpointer","msg":"WiredTiger message","attr":{"message":"[1743713310:532114][2082:0xffff9cbefc80], WT_SESSION.checkpoint: [WT_VERB_CHECKPOINT_PROGRESS] saving checkpoint snapshot min: 3675, snapshot max: 3675 snapshot count: 0, oldest timestamp: (1743713005, 1) , meta checkpoint timestamp: (1743713305, 1) base write gen: 33"}}
{"t":{"$date":"2025-04-03T20:49:30.664+00:00"},"s":"I",  "c":"STORAGE",  "id":22430,   "ctx":"Checkpointer","msg":"WiredTiger message","attr":{"message":"[1743713370:664008][2082:0xffff9cbefc80], WT_SESSION.checkpoint: [WT_VERB_CHECKPOINT_PROGRESS] saving checkpoint snapshot min: 3691, snapshot max: 3691 snapshot count: 0, oldest timestamp: (1743713064, 2) , meta checkpoint timestamp: (1743713364, 2) base write gen: 33"}}
{"t":{"$date":"2025-04-03T20:50:30.791+00:00"},"s":"I",  "c":"STORAGE",  "id":22430,   "ctx":"Checkpointer","msg":"WiredTiger message","attr":{"message":"[1743713430:791770][2082:0xffff9cbefc80], WT_SESSION.checkpoint: [WT_VERB_CHECKPOINT_PROGRESS] saving checkpoint snapshot min: 3706, snapshot max: 3706 snapshot count: 0, oldest timestamp: (1743713125, 1) , meta checkpoint timestamp: (1743713425, 1) base write gen: 33"}}
{"t":{"$date":"2025-04-03T20:51:30.909+00:00"},"s":"I",  "c":"STORAGE",  "id":22430,   "ctx":"Checkpointer","msg":"WiredTiger message","attr":{"message":"[1743713490:909561][2082:0xffff9cbefc80], WT_SESSION.checkpoint: [WT_VERB_CHECKPOINT_PROGRESS] saving checkpoint snapshot min: 3721, snapshot max: 3721 snapshot count: 0, oldest timestamp: (1743713185, 1) , meta checkpoint timestamp: (1743713485, 1) base write gen: 33"}}
{"t":{"$date":"2025-04-03T20:52:31.024+00:00"},"s":"I",  "c":"STORAGE",  "id":22430,   "ctx":"Checkpointer","msg":"WiredTiger message","attr":{"message":"[1743713551:24555][2082:0xffff9cbefc80], WT_SESSION.checkpoint: [WT_VERB_CHECKPOINT_PROGRESS] saving checkpoint snapshot min: 3736, snapshot max: 3736 snapshot count: 0, oldest timestamp: (1743713245, 1) , meta checkpoint timestamp: (1743713545, 1) base write gen: 33"}}
{"t":{"$date":"2025-04-03T20:53:31.136+00:00"},"s":"I",  "c":"STORAGE",  "id":22430,   "ctx":"Checkpointer","msg":"WiredTiger message","attr":{"message":"[1743713611:136370][2082:0xffff9cbefc80], WT_SESSION.checkpoint: [WT_VERB_CHECKPOINT_PROGRESS] saving checkpoint snapshot min: 3751, snapshot max: 3751 snapshot count: 0, oldest timestamp: (1743713305, 1) , meta checkpoint timestamp: (1743713605, 1) base write gen: 33"}}
{"t":{"$date":"2025-04-03T20:54:31.235+00:00"},"s":"I",  "c":"STORAGE",  "id":22430,   "ctx":"Checkpointer","msg":"WiredTiger message","attr":{"message":"[1743713671:235427][2082:0xffff9cbefc80], WT_SESSION.checkpoint: [WT_VERB_CHECKPOINT_PROGRESS] saving checkpoint snapshot min: 3766, snapshot max: 3766 snapshot count: 0, oldest timestamp: (1743713365, 1) , meta checkpoint timestamp: (1743713665, 1) base write gen: 33"}}
{"t":{"$date":"2025-04-03T20:55:31.366+00:00"},"s":"I",  "c":"STORAGE",  "id":22430,   "ctx":"Checkpointer","msg":"WiredTiger message","attr":{"message":"[1743713731:366369][2082:0xffff9cbefc80], WT_SESSION.checkpoint: [WT_VERB_CHECKPOINT_PROGRESS] saving checkpoint snapshot min: 3781, snapshot max: 3781 snapshot count: 0, oldest timestamp: (1743713425, 1) , meta checkpoint timestamp: (1743713725, 1) base write gen: 33"}}
{"t":{"$date":"2025-04-03T20:56:31.500+00:00"},"s":"I",  "c":"STORAGE",  "id":22430,   "ctx":"Checkpointer","msg":"WiredTiger message","attr":{"message":"[1743713791:500771][2082:0xffff9cbefc80], WT_SESSION.checkpoint: [WT_VERB_CHECKPOINT_PROGRESS] saving checkpoint snapshot min: 3796, snapshot max: 3796 snapshot count: 0, oldest timestamp: (1743713485, 1) , meta checkpoint timestamp: (1743713785, 1) base write gen: 33"}}
{"t":{"$date":"2025-04-03T20:57:31.637+00:00"},"s":"I",  "c":"STORAGE",  "id":22430,   "ctx":"Checkpointer","msg":"WiredTiger message","attr":{"message":"[1743713851:637463][2082:0xffff9cbefc80], WT_SESSION.checkpoint: [WT_VERB_CHECKPOINT_PROGRESS] saving checkpoint snapshot min: 3811, snapshot max: 3811 snapshot count: 0, oldest timestamp: (1743713545, 1) , meta checkpoint timestamp: (1743713845, 1) base write gen: 33"}}
{"t":{"$date":"2025-04-03T20:58:31.774+00:00"},"s":"I",  "c":"STORAGE",  "id":22430,   "ctx":"Checkpointer","msg":"WiredTiger message","attr":{"message":"[1743713911:774909][2082:0xffff9cbefc80], WT_SESSION.checkpoint: [WT_VERB_CHECKPOINT_PROGRESS] saving checkpoint snapshot min: 3826, snapshot max: 3826 snapshot count: 0, oldest timestamp: (1743713605, 1) , meta checkpoint timestamp: (1743713905, 1) base write gen: 33"}}
{"t":{"$date":"2025-04-03T20:59:31.915+00:00"},"s":"I",  "c":"STORAGE",  "id":22430,   "ctx":"Checkpointer","msg":"WiredTiger message","attr":{"message":"[1743713971:915969][2082:0xffff9cbefc80], WT_SESSION.checkpoint: [WT_VERB_CHECKPOINT_PROGRESS] saving checkpoint snapshot min: 3841, snapshot max: 3841 snapshot count: 0, oldest timestamp: (1743713665, 1) , meta checkpoint timestamp: (1743713965, 1) base write gen: 33"}}
{"t":{"$date":"2025-04-03T21:00:32.045+00:00"},"s":"I",  "c":"STORAGE",  "id":22430,   "ctx":"Checkpointer","msg":"WiredTiger message","attr":{"message":"[1743714032:45805][2082:0xffff9cbefc80], WT_SESSION.checkpoint: [WT_VERB_CHECKPOINT_PROGRESS] saving checkpoint snapshot min: 3856, snapshot max: 3856 snapshot count: 0, oldest timestamp: (1743713725, 1) , meta checkpoint timestamp: (1743714025, 1) base write gen: 33"}}
{"t":{"$date":"2025-04-03T21:01:32.163+00:00"},"s":"I",  "c":"STORAGE",  "id":22430,   "ctx":"Checkpointer","msg":"WiredTiger message","attr":{"message":"[1743714092:163677][2082:0xffff9cbefc80], WT_SESSION.checkpoint: [WT_VERB_CHECKPOINT_PROGRESS] saving checkpoint snapshot min: 3871, snapshot max: 3871 snapshot count: 0, oldest timestamp: (1743713785, 1) , meta checkpoint timestamp: (1743714085, 1) base write gen: 33"}}
{"t":{"$date":"2025-04-03T21:02:32.289+00:00"},"s":"I",  "c":"STORAGE",  "id":22430,   "ctx":"Checkpointer","msg":"WiredTiger message","attr":{"message":"[1743714152:289497][2082:0xffff9cbefc80], WT_SESSION.checkpoint: [WT_VERB_CHECKPOINT_PROGRESS] saving checkpoint snapshot min: 3886, snapshot max: 3886 snapshot count: 0, oldest timestamp: (1743713845, 1) , meta checkpoint timestamp: (1743714145, 1) base write gen: 33"}}
{"t":{"$date":"2025-04-03T21:03:32.416+00:00"},"s":"I",  "c":"STORAGE",  "id":22430,   "ctx":"Checkpointer","msg":"WiredTiger message","attr":{"message":"[1743714212:416005][2082:0xffff9cbefc80], WT_SESSION.checkpoint: [WT_VERB_CHECKPOINT_PROGRESS] saving checkpoint snapshot min: 3901, snapshot max: 3901 snapshot count: 0, oldest timestamp: (1743713905, 1) , meta checkpoint timestamp: (1743714205, 1) base write gen: 33"}}
{"t":{"$date":"2025-04-03T21:04:32.551+00:00"},"s":"I",  "c":"STORAGE",  "id":22430,   "ctx":"Checkpointer","msg":"WiredTiger message","attr":{"message":"[1743714272:551028][2082:0xffff9cbefc80], WT_SESSION.checkpoint: [WT_VERB_CHECKPOINT_PROGRESS] saving checkpoint snapshot min: 3916, snapshot max: 3916 snapshot count: 0, oldest timestamp: (1743713965, 1) , meta checkpoint timestamp: (1743714265, 1) base write gen: 33"}}
{"t":{"$date":"2025-04-03T21:05:32.678+00:00"},"s":"I",  "c":"STORAGE",  "id":22430,   "ctx":"Checkpointer","msg":"WiredTiger message","attr":{"message":"[1743714332:678325][2082:0xffff9cbefc80], WT_SESSION.checkpoint: [WT_VERB_CHECKPOINT_PROGRESS] saving checkpoint snapshot min: 3931, snapshot max: 3931 snapshot count: 0, oldest timestamp: (1743714025, 1) , meta checkpoint timestamp: (1743714325, 1) base write gen: 33"}}
{"t":{"$date":"2025-04-03T21:06:32.807+00:00"},"s":"I",  "c":"STORAGE",  "id":22430,   "ctx":"Checkpointer","msg":"WiredTiger message","attr":{"message":"[1743714392:807057][2082:0xffff9cbefc80], WT_SESSION.checkpoint: [WT_VERB_CHECKPOINT_PROGRESS] saving checkpoint snapshot min: 3946, snapshot max: 3946 snapshot count: 0, oldest timestamp: (1743714085, 1) , meta checkpoint timestamp: (1743714385, 1) base write gen: 33"}}
{"t":{"$date":"2025-04-03T21:07:32.930+00:00"},"s":"I",  "c":"STORAGE",  "id":22430,   "ctx":"Checkpointer","msg":"WiredTiger message","attr":{"message":"[1743714452:930520][2082:0xffff9cbefc80], WT_SESSION.checkpoint: [WT_VERB_CHECKPOINT_PROGRESS] saving checkpoint snapshot min: 3961, snapshot max: 3961 snapshot count: 0, oldest timestamp: (1743714145, 1) , meta checkpoint timestamp: (1743714445, 1) base write gen: 33"}}
{"t":{"$date":"2025-04-03T21:08:33.053+00:00"},"s":"I",  "c":"STORAGE",  "id":22430,   "ctx":"Checkpointer","msg":"WiredTiger message","attr":{"message":"[1743714513:53804][2082:0xffff9cbefc80], WT_SESSION.checkpoint: [WT_VERB_CHECKPOINT_PROGRESS] saving checkpoint snapshot min: 3976, snapshot max: 3976 snapshot count: 0, oldest timestamp: (1743714205, 1) , meta checkpoint timestamp: (1743714505, 1) base write gen: 33"}}
{"t":{"$date":"2025-04-03T21:09:33.180+00:00"},"s":"I",  "c":"STORAGE",  "id":22430,   "ctx":"Checkpointer","msg":"WiredTiger message","attr":{"message":"[1743714573:180176][2082:0xffff9cbefc80], WT_SESSION.checkpoint: [WT_VERB_CHECKPOINT_PROGRESS] saving checkpoint snapshot min: 3993, snapshot max: 3993 snapshot count: 0, oldest timestamp: (1743714264, 2) , meta checkpoint timestamp: (1743714564, 2) base write gen: 33"}}
{"t":{"$date":"2025-04-03T21:10:33.291+00:00"},"s":"I",  "c":"STORAGE",  "id":22430,   "ctx":"Checkpointer","msg":"WiredTiger message","attr":{"message":"[1743714633:291489][2082:0xffff9cbefc80], WT_SESSION.checkpoint: [WT_VERB_CHECKPOINT_PROGRESS] saving checkpoint snapshot min: 4008, snapshot max: 4008 snapshot count: 0, oldest timestamp: (1743714325, 1) , meta checkpoint timestamp: (1743714625, 1) base write gen: 33"}}
{"t":{"$date":"2025-04-03T21:11:33.409+00:00"},"s":"I",  "c":"STORAGE",  "id":22430,   "ctx":"Checkpointer","msg":"WiredTiger message","attr":{"message":"[1743714693:409622][2082:0xffff9cbefc80], WT_SESSION.checkpoint: [WT_VERB_CHECKPOINT_PROGRESS] saving checkpoint snapshot min: 4023, snapshot max: 4023 snapshot count: 0, oldest timestamp: (1743714385, 1) , meta checkpoint timestamp: (1743714685, 1) base write gen: 33"}}
{"t":{"$date":"2025-04-03T21:12:33.540+00:00"},"s":"I",  "c":"STORAGE",  "id":22430,   "ctx":"Checkpointer","msg":"WiredTiger message","attr":{"message":"[1743714753:540191][2082:0xffff9cbefc80], WT_SESSION.checkpoint: [WT_VERB_CHECKPOINT_PROGRESS] saving checkpoint snapshot min: 4038, snapshot max: 4038 snapshot count: 0, oldest timestamp: (1743714445, 1) , meta checkpoint timestamp: (1743714745, 1) base write gen: 33"}}
{"t":{"$date":"2025-04-03T21:13:33.673+00:00"},"s":"I",  "c":"STORAGE",  "id":22430,   "ctx":"Checkpointer","msg":"WiredTiger message","attr":{"message":"[1743714813:673796][2082:0xffff9cbefc80], WT_SESSION.checkpoint: [WT_VERB_CHECKPOINT_PROGRESS] saving checkpoint snapshot min: 4053, snapshot max: 4053 snapshot count: 0, oldest timestamp: (1743714505, 1) , meta checkpoint timestamp: (1743714805, 1) base write gen: 33"}}
{"t":{"$date":"2025-04-03T21:14:33.802+00:00"},"s":"I",  "c":"STORAGE",  "id":22430,   "ctx":"Checkpointer","msg":"WiredTiger message","attr":{"message":"[1743714873:802625][2082:0xffff9cbefc80], WT_SESSION.checkpoint: [WT_VERB_CHECKPOINT_PROGRESS] saving checkpoint snapshot min: 4068, snapshot max: 4068 snapshot count: 0, oldest timestamp: (1743714565, 1) , meta checkpoint timestamp: (1743714865, 1) base write gen: 33"}}
{"t":{"$date":"2025-04-03T21:15:33.934+00:00"},"s":"I",  "c":"STORAGE",  "id":22430,   "ctx":"Checkpointer","msg":"WiredTiger message","attr":{"message":"[1743714933:934572][2082:0xffff9cbefc80], WT_SESSION.checkpoint: [WT_VERB_CHECKPOINT_PROGRESS] saving checkpoint snapshot min: 4083, snapshot max: 4083 snapshot count: 0, oldest timestamp: (1743714625, 1) , meta checkpoint timestamp: (1743714925, 1) base write gen: 33"}}
{"t":{"$date":"2025-04-03T21:16:34.065+00:00"},"s":"I",  "c":"STORAGE",  "id":22430,   "ctx":"Checkpointer","msg":"WiredTiger message","attr":{"message":"[1743714994:65900][2082:0xffff9cbefc80], WT_SESSION.checkpoint: [WT_VERB_CHECKPOINT_PROGRESS] saving checkpoint snapshot min: 4098, snapshot max: 4098 snapshot count: 0, oldest timestamp: (1743714685, 1) , meta checkpoint timestamp: (1743714985, 1) base write gen: 33"}}
{"t":{"$date":"2025-04-03T21:17:34.184+00:00"},"s":"I",  "c":"STORAGE",  "id":22430,   "ctx":"Checkpointer","msg":"WiredTiger message","attr":{"message":"[1743715054:184475][2082:0xffff9cbefc80], WT_SESSION.checkpoint: [WT_VERB_CHECKPOINT_PROGRESS] saving checkpoint snapshot min: 4113, snapshot max: 4113 snapshot count: 0, oldest timestamp: (1743714745, 1) , meta checkpoint timestamp: (1743715045, 1) base write gen: 33"}}
{"t":{"$date":"2025-04-03T21:18:34.317+00:00"},"s":"I",  "c":"STORAGE",  "id":22430,   "ctx":"Checkpointer","msg":"WiredTiger message","attr":{"message":"[1743715114:316999][2082:0xffff9cbefc80], WT_SESSION.checkpoint: [WT_VERB_CHECKPOINT_PROGRESS] saving checkpoint snapshot min: 4128, snapshot max: 4128 snapshot count: 0, oldest timestamp: (1743714805, 1) , meta checkpoint timestamp: (1743715105, 1) base write gen: 33"}}
{"t":{"$date":"2025-04-03T21:19:34.454+00:00"},"s":"I",  "c":"STORAGE",  "id":22430,   "ctx":"Checkpointer","msg":"WiredTiger message","attr":{"message":"[1743715174:454621][2082:0xffff9cbefc80], WT_SESSION.checkpoint: [WT_VERB_CHECKPOINT_PROGRESS] saving checkpoint snapshot min: 4143, snapshot max: 4143 snapshot count: 0, oldest timestamp: (1743714865, 1) , meta checkpoint timestamp: (1743715165, 1) base write gen: 33"}}
{"t":{"$date":"2025-04-03T21:20:34.578+00:00"},"s":"I",  "c":"STORAGE",  "id":22430,   "ctx":"Checkpointer","msg":"WiredTiger message","attr":{"message":"[1743715234:578830][2082:0xffff9cbefc80], WT_SESSION.checkpoint: [WT_VERB_CHECKPOINT_PROGRESS] saving checkpoint snapshot min: 4158, snapshot max: 4158 snapshot count: 0, oldest timestamp: (1743714925, 1) , meta checkpoint timestamp: (1743715225, 1) base write gen: 33"}}
{"t":{"$date":"2025-04-03T21:21:34.711+00:00"},"s":"I",  "c":"STORAGE",  "id":22430,   "ctx":"Checkpointer","msg":"WiredTiger message","attr":{"message":"[1743715294:711528][2082:0xffff9cbefc80], WT_SESSION.checkpoint: [WT_VERB_CHECKPOINT_PROGRESS] saving checkpoint snapshot min: 4173, snapshot max: 4173 snapshot count: 0, oldest timestamp: (1743714985, 1) , meta checkpoint timestamp: (1743715285, 1) base write gen: 33"}}
{"t":{"$date":"2025-04-03T21:22:34.833+00:00"},"s":"I",  "c":"STORAGE",  "id":22430,   "ctx":"Checkpointer","msg":"WiredTiger message","attr":{"message":"[1743715354:833928][2082:0xffff9cbefc80], WT_SESSION.checkpoint: [WT_VERB_CHECKPOINT_PROGRESS] saving checkpoint snapshot min: 4188, snapshot max: 4188 snapshot count: 0, oldest timestamp: (1743715045, 1) , meta checkpoint timestamp: (1743715345, 1) base write gen: 33"}}
{"t":{"$date":"2025-04-03T21:23:34.917+00:00"},"s":"I",  "c":"STORAGE",  "id":22430,   "ctx":"Checkpointer","msg":"WiredTiger message","attr":{"message":"[1743715414:917112][2082:0xffff9cbefc80], WT_SESSION.checkpoint: [WT_VERB_CHECKPOINT_PROGRESS] saving checkpoint snapshot min: 4203, snapshot max: 4203 snapshot count: 0, oldest timestamp: (1743715105, 1) , meta checkpoint timestamp: (1743715405, 1) base write gen: 33"}}
{"t":{"$date":"2025-04-03T21:29:50.115+00:00"},"s":"I",  "c":"STORAGE",  "id":22430,   "ctx":"Checkpointer","msg":"WiredTiger message","attr":{"message":"[1743715790:115628][2082:0xffff9cbefc80], WT_SESSION.checkpoint: [WT_VERB_CHECKPOINT_PROGRESS] saving checkpoint snapshot min: 4215, snapshot max: 4215 snapshot count: 0, oldest timestamp: (1743715489, 1) , meta checkpoint timestamp: (1743715455, 1) base write gen: 33"}}
{"t":{"$date":"2025-04-03T21:30:50.206+00:00"},"s":"I",  "c":"STORAGE",  "id":22430,   "ctx":"Checkpointer","msg":"WiredTiger message","attr":{"message":"[1743715850:206106][2082:0xffff9cbefc80], WT_SESSION.checkpoint: [WT_VERB_CHECKPOINT_PROGRESS] saving checkpoint snapshot min: 4233, snapshot max: 4233 snapshot count: 0, oldest timestamp: (1743715550, 1) , meta checkpoint timestamp: (1743715850, 1) base write gen: 33"}}
{"t":{"$date":"2025-04-03T21:31:50.302+00:00"},"s":"I",  "c":"STORAGE",  "id":22430,   "ctx":"Checkpointer","msg":"WiredTiger message","attr":{"message":"[1743715910:302007][2082:0xffff9cbefc80], WT_SESSION.checkpoint: [WT_VERB_CHECKPOINT_PROGRESS] saving checkpoint snapshot min: 4248, snapshot max: 4248 snapshot count: 0, oldest timestamp: (1743715610, 1) , meta checkpoint timestamp: (1743715910, 1) base write gen: 33"}}
{"t":{"$date":"2025-04-03T21:32:50.410+00:00"},"s":"I",  "c":"STORAGE",  "id":22430,   "ctx":"Checkpointer","msg":"WiredTiger message","attr":{"message":"[1743715970:410555][2082:0xffff9cbefc80], WT_SESSION.checkpoint: [WT_VERB_CHECKPOINT_PROGRESS] saving checkpoint snapshot min: 4263, snapshot max: 4263 snapshot count: 0, oldest timestamp: (1743715670, 1) , meta checkpoint timestamp: (1743715970, 1) base write gen: 33"}}
{"t":{"$date":"2025-04-03T21:33:50.532+00:00"},"s":"I",  "c":"STORAGE",  "id":22430,   "ctx":"Checkpointer","msg":"WiredTiger message","attr":{"message":"[1743716030:532776][2082:0xffff9cbefc80], WT_SESSION.checkpoint: [WT_VERB_CHECKPOINT_PROGRESS] saving checkpoint snapshot min: 4278, snapshot max: 4278 snapshot count: 0, oldest timestamp: (1743715730, 1) , meta checkpoint timestamp: (1743716030, 1) base write gen: 33"}}
{"t":{"$date":"2025-04-03T21:34:50.614+00:00"},"s":"I",  "c":"STORAGE",  "id":22430,   "ctx":"Checkpointer","msg":"WiredTiger message","attr":{"message":"[1743716090:614739][2082:0xffff9cbefc80], WT_SESSION.checkpoint: [WT_VERB_CHECKPOINT_PROGRESS] saving checkpoint snapshot min: 4293, snapshot max: 4293 snapshot count: 0, oldest timestamp: (1743715790, 1) , meta checkpoint timestamp: (1743716090, 1) base write gen: 33"}}
{"t":{"$date":"2025-04-03T21:35:50.738+00:00"},"s":"I",  "c":"STORAGE",  "id":22430,   "ctx":"Checkpointer","msg":"WiredTiger message","attr":{"message":"[1743716150:738824][2082:0xffff9cbefc80], WT_SESSION.checkpoint: [WT_VERB_CHECKPOINT_PROGRESS] saving checkpoint snapshot min: 4308, snapshot max: 4308 snapshot count: 0, oldest timestamp: (1743715850, 1) , meta checkpoint timestamp: (1743716150, 1) base write gen: 33"}}
{"t":{"$date":"2025-04-03T21:36:50.861+00:00"},"s":"I",  "c":"STORAGE",  "id":22430,   "ctx":"Checkpointer","msg":"WiredTiger message","attr":{"message":"[1743716210:861724][2082:0xffff9cbefc80], WT_SESSION.checkpoint: [WT_VERB_CHECKPOINT_PROGRESS] saving checkpoint snapshot min: 4323, snapshot max: 4323 snapshot count: 0, oldest timestamp: (1743715910, 1) , meta checkpoint timestamp: (1743716210, 1) base write gen: 33"}}
{"t":{"$date":"2025-04-03T21:37:50.991+00:00"},"s":"I",  "c":"STORAGE",  "id":22430,   "ctx":"Checkpointer","msg":"WiredTiger message","attr":{"message":"[1743716270:991119][2082:0xffff9cbefc80], WT_SESSION.checkpoint: [WT_VERB_CHECKPOINT_PROGRESS] saving checkpoint snapshot min: 4338, snapshot max: 4338 snapshot count: 0, oldest timestamp: (1743715970, 1) , meta checkpoint timestamp: (1743716270, 1) base write gen: 33"}}
{"t":{"$date":"2025-04-03T21:38:51.073+00:00"},"s":"I",  "c":"STORAGE",  "id":22430,   "ctx":"Checkpointer","msg":"WiredTiger message","attr":{"message":"[1743716331:73657][2082:0xffff9cbefc80], WT_SESSION.checkpoint: [WT_VERB_CHECKPOINT_PROGRESS] saving checkpoint snapshot min: 4353, snapshot max: 4353 snapshot count: 0, oldest timestamp: (1743716030, 1) , meta checkpoint timestamp: (1743716330, 1) base write gen: 33"}}
{"t":{"$date":"2025-04-03T21:39:51.225+00:00"},"s":"I",  "c":"STORAGE",  "id":22430,   "ctx":"Checkpointer","msg":"WiredTiger message","attr":{"message":"[1743716391:225474][2082:0xffff9cbefc80], WT_SESSION.checkpoint: [WT_VERB_CHECKPOINT_PROGRESS] saving checkpoint snapshot min: 4368, snapshot max: 4368 snapshot count: 0, oldest timestamp: (1743716090, 1) , meta checkpoint timestamp: (1743716390, 1) base write gen: 33"}}
{"t":{"$date":"2025-04-03T21:40:51.344+00:00"},"s":"I",  "c":"STORAGE",  "id":22430,   "ctx":"Checkpointer","msg":"WiredTiger message","attr":{"message":"[1743716451:344796][2082:0xffff9cbefc80], WT_SESSION.checkpoint: [WT_VERB_CHECKPOINT_PROGRESS] saving checkpoint snapshot min: 4383, snapshot max: 4383 snapshot count: 0, oldest timestamp: (1743716150, 1) , meta checkpoint timestamp: (1743716450, 1) base write gen: 33"}}
{"t":{"$date":"2025-04-03T21:41:51.476+00:00"},"s":"I",  "c":"STORAGE",  "id":22430,   "ctx":"Checkpointer","msg":"WiredTiger message","attr":{"message":"[1743716511:476903][2082:0xffff9cbefc80], WT_SESSION.checkpoint: [WT_VERB_CHECKPOINT_PROGRESS] saving checkpoint snapshot min: 4398, snapshot max: 4398 snapshot count: 0, oldest timestamp: (1743716210, 1) , meta checkpoint timestamp: (1743716510, 1) base write gen: 33"}}
{"t":{"$date":"2025-04-03T21:42:51.608+00:00"},"s":"I",  "c":"STORAGE",  "id":22430,   "ctx":"Checkpointer","msg":"WiredTiger message","attr":{"message":"[1743716571:608948][2082:0xffff9cbefc80], WT_SESSION.checkpoint: [WT_VERB_CHECKPOINT_PROGRESS] saving checkpoint snapshot min: 4413, snapshot max: 4413 snapshot count: 0, oldest timestamp: (1743716270, 1) , meta checkpoint timestamp: (1743716570, 1) base write gen: 33"}}
{"t":{"$date":"2025-04-03T21:43:51.741+00:00"},"s":"I",  "c":"STORAGE",  "id":22430,   "ctx":"Checkpointer","msg":"WiredTiger message","attr":{"message":"[1743716631:741661][2082:0xffff9cbefc80], WT_SESSION.checkpoint: [WT_VERB_CHECKPOINT_PROGRESS] saving checkpoint snapshot min: 4428, snapshot max: 4428 snapshot count: 0, oldest timestamp: (1743716330, 1) , meta checkpoint timestamp: (1743716630, 1) base write gen: 33"}}
{"t":{"$date":"2025-04-03T21:44:51.886+00:00"},"s":"I",  "c":"STORAGE",  "id":22430,   "ctx":"Checkpointer","msg":"WiredTiger message","attr":{"message":"[1743716691:886255][2082:0xffff9cbefc80], WT_SESSION.checkpoint: [WT_VERB_CHECKPOINT_PROGRESS] saving checkpoint snapshot min: 4443, snapshot max: 4443 snapshot count: 0, oldest timestamp: (1743716390, 1) , meta checkpoint timestamp: (1743716690, 1) base write gen: 33"}}
{"t":{"$date":"2025-04-03T21:45:52.011+00:00"},"s":"I",  "c":"STORAGE",  "id":22430,   "ctx":"Checkpointer","msg":"WiredTiger message","attr":{"message":"[1743716752:11511][2082:0xffff9cbefc80], WT_SESSION.checkpoint: [WT_VERB_CHECKPOINT_PROGRESS] saving checkpoint snapshot min: 4458, snapshot max: 4458 snapshot count: 0, oldest timestamp: (1743716450, 1) , meta checkpoint timestamp: (1743716750, 1) base write gen: 33"}}
{"t":{"$date":"2025-04-03T21:46:52.110+00:00"},"s":"I",  "c":"STORAGE",  "id":22430,   "ctx":"Checkpointer","msg":"WiredTiger message","attr":{"message":"[1743716812:110476][2082:0xffff9cbefc80], WT_SESSION.checkpoint: [WT_VERB_CHECKPOINT_PROGRESS] saving checkpoint snapshot min: 4473, snapshot max: 4473 snapshot count: 0, oldest timestamp: (1743716510, 1) , meta checkpoint timestamp: (1743716810, 1) base write gen: 33"}}
{"t":{"$date":"2025-04-03T21:47:52.239+00:00"},"s":"I",  "c":"STORAGE",  "id":22430,   "ctx":"Checkpointer","msg":"WiredTiger message","attr":{"message":"[1743716872:239251][2082:0xffff9cbefc80], WT_SESSION.checkpoint: [WT_VERB_CHECKPOINT_PROGRESS] saving checkpoint snapshot min: 4488, snapshot max: 4488 snapshot count: 0, oldest timestamp: (1743716570, 1) , meta checkpoint timestamp: (1743716870, 1) base write gen: 33"}}
{"t":{"$date":"2025-04-03T21:48:52.368+00:00"},"s":"I",  "c":"STORAGE",  "id":22430,   "ctx":"Checkpointer","msg":"WiredTiger message","attr":{"message":"[1743716932:368761][2082:0xffff9cbefc80], WT_SESSION.checkpoint: [WT_VERB_CHECKPOINT_PROGRESS] saving checkpoint snapshot min: 4503, snapshot max: 4503 snapshot count: 0, oldest timestamp: (1743716630, 1) , meta checkpoint timestamp: (1743716930, 1) base write gen: 33"}}
{"t":{"$date":"2025-04-03T21:49:52.501+00:00"},"s":"I",  "c":"STORAGE",  "id":22430,   "ctx":"Checkpointer","msg":"WiredTiger message","attr":{"message":"[1743716992:501429][2082:0xffff9cbefc80], WT_SESSION.checkpoint: [WT_VERB_CHECKPOINT_PROGRESS] saving checkpoint snapshot min: 4518, snapshot max: 4518 snapshot count: 0, oldest timestamp: (1743716690, 1) , meta checkpoint timestamp: (1743716990, 1) base write gen: 33"}}
{"t":{"$date":"2025-04-03T21:50:52.630+00:00"},"s":"I",  "c":"STORAGE",  "id":22430,   "ctx":"Checkpointer","msg":"WiredTiger message","attr":{"message":"[1743717052:630274][2082:0xffff9cbefc80], WT_SESSION.checkpoint: [WT_VERB_CHECKPOINT_PROGRESS] saving checkpoint snapshot min: 4533, snapshot max: 4533 snapshot count: 0, oldest timestamp: (1743716750, 1) , meta checkpoint timestamp: (1743717050, 1) base write gen: 33"}}
{"t":{"$date":"2025-04-03T21:51:52.760+00:00"},"s":"I",  "c":"STORAGE",  "id":22430,   "ctx":"Checkpointer","msg":"WiredTiger message","attr":{"message":"[1743717112:760958][2082:0xffff9cbefc80], WT_SESSION.checkpoint: [WT_VERB_CHECKPOINT_PROGRESS] saving checkpoint snapshot min: 4548, snapshot max: 4548 snapshot count: 0, oldest timestamp: (1743716810, 1) , meta checkpoint timestamp: (1743717110, 1) base write gen: 33"}}
{"t":{"$date":"2025-04-03T21:52:52.895+00:00"},"s":"I",  "c":"STORAGE",  "id":22430,   "ctx":"Checkpointer","msg":"WiredTiger message","attr":{"message":"[1743717172:895673][2082:0xffff9cbefc80], WT_SESSION.checkpoint: [WT_VERB_CHECKPOINT_PROGRESS] saving checkpoint snapshot min: 4563, snapshot max: 4563 snapshot count: 0, oldest timestamp: (1743716870, 1) , meta checkpoint timestamp: (1743717170, 1) base write gen: 33"}}
{"t":{"$date":"2025-04-03T21:53:53.018+00:00"},"s":"I",  "c":"STORAGE",  "id":22430,   "ctx":"Checkpointer","msg":"WiredTiger message","attr":{"message":"[1743717233:18334][2082:0xffff9cbefc80], WT_SESSION.checkpoint: [WT_VERB_CHECKPOINT_PROGRESS] saving checkpoint snapshot min: 4578, snapshot max: 4578 snapshot count: 0, oldest timestamp: (1743716930, 1) , meta checkpoint timestamp: (1743717230, 1) base write gen: 33"}}
{"t":{"$date":"2025-04-03T21:54:53.134+00:00"},"s":"I",  "c":"STORAGE",  "id":22430,   "ctx":"Checkpointer","msg":"WiredTiger message","attr":{"message":"[1743717293:134391][2082:0xffff9cbefc80], WT_SESSION.checkpoint: [WT_VERB_CHECKPOINT_PROGRESS] saving checkpoint snapshot min: 4593, snapshot max: 4593 snapshot count: 0, oldest timestamp: (1743716990, 1) , meta checkpoint timestamp: (1743717290, 1) base write gen: 33"}}
{"t":{"$date":"2025-04-03T21:55:53.254+00:00"},"s":"I",  "c":"STORAGE",  "id":22430,   "ctx":"Checkpointer","msg":"WiredTiger message","attr":{"message":"[1743717353:254212][2082:0xffff9cbefc80], WT_SESSION.checkpoint: [WT_VERB_CHECKPOINT_PROGRESS] saving checkpoint snapshot min: 4608, snapshot max: 4608 snapshot count: 0, oldest timestamp: (1743717050, 1) , meta checkpoint timestamp: (1743717350, 1) base write gen: 33"}}
{"t":{"$date":"2025-04-03T21:56:53.381+00:00"},"s":"I",  "c":"STORAGE",  "id":22430,   "ctx":"Checkpointer","msg":"WiredTiger message","attr":{"message":"[1743717413:381653][2082:0xffff9cbefc80], WT_SESSION.checkpoint: [WT_VERB_CHECKPOINT_PROGRESS] saving checkpoint snapshot min: 4623, snapshot max: 4623 snapshot count: 0, oldest timestamp: (1743717110, 1) , meta checkpoint timestamp: (1743717410, 1) base write gen: 33"}}
{"t":{"$date":"2025-04-03T21:57:53.511+00:00"},"s":"I",  "c":"STORAGE",  "id":22430,   "ctx":"Checkpointer","msg":"WiredTiger message","attr":{"message":"[1743717473:511379][2082:0xffff9cbefc80], WT_SESSION.checkpoint: [WT_VERB_CHECKPOINT_PROGRESS] saving checkpoint snapshot min: 4638, snapshot max: 4638 snapshot count: 0, oldest timestamp: (1743717170, 1) , meta checkpoint timestamp: (1743717470, 1) base write gen: 33"}}
{"t":{"$date":"2025-04-03T21:58:53.637+00:00"},"s":"I",  "c":"STORAGE",  "id":22430,   "ctx":"Checkpointer","msg":"WiredTiger message","attr":{"message":"[1743717533:637680][2082:0xffff9cbefc80], WT_SESSION.checkpoint: [WT_VERB_CHECKPOINT_PROGRESS] saving checkpoint snapshot min: 4653, snapshot max: 4653 snapshot count: 0, oldest timestamp: (1743717230, 1) , meta checkpoint timestamp: (1743717530, 1) base write gen: 33"}}
{"t":{"$date":"2025-04-03T21:59:53.765+00:00"},"s":"I",  "c":"STORAGE",  "id":22430,   "ctx":"Checkpointer","msg":"WiredTiger message","attr":{"message":"[1743717593:765670][2082:0xffff9cbefc80], WT_SESSION.checkpoint: [WT_VERB_CHECKPOINT_PROGRESS] saving checkpoint snapshot min: 4668, snapshot max: 4668 snapshot count: 0, oldest timestamp: (1743717290, 1) , meta checkpoint timestamp: (1743717590, 1) base write gen: 33"}}
{"t":{"$date":"2025-04-03T22:00:53.891+00:00"},"s":"I",  "c":"STORAGE",  "id":22430,   "ctx":"Checkpointer","msg":"WiredTiger message","attr":{"message":"[1743717653:891250][2082:0xffff9cbefc80], WT_SESSION.checkpoint: [WT_VERB_CHECKPOINT_PROGRESS] saving checkpoint snapshot min: 4683, snapshot max: 4683 snapshot count: 0, oldest timestamp: (1743717350, 1) , meta checkpoint timestamp: (1743717650, 1) base write gen: 33"}}
{"t":{"$date":"2025-04-03T22:01:54.017+00:00"},"s":"I",  "c":"STORAGE",  "id":22430,   "ctx":"Checkpointer","msg":"WiredTiger message","attr":{"message":"[1743717714:17666][2082:0xffff9cbefc80], WT_SESSION.checkpoint: [WT_VERB_CHECKPOINT_PROGRESS] saving checkpoint snapshot min: 4698, snapshot max: 4698 snapshot count: 0, oldest timestamp: (1743717410, 1) , meta checkpoint timestamp: (1743717710, 1) base write gen: 33"}}
{"t":{"$date":"2025-04-03T22:02:54.120+00:00"},"s":"I",  "c":"STORAGE",  "id":22430,   "ctx":"Checkpointer","msg":"WiredTiger message","attr":{"message":"[1743717774:120904][2082:0xffff9cbefc80], WT_SESSION.checkpoint: [WT_VERB_CHECKPOINT_PROGRESS] saving checkpoint snapshot min: 4713, snapshot max: 4713 snapshot count: 0, oldest timestamp: (1743717470, 1) , meta checkpoint timestamp: (1743717770, 1) base write gen: 33"}}
{"t":{"$date":"2025-04-03T22:03:54.283+00:00"},"s":"I",  "c":"STORAGE",  "id":22430,   "ctx":"Checkpointer","msg":"WiredTiger message","attr":{"message":"[1743717834:283451][2082:0xffff9cbefc80], WT_SESSION.checkpoint: [WT_VERB_CHECKPOINT_PROGRESS] saving checkpoint snapshot min: 4728, snapshot max: 4728 snapshot count: 0, oldest timestamp: (1743717530, 1) , meta checkpoint timestamp: (1743717830, 1) base write gen: 33"}}
{"t":{"$date":"2025-04-03T22:04:54.408+00:00"},"s":"I",  "c":"STORAGE",  "id":22430,   "ctx":"Checkpointer","msg":"WiredTiger message","attr":{"message":"[1743717894:408836][2082:0xffff9cbefc80], WT_SESSION.checkpoint: [WT_VERB_CHECKPOINT_PROGRESS] saving checkpoint snapshot min: 4743, snapshot max: 4743 snapshot count: 0, oldest timestamp: (1743717590, 1) , meta checkpoint timestamp: (1743717890, 1) base write gen: 33"}}
{"t":{"$date":"2025-04-03T22:05:54.538+00:00"},"s":"I",  "c":"STORAGE",  "id":22430,   "ctx":"Checkpointer","msg":"WiredTiger message","attr":{"message":"[1743717954:538116][2082:0xffff9cbefc80], WT_SESSION.checkpoint: [WT_VERB_CHECKPOINT_PROGRESS] saving checkpoint snapshot min: 4758, snapshot max: 4758 snapshot count: 0, oldest timestamp: (1743717650, 1) , meta checkpoint timestamp: (1743717950, 1) base write gen: 33"}}
{"t":{"$date":"2025-04-03T22:06:54.668+00:00"},"s":"I",  "c":"STORAGE",  "id":22430,   "ctx":"Checkpointer","msg":"WiredTiger message","attr":{"message":"[1743718014:668443][2082:0xffff9cbefc80], WT_SESSION.checkpoint: [WT_VERB_CHECKPOINT_PROGRESS] saving checkpoint snapshot min: 4773, snapshot max: 4773 snapshot count: 0, oldest timestamp: (1743717710, 1) , meta checkpoint timestamp: (1743718010, 1) base write gen: 33"}}
{"t":{"$date":"2025-04-03T22:07:54.775+00:00"},"s":"I",  "c":"STORAGE",  "id":22430,   "ctx":"Checkpointer","msg":"WiredTiger message","attr":{"message":"[1743718074:775696][2082:0xffff9cbefc80], WT_SESSION.checkpoint: [WT_VERB_CHECKPOINT_PROGRESS] saving checkpoint snapshot min: 4788, snapshot max: 4788 snapshot count: 0, oldest timestamp: (1743717770, 1) , meta checkpoint timestamp: (1743718070, 1) base write gen: 33"}}
{"t":{"$date":"2025-04-03T22:08:54.907+00:00"},"s":"I",  "c":"STORAGE",  "id":22430,   "ctx":"Checkpointer","msg":"WiredTiger message","attr":{"message":"[1743718134:907488][2082:0xffff9cbefc80], WT_SESSION.checkpoint: [WT_VERB_CHECKPOINT_PROGRESS] saving checkpoint snapshot min: 4803, snapshot max: 4803 snapshot count: 0, oldest timestamp: (1743717830, 1) , meta checkpoint timestamp: (1743718130, 1) base write gen: 33"}}
{"t":{"$date":"2025-04-03T22:09:55.035+00:00"},"s":"I",  "c":"STORAGE",  "id":22430,   "ctx":"Checkpointer","msg":"WiredTiger message","attr":{"message":"[1743718195:35288][2082:0xffff9cbefc80], WT_SESSION.checkpoint: [WT_VERB_CHECKPOINT_PROGRESS] saving checkpoint snapshot min: 4818, snapshot max: 4818 snapshot count: 0, oldest timestamp: (1743717890, 1) , meta checkpoint timestamp: (1743718190, 1) base write gen: 33"}}
{"t":{"$date":"2025-04-03T22:10:55.147+00:00"},"s":"I",  "c":"STORAGE",  "id":22430,   "ctx":"Checkpointer","msg":"WiredTiger message","attr":{"message":"[1743718255:147527][2082:0xffff9cbefc80], WT_SESSION.checkpoint: [WT_VERB_CHECKPOINT_PROGRESS] saving checkpoint snapshot min: 4833, snapshot max: 4833 snapshot count: 0, oldest timestamp: (1743717950, 1) , meta checkpoint timestamp: (1743718250, 1) base write gen: 33"}}
{"t":{"$date":"2025-04-03T22:11:55.275+00:00"},"s":"I",  "c":"STORAGE",  "id":22430,   "ctx":"Checkpointer","msg":"WiredTiger message","attr":{"message":"[1743718315:275588][2082:0xffff9cbefc80], WT_SESSION.checkpoint: [WT_VERB_CHECKPOINT_PROGRESS] saving checkpoint snapshot min: 4848, snapshot max: 4848 snapshot count: 0, oldest timestamp: (1743718010, 1) , meta checkpoint timestamp: (1743718310, 1) base write gen: 33"}}
{"t":{"$date":"2025-04-03T22:12:55.403+00:00"},"s":"I",  "c":"STORAGE",  "id":22430,   "ctx":"Checkpointer","msg":"WiredTiger message","attr":{"message":"[1743718375:403160][2082:0xffff9cbefc80], WT_SESSION.checkpoint: [WT_VERB_CHECKPOINT_PROGRESS] saving checkpoint snapshot min: 4863, snapshot max: 4863 snapshot count: 0, oldest timestamp: (1743718070, 1) , meta checkpoint timestamp: (1743718370, 1) base write gen: 33"}}
{"t":{"$date":"2025-04-03T22:13:55.543+00:00"},"s":"I",  "c":"STORAGE",  "id":22430,   "ctx":"Checkpointer","msg":"WiredTiger message","attr":{"message":"[1743718435:543325][2082:0xffff9cbefc80], WT_SESSION.checkpoint: [WT_VERB_CHECKPOINT_PROGRESS] saving checkpoint snapshot min: 4878, snapshot max: 4878 snapshot count: 0, oldest timestamp: (1743718130, 1) , meta checkpoint timestamp: (1743718430, 1) base write gen: 33"}}
{"t":{"$date":"2025-04-03T22:14:55.698+00:00"},"s":"I",  "c":"STORAGE",  "id":22430,   "ctx":"Checkpointer","msg":"WiredTiger message","attr":{"message":"[1743718495:698346][2082:0xffff9cbefc80], WT_SESSION.checkpoint: [WT_VERB_CHECKPOINT_PROGRESS] saving checkpoint snapshot min: 4899, snapshot max: 4899 snapshot count: 0, oldest timestamp: (1743718192, 3) , meta checkpoint timestamp: (1743718492, 3) base write gen: 33"}}
{"t":{"$date":"2025-04-03T22:15:55.825+00:00"},"s":"I",  "c":"STORAGE",  "id":22430,   "ctx":"Checkpointer","msg":"WiredTiger message","attr":{"message":"[1743718555:825305][2082:0xffff9cbefc80], WT_SESSION.checkpoint: [WT_VERB_CHECKPOINT_PROGRESS] saving checkpoint snapshot min: 4912, snapshot max: 4912 snapshot count: 0, oldest timestamp: (1743718250, 1) , meta checkpoint timestamp: (1743718550, 1) base write gen: 33"}}
{"t":{"$date":"2025-04-03T22:16:55.949+00:00"},"s":"I",  "c":"STORAGE",  "id":22430,   "ctx":"Checkpointer","msg":"WiredTiger message","attr":{"message":"[1743718615:949234][2082:0xffff9cbefc80], WT_SESSION.checkpoint: [WT_VERB_CHECKPOINT_PROGRESS] saving checkpoint snapshot min: 4927, snapshot max: 4927 snapshot count: 0, oldest timestamp: (1743718310, 1) , meta checkpoint timestamp: (1743718610, 1) base write gen: 33"}}
{"t":{"$date":"2025-04-03T22:17:56.070+00:00"},"s":"I",  "c":"STORAGE",  "id":22430,   "ctx":"Checkpointer","msg":"WiredTiger message","attr":{"message":"[1743718676:70923][2082:0xffff9cbefc80], WT_SESSION.checkpoint: [WT_VERB_CHECKPOINT_PROGRESS] saving checkpoint snapshot min: 4942, snapshot max: 4942 snapshot count: 0, oldest timestamp: (1743718370, 1) , meta checkpoint timestamp: (1743718670, 1) base write gen: 33"}}
{"t":{"$date":"2025-04-03T22:18:56.195+00:00"},"s":"I",  "c":"STORAGE",  "id":22430,   "ctx":"Checkpointer","msg":"WiredTiger message","attr":{"message":"[1743718736:195047][2082:0xffff9cbefc80], WT_SESSION.checkpoint: [WT_VERB_CHECKPOINT_PROGRESS] saving checkpoint snapshot min: 4957, snapshot max: 4957 snapshot count: 0, oldest timestamp: (1743718430, 1) , meta checkpoint timestamp: (1743718730, 1) base write gen: 33"}}
{"t":{"$date":"2025-04-03T22:19:56.337+00:00"},"s":"I",  "c":"STORAGE",  "id":22430,   "ctx":"Checkpointer","msg":"WiredTiger message","attr":{"message":"[1743718796:337211][2082:0xffff9cbefc80], WT_SESSION.checkpoint: [WT_VERB_CHECKPOINT_PROGRESS] saving checkpoint snapshot min: 4974, snapshot max: 4974 snapshot count: 0, oldest timestamp: (1743718490, 3) , meta checkpoint timestamp: (1743718790, 3) base write gen: 33"}}
{"t":{"$date":"2025-04-03T22:20:56.445+00:00"},"s":"I",  "c":"STORAGE",  "id":22430,   "ctx":"Checkpointer","msg":"WiredTiger message","attr":{"message":"[1743718856:445738][2082:0xffff9cbefc80], WT_SESSION.checkpoint: [WT_VERB_CHECKPOINT_PROGRESS] saving checkpoint snapshot min: 4989, snapshot max: 4989 snapshot count: 0, oldest timestamp: (1743718550, 1) , meta checkpoint timestamp: (1743718850, 1) base write gen: 33"}}
{"t":{"$date":"2025-04-03T22:21:56.575+00:00"},"s":"I",  "c":"STORAGE",  "id":22430,   "ctx":"Checkpointer","msg":"WiredTiger message","attr":{"message":"[1743718916:575720][2082:0xffff9cbefc80], WT_SESSION.checkpoint: [WT_VERB_CHECKPOINT_PROGRESS] saving checkpoint snapshot min: 5004, snapshot max: 5004 snapshot count: 0, oldest timestamp: (1743718610, 1) , meta checkpoint timestamp: (1743718910, 1) base write gen: 33"}}
{"t":{"$date":"2025-04-03T22:22:56.696+00:00"},"s":"I",  "c":"STORAGE",  "id":22430,   "ctx":"Checkpointer","msg":"WiredTiger message","attr":{"message":"[1743718976:695973][2082:0xffff9cbefc80], WT_SESSION.checkpoint: [WT_VERB_CHECKPOINT_PROGRESS] saving checkpoint snapshot min: 5019, snapshot max: 5019 snapshot count: 0, oldest timestamp: (1743718670, 1) , meta checkpoint timestamp: (1743718970, 1) base write gen: 33"}}
{"t":{"$date":"2025-04-03T22:23:56.828+00:00"},"s":"I",  "c":"STORAGE",  "id":22430,   "ctx":"Checkpointer","msg":"WiredTiger message","attr":{"message":"[1743719036:828693][2082:0xffff9cbefc80], WT_SESSION.checkpoint: [WT_VERB_CHECKPOINT_PROGRESS] saving checkpoint snapshot min: 5034, snapshot max: 5034 snapshot count: 0, oldest timestamp: (1743718730, 1) , meta checkpoint timestamp: (1743719030, 1) base write gen: 33"}}
{"t":{"$date":"2025-04-03T22:24:56.949+00:00"},"s":"I",  "c":"STORAGE",  "id":22430,   "ctx":"Checkpointer","msg":"WiredTiger message","attr":{"message":"[1743719096:949504][2082:0xffff9cbefc80], WT_SESSION.checkpoint: [WT_VERB_CHECKPOINT_PROGRESS] saving checkpoint snapshot min: 5049, snapshot max: 5049 snapshot count: 0, oldest timestamp: (1743718790, 1) , meta checkpoint timestamp: (1743719090, 1) base write gen: 33"}}
{"t":{"$date":"2025-04-03T22:25:57.066+00:00"},"s":"I",  "c":"STORAGE",  "id":22430,   "ctx":"Checkpointer","msg":"WiredTiger message","attr":{"message":"[1743719157:66030][2082:0xffff9cbefc80], WT_SESSION.checkpoint: [WT_VERB_CHECKPOINT_PROGRESS] saving checkpoint snapshot min: 5064, snapshot max: 5064 snapshot count: 0, oldest timestamp: (1743718850, 1) , meta checkpoint timestamp: (1743719150, 1) base write gen: 33"}}
{"t":{"$date":"2025-04-03T22:26:57.188+00:00"},"s":"I",  "c":"STORAGE",  "id":22430,   "ctx":"Checkpointer","msg":"WiredTiger message","attr":{"message":"[1743719217:188602][2082:0xffff9cbefc80], WT_SESSION.checkpoint: [WT_VERB_CHECKPOINT_PROGRESS] saving checkpoint snapshot min: 5079, snapshot max: 5079 snapshot count: 0, oldest timestamp: (1743718910, 1) , meta checkpoint timestamp: (1743719210, 1) base write gen: 33"}}
{"t":{"$date":"2025-04-03T22:27:57.317+00:00"},"s":"I",  "c":"STORAGE",  "id":22430,   "ctx":"Checkpointer","msg":"WiredTiger message","attr":{"message":"[1743719277:317174][2082:0xffff9cbefc80], WT_SESSION.checkpoint: [WT_VERB_CHECKPOINT_PROGRESS] saving checkpoint snapshot min: 5094, snapshot max: 5094 snapshot count: 0, oldest timestamp: (1743718970, 1) , meta checkpoint timestamp: (1743719270, 1) base write gen: 33"}}
{"t":{"$date":"2025-04-03T22:28:57.446+00:00"},"s":"I",  "c":"STORAGE",  "id":22430,   "ctx":"Checkpointer","msg":"WiredTiger message","attr":{"message":"[1743719337:446003][2082:0xffff9cbefc80], WT_SESSION.checkpoint: [WT_VERB_CHECKPOINT_PROGRESS] saving checkpoint snapshot min: 5109, snapshot max: 5109 snapshot count: 0, oldest timestamp: (1743719031, 1) , meta checkpoint timestamp: (1743719331, 1) base write gen: 33"}}
{"t":{"$date":"2025-04-03T22:29:57.528+00:00"},"s":"I",  "c":"STORAGE",  "id":22430,   "ctx":"Checkpointer","msg":"WiredTiger message","attr":{"message":"[1743719397:528658][2082:0xffff9cbefc80], WT_SESSION.checkpoint: [WT_VERB_CHECKPOINT_PROGRESS] saving checkpoint snapshot min: 5124, snapshot max: 5124 snapshot count: 0, oldest timestamp: (1743719091, 1) , meta checkpoint timestamp: (1743719391, 1) base write gen: 33"}}
{"t":{"$date":"2025-04-03T22:30:57.605+00:00"},"s":"I",  "c":"STORAGE",  "id":22430,   "ctx":"Checkpointer","msg":"WiredTiger message","attr":{"message":"[1743719457:605177][2082:0xffff9cbefc80], WT_SESSION.checkpoint: [WT_VERB_CHECKPOINT_PROGRESS] saving checkpoint snapshot min: 5139, snapshot max: 5139 snapshot count: 0, oldest timestamp: (1743719151, 1) , meta checkpoint timestamp: (1743719451, 1) base write gen: 33"}}
{"t":{"$date":"2025-04-03T22:31:57.681+00:00"},"s":"I",  "c":"STORAGE",  "id":22430,   "ctx":"Checkpointer","msg":"WiredTiger message","attr":{"message":"[1743719517:681903][2082:0xffff9cbefc80], WT_SESSION.checkpoint: [WT_VERB_CHECKPOINT_PROGRESS] saving checkpoint snapshot min: 5154, snapshot max: 5154 snapshot count: 0, oldest timestamp: (1743719211, 1) , meta checkpoint timestamp: (1743719511, 1) base write gen: 33"}}
{"t":{"$date":"2025-04-03T22:32:57.759+00:00"},"s":"I",  "c":"STORAGE",  "id":22430,   "ctx":"Checkpointer","msg":"WiredTiger message","attr":{"message":"[1743719577:759316][2082:0xffff9cbefc80], WT_SESSION.checkpoint: [WT_VERB_CHECKPOINT_PROGRESS] saving checkpoint snapshot min: 5169, snapshot max: 5169 snapshot count: 0, oldest timestamp: (1743719271, 1) , meta checkpoint timestamp: (1743719571, 1) base write gen: 33"}}
{"t":{"$date":"2025-04-03T22:33:57.850+00:00"},"s":"I",  "c":"STORAGE",  "id":22430,   "ctx":"Checkpointer","msg":"WiredTiger message","attr":{"message":"[1743719637:850761][2082:0xffff9cbefc80], WT_SESSION.checkpoint: [WT_VERB_CHECKPOINT_PROGRESS] saving checkpoint snapshot min: 5184, snapshot max: 5184 snapshot count: 0, oldest timestamp: (1743719331, 1) , meta checkpoint timestamp: (1743719631, 1) base write gen: 33"}}
{"t":{"$date":"2025-04-03T22:34:57.936+00:00"},"s":"I",  "c":"STORAGE",  "id":22430,   "ctx":"Checkpointer","msg":"WiredTiger message","attr":{"message":"[1743719697:936279][2082:0xffff9cbefc80], WT_SESSION.checkpoint: [WT_VERB_CHECKPOINT_PROGRESS] saving checkpoint snapshot min: 5199, snapshot max: 5199 snapshot count: 0, oldest timestamp: (1743719391, 1) , meta checkpoint timestamp: (1743719691, 1) base write gen: 33"}}
{"t":{"$date":"2025-04-03T22:35:58.062+00:00"},"s":"I",  "c":"STORAGE",  "id":22430,   "ctx":"Checkpointer","msg":"WiredTiger message","attr":{"message":"[1743719758:62357][2082:0xffff9cbefc80], WT_SESSION.checkpoint: [WT_VERB_CHECKPOINT_PROGRESS] saving checkpoint snapshot min: 5214, snapshot max: 5214 snapshot count: 0, oldest timestamp: (1743719451, 1) , meta checkpoint timestamp: (1743719751, 1) base write gen: 33"}}
{"t":{"$date":"2025-04-03T22:36:58.141+00:00"},"s":"I",  "c":"STORAGE",  "id":22430,   "ctx":"Checkpointer","msg":"WiredTiger message","attr":{"message":"[1743719818:141355][2082:0xffff9cbefc80], WT_SESSION.checkpoint: [WT_VERB_CHECKPOINT_PROGRESS] saving checkpoint snapshot min: 5229, snapshot max: 5229 snapshot count: 0, oldest timestamp: (1743719511, 1) , meta checkpoint timestamp: (1743719811, 1) base write gen: 33"}}
{"t":{"$date":"2025-04-03T22:37:58.257+00:00"},"s":"I",  "c":"STORAGE",  "id":22430,   "ctx":"Checkpointer","msg":"WiredTiger message","attr":{"message":"[1743719878:257200][2082:0xffff9cbefc80], WT_SESSION.checkpoint: [WT_VERB_CHECKPOINT_PROGRESS] saving checkpoint snapshot min: 5244, snapshot max: 5244 snapshot count: 0, oldest timestamp: (1743719571, 1) , meta checkpoint timestamp: (1743719871, 1) base write gen: 33"}}
{"t":{"$date":"2025-04-03T22:38:58.379+00:00"},"s":"I",  "c":"STORAGE",  "id":22430,   "ctx":"Checkpointer","msg":"WiredTiger message","attr":{"message":"[1743719938:379612][2082:0xffff9cbefc80], WT_SESSION.checkpoint: [WT_VERB_CHECKPOINT_PROGRESS] saving checkpoint snapshot min: 5259, snapshot max: 5259 snapshot count: 0, oldest timestamp: (1743719631, 1) , meta checkpoint timestamp: (1743719931, 1) base write gen: 33"}}
{"t":{"$date":"2025-04-03T22:39:58.497+00:00"},"s":"I",  "c":"STORAGE",  "id":22430,   "ctx":"Checkpointer","msg":"WiredTiger message","attr":{"message":"[1743719998:497055][2082:0xffff9cbefc80], WT_SESSION.checkpoint: [WT_VERB_CHECKPOINT_PROGRESS] saving checkpoint snapshot min: 5274, snapshot max: 5274 snapshot count: 0, oldest timestamp: (1743719691, 1) , meta checkpoint timestamp: (1743719991, 1) base write gen: 33"}}
{"t":{"$date":"2025-04-03T22:40:58.622+00:00"},"s":"I",  "c":"STORAGE",  "id":22430,   "ctx":"Checkpointer","msg":"WiredTiger message","attr":{"message":"[1743720058:622296][2082:0xffff9cbefc80], WT_SESSION.checkpoint: [WT_VERB_CHECKPOINT_PROGRESS] saving checkpoint snapshot min: 5289, snapshot max: 5289 snapshot count: 0, oldest timestamp: (1743719751, 1) , meta checkpoint timestamp: (1743720051, 1) base write gen: 33"}}
{"t":{"$date":"2025-04-03T22:41:58.793+00:00"},"s":"I",  "c":"STORAGE",  "id":22430,   "ctx":"Checkpointer","msg":"WiredTiger message","attr":{"message":"[1743720118:793424][2082:0xffff9cbefc80], WT_SESSION.checkpoint: [WT_VERB_CHECKPOINT_PROGRESS] saving checkpoint snapshot min: 5304, snapshot max: 5304 snapshot count: 0, oldest timestamp: (1743719811, 1) , meta checkpoint timestamp: (1743720111, 1) base write gen: 33"}}
{"t":{"$date":"2025-04-03T22:42:58.913+00:00"},"s":"I",  "c":"STORAGE",  "id":22430,   "ctx":"Checkpointer","msg":"WiredTiger message","attr":{"message":"[1743720178:913148][2082:0xffff9cbefc80], WT_SESSION.checkpoint: [WT_VERB_CHECKPOINT_PROGRESS] saving checkpoint snapshot min: 5319, snapshot max: 5319 snapshot count: 0, oldest timestamp: (1743719871, 1) , meta checkpoint timestamp: (1743720171, 1) base write gen: 33"}}
{"t":{"$date":"2025-04-03T22:43:59.040+00:00"},"s":"I",  "c":"STORAGE",  "id":22430,   "ctx":"Checkpointer","msg":"WiredTiger message","attr":{"message":"[1743720239:40594][2082:0xffff9cbefc80], WT_SESSION.checkpoint: [WT_VERB_CHECKPOINT_PROGRESS] saving checkpoint snapshot min: 5334, snapshot max: 5334 snapshot count: 0, oldest timestamp: (1743719931, 1) , meta checkpoint timestamp: (1743720231, 1) base write gen: 33"}}
{"t":{"$date":"2025-04-03T22:44:59.178+00:00"},"s":"I",  "c":"STORAGE",  "id":22430,   "ctx":"Checkpointer","msg":"WiredTiger message","attr":{"message":"[1743720299:178182][2082:0xffff9cbefc80], WT_SESSION.checkpoint: [WT_VERB_CHECKPOINT_PROGRESS] saving checkpoint snapshot min: 5349, snapshot max: 5349 snapshot count: 0, oldest timestamp: (1743719990, 1) , meta checkpoint timestamp: (1743720290, 1) base write gen: 33"}}
{"t":{"$date":"2025-04-03T22:45:59.296+00:00"},"s":"I",  "c":"STORAGE",  "id":22430,   "ctx":"Checkpointer","msg":"WiredTiger message","attr":{"message":"[1743720359:296520][2082:0xffff9cbefc80], WT_SESSION.checkpoint: [WT_VERB_CHECKPOINT_PROGRESS] saving checkpoint snapshot min: 5364, snapshot max: 5364 snapshot count: 0, oldest timestamp: (1743720051, 1) , meta checkpoint timestamp: (1743720351, 1) base write gen: 33"}}
{"t":{"$date":"2025-04-03T22:46:59.431+00:00"},"s":"I",  "c":"STORAGE",  "id":22430,   "ctx":"Checkpointer","msg":"WiredTiger message","attr":{"message":"[1743720419:431284][2082:0xffff9cbefc80], WT_SESSION.checkpoint: [WT_VERB_CHECKPOINT_PROGRESS] saving checkpoint snapshot min: 5379, snapshot max: 5379 snapshot count: 0, oldest timestamp: (1743720111, 1) , meta checkpoint timestamp: (1743720411, 1) base write gen: 33"}}
{"t":{"$date":"2025-04-03T22:47:59.548+00:00"},"s":"I",  "c":"STORAGE",  "id":22430,   "ctx":"Checkpointer","msg":"WiredTiger message","attr":{"message":"[1743720479:548314][2082:0xffff9cbefc80], WT_SESSION.checkpoint: [WT_VERB_CHECKPOINT_PROGRESS] saving checkpoint snapshot min: 5394, snapshot max: 5394 snapshot count: 0, oldest timestamp: (1743720171, 1) , meta checkpoint timestamp: (1743720471, 1) base write gen: 33"}}
{"t":{"$date":"2025-04-03T22:48:59.667+00:00"},"s":"I",  "c":"STORAGE",  "id":22430,   "ctx":"Checkpointer","msg":"WiredTiger message","attr":{"message":"[1743720539:667030][2082:0xffff9cbefc80], WT_SESSION.checkpoint: [WT_VERB_CHECKPOINT_PROGRESS] saving checkpoint snapshot min: 5409, snapshot max: 5409 snapshot count: 0, oldest timestamp: (1743720231, 1) , meta checkpoint timestamp: (1743720531, 1) base write gen: 33"}}
{"t":{"$date":"2025-04-03T22:49:59.805+00:00"},"s":"I",  "c":"STORAGE",  "id":22430,   "ctx":"Checkpointer","msg":"WiredTiger message","attr":{"message":"[1743720599:805394][2082:0xffff9cbefc80], WT_SESSION.checkpoint: [WT_VERB_CHECKPOINT_PROGRESS] saving checkpoint snapshot min: 5426, snapshot max: 5426 snapshot count: 0, oldest timestamp: (1743720290, 3) , meta checkpoint timestamp: (1743720590, 3) base write gen: 33"}}
{"t":{"$date":"2025-04-03T22:50:59.931+00:00"},"s":"I",  "c":"STORAGE",  "id":22430,   "ctx":"Checkpointer","msg":"WiredTiger message","attr":{"message":"[1743720659:931496][2082:0xffff9cbefc80], WT_SESSION.checkpoint: [WT_VERB_CHECKPOINT_PROGRESS] saving checkpoint snapshot min: 5441, snapshot max: 5441 snapshot count: 0, oldest timestamp: (1743720351, 1) , meta checkpoint timestamp: (1743720651, 1) base write gen: 33"}}
{"t":{"$date":"2025-04-03T22:52:00.058+00:00"},"s":"I",  "c":"STORAGE",  "id":22430,   "ctx":"Checkpointer","msg":"WiredTiger message","attr":{"message":"[1743720720:58131][2082:0xffff9cbefc80], WT_SESSION.checkpoint: [WT_VERB_CHECKPOINT_PROGRESS] saving checkpoint snapshot min: 5456, snapshot max: 5456 snapshot count: 0, oldest timestamp: (1743720411, 1) , meta checkpoint timestamp: (1743720711, 1) base write gen: 33"}}
{"t":{"$date":"2025-04-03T22:53:00.170+00:00"},"s":"I",  "c":"STORAGE",  "id":22430,   "ctx":"Checkpointer","msg":"WiredTiger message","attr":{"message":"[1743720780:170671][2082:0xffff9cbefc80], WT_SESSION.checkpoint: [WT_VERB_CHECKPOINT_PROGRESS] saving checkpoint snapshot min: 5471, snapshot max: 5471 snapshot count: 0, oldest timestamp: (1743720471, 1) , meta checkpoint timestamp: (1743720771, 1) base write gen: 33"}}
{"t":{"$date":"2025-04-03T22:54:00.309+00:00"},"s":"I",  "c":"STORAGE",  "id":22430,   "ctx":"Checkpointer","msg":"WiredTiger message","attr":{"message":"[1743720840:309033][2082:0xffff9cbefc80], WT_SESSION.checkpoint: [WT_VERB_CHECKPOINT_PROGRESS] saving checkpoint snapshot min: 5486, snapshot max: 5486 snapshot count: 0, oldest timestamp: (1743720531, 1) , meta checkpoint timestamp: (1743720831, 1) base write gen: 33"}}
{"t":{"$date":"2025-04-03T22:55:00.440+00:00"},"s":"I",  "c":"STORAGE",  "id":22430,   "ctx":"Checkpointer","msg":"WiredTiger message","attr":{"message":"[1743720900:440490][2082:0xffff9cbefc80], WT_SESSION.checkpoint: [WT_VERB_CHECKPOINT_PROGRESS] saving checkpoint snapshot min: 5503, snapshot max: 5503 snapshot count: 0, oldest timestamp: (1743720590, 3) , meta checkpoint timestamp: (1743720890, 3) base write gen: 33"}}
{"t":{"$date":"2025-04-03T22:56:00.558+00:00"},"s":"I",  "c":"STORAGE",  "id":22430,   "ctx":"Checkpointer","msg":"WiredTiger message","attr":{"message":"[1743720960:558310][2082:0xffff9cbefc80], WT_SESSION.checkpoint: [WT_VERB_CHECKPOINT_PROGRESS] saving checkpoint snapshot min: 5518, snapshot max: 5518 snapshot count: 0, oldest timestamp: (1743720651, 1) , meta checkpoint timestamp: (1743720951, 1) base write gen: 33"}}
{"t":{"$date":"2025-04-03T22:57:00.684+00:00"},"s":"I",  "c":"STORAGE",  "id":22430,   "ctx":"Checkpointer","msg":"WiredTiger message","attr":{"message":"[1743721020:684547][2082:0xffff9cbefc80], WT_SESSION.checkpoint: [WT_VERB_CHECKPOINT_PROGRESS] saving checkpoint snapshot min: 5533, snapshot max: 5533 snapshot count: 0, oldest timestamp: (1743720711, 1) , meta checkpoint timestamp: (1743721011, 1) base write gen: 33"}}
{"t":{"$date":"2025-04-03T22:58:00.802+00:00"},"s":"I",  "c":"STORAGE",  "id":22430,   "ctx":"Checkpointer","msg":"WiredTiger message","attr":{"message":"[1743721080:802212][2082:0xffff9cbefc80], WT_SESSION.checkpoint: [WT_VERB_CHECKPOINT_PROGRESS] saving checkpoint snapshot min: 5548, snapshot max: 5548 snapshot count: 0, oldest timestamp: (1743720771, 1) , meta checkpoint timestamp: (1743721071, 1) base write gen: 33"}}
{"t":{"$date":"2025-04-03T22:59:00.929+00:00"},"s":"I",  "c":"STORAGE",  "id":22430,   "ctx":"Checkpointer","msg":"WiredTiger message","attr":{"message":"[1743721140:929771][2082:0xffff9cbefc80], WT_SESSION.checkpoint: [WT_VERB_CHECKPOINT_PROGRESS] saving checkpoint snapshot min: 5563, snapshot max: 5563 snapshot count: 0, oldest timestamp: (1743720831, 1) , meta checkpoint timestamp: (1743721131, 1) base write gen: 33"}}
{"t":{"$date":"2025-04-03T23:00:01.063+00:00"},"s":"I",  "c":"STORAGE",  "id":22430,   "ctx":"Checkpointer","msg":"WiredTiger message","attr":{"message":"[1743721201:63173][2082:0xffff9cbefc80], WT_SESSION.checkpoint: [WT_VERB_CHECKPOINT_PROGRESS] saving checkpoint snapshot min: 5578, snapshot max: 5578 snapshot count: 0, oldest timestamp: (1743720891, 1) , meta checkpoint timestamp: (1743721191, 1) base write gen: 33"}}
{"t":{"$date":"2025-04-03T23:01:01.198+00:00"},"s":"I",  "c":"STORAGE",  "id":22430,   "ctx":"Checkpointer","msg":"WiredTiger message","attr":{"message":"[1743721261:198102][2082:0xffff9cbefc80], WT_SESSION.checkpoint: [WT_VERB_CHECKPOINT_PROGRESS] saving checkpoint snapshot min: 5593, snapshot max: 5593 snapshot count: 0, oldest timestamp: (1743720951, 1) , meta checkpoint timestamp: (1743721251, 1) base write gen: 33"}}
{"t":{"$date":"2025-04-03T23:02:01.332+00:00"},"s":"I",  "c":"STORAGE",  "id":22430,   "ctx":"Checkpointer","msg":"WiredTiger message","attr":{"message":"[1743721321:332840][2082:0xffff9cbefc80], WT_SESSION.checkpoint: [WT_VERB_CHECKPOINT_PROGRESS] saving checkpoint snapshot min: 5608, snapshot max: 5608 snapshot count: 0, oldest timestamp: (1743721011, 1) , meta checkpoint timestamp: (1743721311, 1) base write gen: 33"}}
{"t":{"$date":"2025-04-03T23:03:01.472+00:00"},"s":"I",  "c":"STORAGE",  "id":22430,   "ctx":"Checkpointer","msg":"WiredTiger message","attr":{"message":"[1743721381:472406][2082:0xffff9cbefc80], WT_SESSION.checkpoint: [WT_VERB_CHECKPOINT_PROGRESS] saving checkpoint snapshot min: 5623, snapshot max: 5623 snapshot count: 0, oldest timestamp: (1743721071, 1) , meta checkpoint timestamp: (1743721371, 1) base write gen: 33"}}
{"t":{"$date":"2025-04-03T23:04:01.610+00:00"},"s":"I",  "c":"STORAGE",  "id":22430,   "ctx":"Checkpointer","msg":"WiredTiger message","attr":{"message":"[1743721441:610500][2082:0xffff9cbefc80], WT_SESSION.checkpoint: [WT_VERB_CHECKPOINT_PROGRESS] saving checkpoint snapshot min: 5638, snapshot max: 5638 snapshot count: 0, oldest timestamp: (1743721141, 1) , meta checkpoint timestamp: (1743721431, 1) base write gen: 33"}}
{"t":{"$date":"2025-04-03T23:05:01.709+00:00"},"s":"I",  "c":"STORAGE",  "id":22430,   "ctx":"Checkpointer","msg":"WiredTiger message","attr":{"message":"[1743721501:709412][2082:0xffff9cbefc80], WT_SESSION.checkpoint: [WT_VERB_CHECKPOINT_PROGRESS] saving checkpoint snapshot min: 5655, snapshot max: 5655 snapshot count: 0, oldest timestamp: (1743721201, 1) , meta checkpoint timestamp: (1743721501, 1) base write gen: 33"}}
{"t":{"$date":"2025-04-03T23:06:01.804+00:00"},"s":"I",  "c":"STORAGE",  "id":22430,   "ctx":"Checkpointer","msg":"WiredTiger message","attr":{"message":"[1743721561:804207][2082:0xffff9cbefc80], WT_SESSION.checkpoint: [WT_VERB_CHECKPOINT_PROGRESS] saving checkpoint snapshot min: 5670, snapshot max: 5670 snapshot count: 0, oldest timestamp: (1743721261, 1) , meta checkpoint timestamp: (1743721561, 1) base write gen: 33"}}
{"t":{"$date":"2025-04-03T23:07:01.888+00:00"},"s":"I",  "c":"STORAGE",  "id":22430,   "ctx":"Checkpointer","msg":"WiredTiger message","attr":{"message":"[1743721621:888777][2082:0xffff9cbefc80], WT_SESSION.checkpoint: [WT_VERB_CHECKPOINT_PROGRESS] saving checkpoint snapshot min: 5685, snapshot max: 5685 snapshot count: 0, oldest timestamp: (1743721321, 1) , meta checkpoint timestamp: (1743721621, 1) base write gen: 33"}}
{"t":{"$date":"2025-04-03T23:08:02.008+00:00"},"s":"I",  "c":"STORAGE",  "id":22430,   "ctx":"Checkpointer","msg":"WiredTiger message","attr":{"message":"[1743721682:8914][2082:0xffff9cbefc80], WT_SESSION.checkpoint: [WT_VERB_CHECKPOINT_PROGRESS] saving checkpoint snapshot min: 5700, snapshot max: 5700 snapshot count: 0, oldest timestamp: (1743721381, 1) , meta checkpoint timestamp: (1743721681, 1) base write gen: 33"}}
{"t":{"$date":"2025-04-03T23:09:02.107+00:00"},"s":"I",  "c":"STORAGE",  "id":22430,   "ctx":"Checkpointer","msg":"WiredTiger message","attr":{"message":"[1743721742:106995][2082:0xffff9cbefc80], WT_SESSION.checkpoint: [WT_VERB_CHECKPOINT_PROGRESS] saving checkpoint snapshot min: 5715, snapshot max: 5715 snapshot count: 0, oldest timestamp: (1743721441, 1) , meta checkpoint timestamp: (1743721741, 1) base write gen: 33"}}
{"t":{"$date":"2025-04-03T23:10:02.247+00:00"},"s":"I",  "c":"STORAGE",  "id":22430,   "ctx":"Checkpointer","msg":"WiredTiger message","attr":{"message":"[1743721802:247302][2082:0xffff9cbefc80], WT_SESSION.checkpoint: [WT_VERB_CHECKPOINT_PROGRESS] saving checkpoint snapshot min: 5730, snapshot max: 5730 snapshot count: 0, oldest timestamp: (1743721501, 1) , meta checkpoint timestamp: (1743721801, 1) base write gen: 33"}}
{"t":{"$date":"2025-04-03T23:11:02.369+00:00"},"s":"I",  "c":"STORAGE",  "id":22430,   "ctx":"Checkpointer","msg":"WiredTiger message","attr":{"message":"[1743721862:369521][2082:0xffff9cbefc80], WT_SESSION.checkpoint: [WT_VERB_CHECKPOINT_PROGRESS] saving checkpoint snapshot min: 5745, snapshot max: 5745 snapshot count: 0, oldest timestamp: (1743721561, 1) , meta checkpoint timestamp: (1743721861, 1) base write gen: 33"}}
{"t":{"$date":"2025-04-03T23:12:02.501+00:00"},"s":"I",  "c":"STORAGE",  "id":22430,   "ctx":"Checkpointer","msg":"WiredTiger message","attr":{"message":"[1743721922:501642][2082:0xffff9cbefc80], WT_SESSION.checkpoint: [WT_VERB_CHECKPOINT_PROGRESS] saving checkpoint snapshot min: 5760, snapshot max: 5760 snapshot count: 0, oldest timestamp: (1743721621, 1) , meta checkpoint timestamp: (1743721921, 1) base write gen: 33"}}
{"t":{"$date":"2025-04-03T23:13:02.627+00:00"},"s":"I",  "c":"STORAGE",  "id":22430,   "ctx":"Checkpointer","msg":"WiredTiger message","attr":{"message":"[1743721982:627612][2082:0xffff9cbefc80], WT_SESSION.checkpoint: [WT_VERB_CHECKPOINT_PROGRESS] saving checkpoint snapshot min: 5775, snapshot max: 5775 snapshot count: 0, oldest timestamp: (1743721681, 1) , meta checkpoint timestamp: (1743721981, 1) base write gen: 33"}}
{"t":{"$date":"2025-04-03T23:14:02.758+00:00"},"s":"I",  "c":"STORAGE",  "id":22430,   "ctx":"Checkpointer","msg":"WiredTiger message","attr":{"message":"[1743722042:758274][2082:0xffff9cbefc80], WT_SESSION.checkpoint: [WT_VERB_CHECKPOINT_PROGRESS] saving checkpoint snapshot min: 5790, snapshot max: 5790 snapshot count: 0, oldest timestamp: (1743721741, 1) , meta checkpoint timestamp: (1743722041, 1) base write gen: 33"}}
{"t":{"$date":"2025-04-03T23:15:02.904+00:00"},"s":"I",  "c":"STORAGE",  "id":22430,   "ctx":"Checkpointer","msg":"WiredTiger message","attr":{"message":"[1743722102:904446][2082:0xffff9cbefc80], WT_SESSION.checkpoint: [WT_VERB_CHECKPOINT_PROGRESS] saving checkpoint snapshot min: 5807, snapshot max: 5807 snapshot count: 0, oldest timestamp: (1743721801, 1) , meta checkpoint timestamp: (1743722101, 1) base write gen: 33"}}
{"t":{"$date":"2025-04-03T23:16:03.046+00:00"},"s":"I",  "c":"STORAGE",  "id":22430,   "ctx":"Checkpointer","msg":"WiredTiger message","attr":{"message":"[1743722163:46652][2082:0xffff9cbefc80], WT_SESSION.checkpoint: [WT_VERB_CHECKPOINT_PROGRESS] saving checkpoint snapshot min: 5822, snapshot max: 5822 snapshot count: 0, oldest timestamp: (1743721861, 1) , meta checkpoint timestamp: (1743722161, 1) base write gen: 33"}}
{"t":{"$date":"2025-04-03T23:17:03.162+00:00"},"s":"I",  "c":"STORAGE",  "id":22430,   "ctx":"Checkpointer","msg":"WiredTiger message","attr":{"message":"[1743722223:162142][2082:0xffff9cbefc80], WT_SESSION.checkpoint: [WT_VERB_CHECKPOINT_PROGRESS] saving checkpoint snapshot min: 5837, snapshot max: 5837 snapshot count: 0, oldest timestamp: (1743721921, 1) , meta checkpoint timestamp: (1743722221, 1) base write gen: 33"}}
{"t":{"$date":"2025-04-03T23:18:03.288+00:00"},"s":"I",  "c":"STORAGE",  "id":22430,   "ctx":"Checkpointer","msg":"WiredTiger message","attr":{"message":"[1743722283:288502][2082:0xffff9cbefc80], WT_SESSION.checkpoint: [WT_VERB_CHECKPOINT_PROGRESS] saving checkpoint snapshot min: 5852, snapshot max: 5852 snapshot count: 0, oldest timestamp: (1743721981, 1) , meta checkpoint timestamp: (1743722281, 1) base write gen: 33"}}
{"t":{"$date":"2025-04-03T23:19:03.420+00:00"},"s":"I",  "c":"STORAGE",  "id":22430,   "ctx":"Checkpointer","msg":"WiredTiger message","attr":{"message":"[1743722343:420807][2082:0xffff9cbefc80], WT_SESSION.checkpoint: [WT_VERB_CHECKPOINT_PROGRESS] saving checkpoint snapshot min: 5867, snapshot max: 5867 snapshot count: 0, oldest timestamp: (1743722041, 1) , meta checkpoint timestamp: (1743722341, 1) base write gen: 33"}}
{"t":{"$date":"2025-04-04T00:27:39.861+00:00"},"s":"I",  "c":"STORAGE",  "id":22430,   "ctx":"Checkpointer","msg":"WiredTiger message","attr":{"message":"[1743726459:861051][2082:0xffff9cbefc80], WT_SESSION.checkpoint: [WT_VERB_CHECKPOINT_PROGRESS] saving checkpoint snapshot min: 5878, snapshot max: 5879 snapshot count: 1, oldest timestamp: (1743726159, 1) , meta checkpoint timestamp: (1743722381, 1) base write gen: 33"}}
{"t":{"$date":"2025-04-04T01:19:28.010+00:00"},"s":"I",  "c":"STORAGE",  "id":22430,   "ctx":"Checkpointer","msg":"WiredTiger message","attr":{"message":"[1743729568:10738][2082:0xffff9cbefc80], WT_SESSION.checkpoint: [WT_VERB_CHECKPOINT_PROGRESS] saving checkpoint snapshot min: 5888, snapshot max: 5888 snapshot count: 0, oldest timestamp: (1743729267, 1) , meta checkpoint timestamp: (1743726479, 1) base write gen: 33"}}
{"t":{"$date":"2025-04-04T01:47:11.888+00:00"},"s":"I",  "c":"STORAGE",  "id":22430,   "ctx":"Checkpointer","msg":"WiredTiger message","attr":{"message":"[1743731231:888825][2082:0xffff9cbefc80], WT_SESSION.checkpoint: [WT_VERB_CHECKPOINT_PROGRESS] saving checkpoint snapshot min: 5898, snapshot max: 5898 snapshot count: 0, oldest timestamp: (1743730931, 1) , meta checkpoint timestamp: (1743729587, 1) base write gen: 33"}}
{"t":{"$date":"2025-04-04T02:23:20.835+00:00"},"s":"I",  "c":"STORAGE",  "id":22430,   "ctx":"Checkpointer","msg":"WiredTiger message","attr":{"message":"[1743733400:835827][2082:0xffff9cbefc80], WT_SESSION.checkpoint: [WT_VERB_CHECKPOINT_PROGRESS] saving checkpoint snapshot min: 5906, snapshot max: 5906 snapshot count: 0, oldest timestamp: (1743733100, 1) , meta checkpoint timestamp: (1743731251, 1) base write gen: 33"}}
{"t":{"$date":"2025-04-04T02:24:20.996+00:00"},"s":"I",  "c":"STORAGE",  "id":22430,   "ctx":"Checkpointer","msg":"WiredTiger message","attr":{"message":"[1743733460:996367][2082:0xffff9cbefc80], WT_SESSION.checkpoint: [WT_VERB_CHECKPOINT_PROGRESS] saving checkpoint snapshot min: 5922, snapshot max: 5922 snapshot count: 0, oldest timestamp: (1743733160, 1) , meta checkpoint timestamp: (1743733460, 1) base write gen: 33"}}
{"t":{"$date":"2025-04-04T02:25:21.105+00:00"},"s":"I",  "c":"STORAGE",  "id":22430,   "ctx":"Checkpointer","msg":"WiredTiger message","attr":{"message":"[1743733521:105111][2082:0xffff9cbefc80], WT_SESSION.checkpoint: [WT_VERB_CHECKPOINT_PROGRESS] saving checkpoint snapshot min: 5937, snapshot max: 5937 snapshot count: 0, oldest timestamp: (1743733220, 1) , meta checkpoint timestamp: (1743733520, 1) base write gen: 33"}}
{"t":{"$date":"2025-04-04T02:26:21.235+00:00"},"s":"I",  "c":"STORAGE",  "id":22430,   "ctx":"Checkpointer","msg":"WiredTiger message","attr":{"message":"[1743733581:235686][2082:0xffff9cbefc80], WT_SESSION.checkpoint: [WT_VERB_CHECKPOINT_PROGRESS] saving checkpoint snapshot min: 5952, snapshot max: 5952 snapshot count: 0, oldest timestamp: (1743733280, 1) , meta checkpoint timestamp: (1743733580, 1) base write gen: 33"}}
{"t":{"$date":"2025-04-04T02:27:21.370+00:00"},"s":"I",  "c":"STORAGE",  "id":22430,   "ctx":"Checkpointer","msg":"WiredTiger message","attr":{"message":"[1743733641:370955][2082:0xffff9cbefc80], WT_SESSION.checkpoint: [WT_VERB_CHECKPOINT_PROGRESS] saving checkpoint snapshot min: 5967, snapshot max: 5967 snapshot count: 0, oldest timestamp: (1743733340, 1) , meta checkpoint timestamp: (1743733640, 1) base write gen: 33"}}
{"t":{"$date":"2025-04-04T02:28:21.516+00:00"},"s":"I",  "c":"STORAGE",  "id":22430,   "ctx":"Checkpointer","msg":"WiredTiger message","attr":{"message":"[1743733701:516784][2082:0xffff9cbefc80], WT_SESSION.checkpoint: [WT_VERB_CHECKPOINT_PROGRESS] saving checkpoint snapshot min: 5982, snapshot max: 5982 snapshot count: 0, oldest timestamp: (1743733400, 1) , meta checkpoint timestamp: (1743733700, 1) base write gen: 33"}}
{"t":{"$date":"2025-04-04T02:29:21.668+00:00"},"s":"I",  "c":"STORAGE",  "id":22430,   "ctx":"Checkpointer","msg":"WiredTiger message","attr":{"message":"[1743733761:668243][2082:0xffff9cbefc80], WT_SESSION.checkpoint: [WT_VERB_CHECKPOINT_PROGRESS] saving checkpoint snapshot min: 5997, snapshot max: 5997 snapshot count: 0, oldest timestamp: (1743733460, 1) , meta checkpoint timestamp: (1743733760, 1) base write gen: 33"}}
{"t":{"$date":"2025-04-04T02:30:21.814+00:00"},"s":"I",  "c":"STORAGE",  "id":22430,   "ctx":"Checkpointer","msg":"WiredTiger message","attr":{"message":"[1743733821:814366][2082:0xffff9cbefc80], WT_SESSION.checkpoint: [WT_VERB_CHECKPOINT_PROGRESS] saving checkpoint snapshot min: 6012, snapshot max: 6012 snapshot count: 0, oldest timestamp: (1743733520, 1) , meta checkpoint timestamp: (1743733820, 1) base write gen: 33"}}
{"t":{"$date":"2025-04-04T02:31:21.939+00:00"},"s":"I",  "c":"STORAGE",  "id":22430,   "ctx":"Checkpointer","msg":"WiredTiger message","attr":{"message":"[1743733881:939686][2082:0xffff9cbefc80], WT_SESSION.checkpoint: [WT_VERB_CHECKPOINT_PROGRESS] saving checkpoint snapshot min: 6027, snapshot max: 6027 snapshot count: 0, oldest timestamp: (1743733580, 1) , meta checkpoint timestamp: (1743733880, 1) base write gen: 33"}}
{"t":{"$date":"2025-04-04T02:32:22.082+00:00"},"s":"I",  "c":"STORAGE",  "id":22430,   "ctx":"Checkpointer","msg":"WiredTiger message","attr":{"message":"[1743733942:82089][2082:0xffff9cbefc80], WT_SESSION.checkpoint: [WT_VERB_CHECKPOINT_PROGRESS] saving checkpoint snapshot min: 6042, snapshot max: 6042 snapshot count: 0, oldest timestamp: (1743733640, 1) , meta checkpoint timestamp: (1743733940, 1) base write gen: 33"}}
{"t":{"$date":"2025-04-04T02:33:22.215+00:00"},"s":"I",  "c":"STORAGE",  "id":22430,   "ctx":"Checkpointer","msg":"WiredTiger message","attr":{"message":"[1743734002:215031][2082:0xffff9cbefc80], WT_SESSION.checkpoint: [WT_VERB_CHECKPOINT_PROGRESS] saving checkpoint snapshot min: 6057, snapshot max: 6057 snapshot count: 0, oldest timestamp: (1743733700, 1) , meta checkpoint timestamp: (1743734000, 1) base write gen: 33"}}
{"t":{"$date":"2025-04-04T02:34:22.358+00:00"},"s":"I",  "c":"STORAGE",  "id":22430,   "ctx":"Checkpointer","msg":"WiredTiger message","attr":{"message":"[1743734062:358921][2082:0xffff9cbefc80], WT_SESSION.checkpoint: [WT_VERB_CHECKPOINT_PROGRESS] saving checkpoint snapshot min: 6072, snapshot max: 6072 snapshot count: 0, oldest timestamp: (1743733760, 1) , meta checkpoint timestamp: (1743734060, 1) base write gen: 33"}}
{"t":{"$date":"2025-04-04T02:35:22.508+00:00"},"s":"I",  "c":"STORAGE",  "id":22430,   "ctx":"Checkpointer","msg":"WiredTiger message","attr":{"message":"[1743734122:508622][2082:0xffff9cbefc80], WT_SESSION.checkpoint: [WT_VERB_CHECKPOINT_PROGRESS] saving checkpoint snapshot min: 6087, snapshot max: 6087 snapshot count: 0, oldest timestamp: (1743733820, 1) , meta checkpoint timestamp: (1743734120, 1) base write gen: 33"}}
{"t":{"$date":"2025-04-04T02:36:22.659+00:00"},"s":"I",  "c":"STORAGE",  "id":22430,   "ctx":"Checkpointer","msg":"WiredTiger message","attr":{"message":"[1743734182:659029][2082:0xffff9cbefc80], WT_SESSION.checkpoint: [WT_VERB_CHECKPOINT_PROGRESS] saving checkpoint snapshot min: 6102, snapshot max: 6102 snapshot count: 0, oldest timestamp: (1743733880, 1) , meta checkpoint timestamp: (1743734180, 1) base write gen: 33"}}
{"t":{"$date":"2025-04-04T02:37:22.845+00:00"},"s":"I",  "c":"STORAGE",  "id":22430,   "ctx":"Checkpointer","msg":"WiredTiger message","attr":{"message":"[1743734242:845422][2082:0xffff9cbefc80], WT_SESSION.checkpoint: [WT_VERB_CHECKPOINT_PROGRESS] saving checkpoint snapshot min: 6117, snapshot max: 6117 snapshot count: 0, oldest timestamp: (1743733940, 1) , meta checkpoint timestamp: (1743734240, 1) base write gen: 33"}}
{"t":{"$date":"2025-04-04T02:38:23.016+00:00"},"s":"I",  "c":"STORAGE",  "id":22430,   "ctx":"Checkpointer","msg":"WiredTiger message","attr":{"message":"[1743734303:16820][2082:0xffff9cbefc80], WT_SESSION.checkpoint: [WT_VERB_CHECKPOINT_PROGRESS] saving checkpoint snapshot min: 6132, snapshot max: 6132 snapshot count: 0, oldest timestamp: (1743734000, 1) , meta checkpoint timestamp: (1743734300, 1) base write gen: 33"}}
{"t":{"$date":"2025-04-04T02:39:23.134+00:00"},"s":"I",  "c":"STORAGE",  "id":22430,   "ctx":"Checkpointer","msg":"WiredTiger message","attr":{"message":"[1743734363:134746][2082:0xffff9cbefc80], WT_SESSION.checkpoint: [WT_VERB_CHECKPOINT_PROGRESS] saving checkpoint snapshot min: 6147, snapshot max: 6147 snapshot count: 0, oldest timestamp: (1743734060, 1) , meta checkpoint timestamp: (1743734360, 1) base write gen: 33"}}
{"t":{"$date":"2025-04-04T02:40:23.246+00:00"},"s":"I",  "c":"STORAGE",  "id":22430,   "ctx":"Checkpointer","msg":"WiredTiger message","attr":{"message":"[1743734423:246104][2082:0xffff9cbefc80], WT_SESSION.checkpoint: [WT_VERB_CHECKPOINT_PROGRESS] saving checkpoint snapshot min: 6162, snapshot max: 6162 snapshot count: 0, oldest timestamp: (1743734121, 1) , meta checkpoint timestamp: (1743734421, 1) base write gen: 33"}}
{"t":{"$date":"2025-04-04T02:41:23.384+00:00"},"s":"I",  "c":"STORAGE",  "id":22430,   "ctx":"Checkpointer","msg":"WiredTiger message","attr":{"message":"[1743734483:384318][2082:0xffff9cbefc80], WT_SESSION.checkpoint: [WT_VERB_CHECKPOINT_PROGRESS] saving checkpoint snapshot min: 6177, snapshot max: 6177 snapshot count: 0, oldest timestamp: (1743734181, 1) , meta checkpoint timestamp: (1743734481, 1) base write gen: 33"}}
{"t":{"$date":"2025-04-04T02:42:23.531+00:00"},"s":"I",  "c":"STORAGE",  "id":22430,   "ctx":"Checkpointer","msg":"WiredTiger message","attr":{"message":"[1743734543:531071][2082:0xffff9cbefc80], WT_SESSION.checkpoint: [WT_VERB_CHECKPOINT_PROGRESS] saving checkpoint snapshot min: 6192, snapshot max: 6192 snapshot count: 0, oldest timestamp: (1743734241, 1) , meta checkpoint timestamp: (1743734541, 1) base write gen: 33"}}
{"t":{"$date":"2025-04-04T02:43:23.677+00:00"},"s":"I",  "c":"STORAGE",  "id":22430,   "ctx":"Checkpointer","msg":"WiredTiger message","attr":{"message":"[1743734603:677950][2082:0xffff9cbefc80], WT_SESSION.checkpoint: [WT_VERB_CHECKPOINT_PROGRESS] saving checkpoint snapshot min: 6207, snapshot max: 6207 snapshot count: 0, oldest timestamp: (1743734301, 1) , meta checkpoint timestamp: (1743734601, 1) base write gen: 33"}}
{"t":{"$date":"2025-04-04T02:44:23.820+00:00"},"s":"I",  "c":"STORAGE",  "id":22430,   "ctx":"Checkpointer","msg":"WiredTiger message","attr":{"message":"[1743734663:820483][2082:0xffff9cbefc80], WT_SESSION.checkpoint: [WT_VERB_CHECKPOINT_PROGRESS] saving checkpoint snapshot min: 6222, snapshot max: 6222 snapshot count: 0, oldest timestamp: (1743734361, 1) , meta checkpoint timestamp: (1743734661, 1) base write gen: 33"}}
{"t":{"$date":"2025-04-04T02:45:23.959+00:00"},"s":"I",  "c":"STORAGE",  "id":22430,   "ctx":"Checkpointer","msg":"WiredTiger message","attr":{"message":"[1743734723:959775][2082:0xffff9cbefc80], WT_SESSION.checkpoint: [WT_VERB_CHECKPOINT_PROGRESS] saving checkpoint snapshot min: 6237, snapshot max: 6237 snapshot count: 0, oldest timestamp: (1743734421, 1) , meta checkpoint timestamp: (1743734721, 1) base write gen: 33"}}
{"t":{"$date":"2025-04-04T02:46:24.424+00:00"},"s":"I",  "c":"STORAGE",  "id":22430,   "ctx":"Checkpointer","msg":"WiredTiger message","attr":{"message":"[1743734784:424972][2082:0xffff9cbefc80], WT_SESSION.checkpoint: [WT_VERB_CHECKPOINT_PROGRESS] saving checkpoint snapshot min: 6252, snapshot max: 6252 snapshot count: 0, oldest timestamp: (1743734481, 1) , meta checkpoint timestamp: (1743734781, 1) base write gen: 33"}}
{"t":{"$date":"2025-04-04T02:47:24.572+00:00"},"s":"I",  "c":"STORAGE",  "id":22430,   "ctx":"Checkpointer","msg":"WiredTiger message","attr":{"message":"[1743734844:572730][2082:0xffff9cbefc80], WT_SESSION.checkpoint: [WT_VERB_CHECKPOINT_PROGRESS] saving checkpoint snapshot min: 6267, snapshot max: 6267 snapshot count: 0, oldest timestamp: (1743734541, 1) , meta checkpoint timestamp: (1743734841, 1) base write gen: 33"}}
{"t":{"$date":"2025-04-04T02:48:24.717+00:00"},"s":"I",  "c":"STORAGE",  "id":22430,   "ctx":"Checkpointer","msg":"WiredTiger message","attr":{"message":"[1743734904:717056][2082:0xffff9cbefc80], WT_SESSION.checkpoint: [WT_VERB_CHECKPOINT_PROGRESS] saving checkpoint snapshot min: 6282, snapshot max: 6282 snapshot count: 0, oldest timestamp: (1743734600, 1) , meta checkpoint timestamp: (1743734900, 1) base write gen: 33"}}
{"t":{"$date":"2025-04-04T02:49:24.846+00:00"},"s":"I",  "c":"STORAGE",  "id":22430,   "ctx":"Checkpointer","msg":"WiredTiger message","attr":{"message":"[1743734964:846235][2082:0xffff9cbefc80], WT_SESSION.checkpoint: [WT_VERB_CHECKPOINT_PROGRESS] saving checkpoint snapshot min: 6297, snapshot max: 6297 snapshot count: 0, oldest timestamp: (1743734661, 1) , meta checkpoint timestamp: (1743734961, 1) base write gen: 33"}}
{"t":{"$date":"2025-04-04T02:50:24.969+00:00"},"s":"I",  "c":"STORAGE",  "id":22430,   "ctx":"Checkpointer","msg":"WiredTiger message","attr":{"message":"[1743735024:969868][2082:0xffff9cbefc80], WT_SESSION.checkpoint: [WT_VERB_CHECKPOINT_PROGRESS] saving checkpoint snapshot min: 6312, snapshot max: 6312 snapshot count: 0, oldest timestamp: (1743734721, 1) , meta checkpoint timestamp: (1743735021, 1) base write gen: 33"}}
{"t":{"$date":"2025-04-04T02:51:25.084+00:00"},"s":"I",  "c":"STORAGE",  "id":22430,   "ctx":"Checkpointer","msg":"WiredTiger message","attr":{"message":"[1743735085:84720][2082:0xffff9cbefc80], WT_SESSION.checkpoint: [WT_VERB_CHECKPOINT_PROGRESS] saving checkpoint snapshot min: 6327, snapshot max: 6327 snapshot count: 0, oldest timestamp: (1743734781, 1) , meta checkpoint timestamp: (1743735081, 1) base write gen: 33"}}
{"t":{"$date":"2025-04-04T02:52:25.218+00:00"},"s":"I",  "c":"STORAGE",  "id":22430,   "ctx":"Checkpointer","msg":"WiredTiger message","attr":{"message":"[1743735145:218690][2082:0xffff9cbefc80], WT_SESSION.checkpoint: [WT_VERB_CHECKPOINT_PROGRESS] saving checkpoint snapshot min: 6342, snapshot max: 6342 snapshot count: 0, oldest timestamp: (1743734841, 1) , meta checkpoint timestamp: (1743735141, 1) base write gen: 33"}}
{"t":{"$date":"2025-04-04T02:53:25.337+00:00"},"s":"I",  "c":"STORAGE",  "id":22430,   "ctx":"Checkpointer","msg":"WiredTiger message","attr":{"message":"[1743735205:337786][2082:0xffff9cbefc80], WT_SESSION.checkpoint: [WT_VERB_CHECKPOINT_PROGRESS] saving checkpoint snapshot min: 6357, snapshot max: 6357 snapshot count: 0, oldest timestamp: (1743734901, 1) , meta checkpoint timestamp: (1743735201, 1) base write gen: 33"}}
{"t":{"$date":"2025-04-04T02:54:25.470+00:00"},"s":"I",  "c":"STORAGE",  "id":22430,   "ctx":"Checkpointer","msg":"WiredTiger message","attr":{"message":"[1743735265:470357][2082:0xffff9cbefc80], WT_SESSION.checkpoint: [WT_VERB_CHECKPOINT_PROGRESS] saving checkpoint snapshot min: 6372, snapshot max: 6372 snapshot count: 0, oldest timestamp: (1743734961, 1) , meta checkpoint timestamp: (1743735261, 1) base write gen: 33"}}
{"t":{"$date":"2025-04-04T02:55:25.597+00:00"},"s":"I",  "c":"STORAGE",  "id":22430,   "ctx":"Checkpointer","msg":"WiredTiger message","attr":{"message":"[1743735325:597839][2082:0xffff9cbefc80], WT_SESSION.checkpoint: [WT_VERB_CHECKPOINT_PROGRESS] saving checkpoint snapshot min: 6387, snapshot max: 6387 snapshot count: 0, oldest timestamp: (1743735021, 1) , meta checkpoint timestamp: (1743735321, 1) base write gen: 33"}}
{"t":{"$date":"2025-04-04T02:56:25.722+00:00"},"s":"I",  "c":"STORAGE",  "id":22430,   "ctx":"Checkpointer","msg":"WiredTiger message","attr":{"message":"[1743735385:722479][2082:0xffff9cbefc80], WT_SESSION.checkpoint: [WT_VERB_CHECKPOINT_PROGRESS] saving checkpoint snapshot min: 6402, snapshot max: 6402 snapshot count: 0, oldest timestamp: (1743735081, 1) , meta checkpoint timestamp: (1743735381, 1) base write gen: 33"}}
{"t":{"$date":"2025-04-04T02:57:25.857+00:00"},"s":"I",  "c":"STORAGE",  "id":22430,   "ctx":"Checkpointer","msg":"WiredTiger message","attr":{"message":"[1743735445:857291][2082:0xffff9cbefc80], WT_SESSION.checkpoint: [WT_VERB_CHECKPOINT_PROGRESS] saving checkpoint snapshot min: 6417, snapshot max: 6417 snapshot count: 0, oldest timestamp: (1743735141, 1) , meta checkpoint timestamp: (1743735441, 1) base write gen: 33"}}
{"t":{"$date":"2025-04-04T02:58:25.999+00:00"},"s":"I",  "c":"STORAGE",  "id":22430,   "ctx":"Checkpointer","msg":"WiredTiger message","attr":{"message":"[1743735505:999963][2082:0xffff9cbefc80], WT_SESSION.checkpoint: [WT_VERB_CHECKPOINT_PROGRESS] saving checkpoint snapshot min: 6432, snapshot max: 6432 snapshot count: 0, oldest timestamp: (1743735201, 1) , meta checkpoint timestamp: (1743735501, 1) base write gen: 33"}}
{"t":{"$date":"2025-04-04T02:59:26.118+00:00"},"s":"I",  "c":"STORAGE",  "id":22430,   "ctx":"Checkpointer","msg":"WiredTiger message","attr":{"message":"[1743735566:118830][2082:0xffff9cbefc80], WT_SESSION.checkpoint: [WT_VERB_CHECKPOINT_PROGRESS] saving checkpoint snapshot min: 6447, snapshot max: 6447 snapshot count: 0, oldest timestamp: (1743735261, 1) , meta checkpoint timestamp: (1743735561, 1) base write gen: 33"}}
{"t":{"$date":"2025-04-04T03:00:26.254+00:00"},"s":"I",  "c":"STORAGE",  "id":22430,   "ctx":"Checkpointer","msg":"WiredTiger message","attr":{"message":"[1743735626:254544][2082:0xffff9cbefc80], WT_SESSION.checkpoint: [WT_VERB_CHECKPOINT_PROGRESS] saving checkpoint snapshot min: 6462, snapshot max: 6462 snapshot count: 0, oldest timestamp: (1743735321, 1) , meta checkpoint timestamp: (1743735621, 1) base write gen: 33"}}
{"t":{"$date":"2025-04-04T03:01:26.380+00:00"},"s":"I",  "c":"STORAGE",  "id":22430,   "ctx":"Checkpointer","msg":"WiredTiger message","attr":{"message":"[1743735686:380619][2082:0xffff9cbefc80], WT_SESSION.checkpoint: [WT_VERB_CHECKPOINT_PROGRESS] saving checkpoint snapshot min: 6477, snapshot max: 6477 snapshot count: 0, oldest timestamp: (1743735381, 1) , meta checkpoint timestamp: (1743735681, 1) base write gen: 33"}}
{"t":{"$date":"2025-04-04T03:02:26.518+00:00"},"s":"I",  "c":"STORAGE",  "id":22430,   "ctx":"Checkpointer","msg":"WiredTiger message","attr":{"message":"[1743735746:518497][2082:0xffff9cbefc80], WT_SESSION.checkpoint: [WT_VERB_CHECKPOINT_PROGRESS] saving checkpoint snapshot min: 6492, snapshot max: 6492 snapshot count: 0, oldest timestamp: (1743735441, 1) , meta checkpoint timestamp: (1743735741, 1) base write gen: 33"}}
{"t":{"$date":"2025-04-04T03:03:26.637+00:00"},"s":"I",  "c":"STORAGE",  "id":22430,   "ctx":"Checkpointer","msg":"WiredTiger message","attr":{"message":"[1743735806:637593][2082:0xffff9cbefc80], WT_SESSION.checkpoint: [WT_VERB_CHECKPOINT_PROGRESS] saving checkpoint snapshot min: 6507, snapshot max: 6507 snapshot count: 0, oldest timestamp: (1743735501, 1) , meta checkpoint timestamp: (1743735801, 1) base write gen: 33"}}
{"t":{"$date":"2025-04-04T03:04:26.767+00:00"},"s":"I",  "c":"STORAGE",  "id":22430,   "ctx":"Checkpointer","msg":"WiredTiger message","attr":{"message":"[1743735866:767861][2082:0xffff9cbefc80], WT_SESSION.checkpoint: [WT_VERB_CHECKPOINT_PROGRESS] saving checkpoint snapshot min: 6522, snapshot max: 6522 snapshot count: 0, oldest timestamp: (1743735561, 1) , meta checkpoint timestamp: (1743735861, 1) base write gen: 33"}}
{"t":{"$date":"2025-04-04T03:05:26.905+00:00"},"s":"I",  "c":"STORAGE",  "id":22430,   "ctx":"Checkpointer","msg":"WiredTiger message","attr":{"message":"[1743735926:905116][2082:0xffff9cbefc80], WT_SESSION.checkpoint: [WT_VERB_CHECKPOINT_PROGRESS] saving checkpoint snapshot min: 6537, snapshot max: 6537 snapshot count: 0, oldest timestamp: (1743735621, 1) , meta checkpoint timestamp: (1743735921, 1) base write gen: 33"}}
{"t":{"$date":"2025-04-04T03:06:27.048+00:00"},"s":"I",  "c":"STORAGE",  "id":22430,   "ctx":"Checkpointer","msg":"WiredTiger message","attr":{"message":"[1743735987:48679][2082:0xffff9cbefc80], WT_SESSION.checkpoint: [WT_VERB_CHECKPOINT_PROGRESS] saving checkpoint snapshot min: 6552, snapshot max: 6552 snapshot count: 0, oldest timestamp: (1743735681, 1) , meta checkpoint timestamp: (1743735981, 1) base write gen: 33"}}
{"t":{"$date":"2025-04-04T03:07:27.138+00:00"},"s":"I",  "c":"STORAGE",  "id":22430,   "ctx":"Checkpointer","msg":"WiredTiger message","attr":{"message":"[1743736047:138978][2082:0xffff9cbefc80], WT_SESSION.checkpoint: [WT_VERB_CHECKPOINT_PROGRESS] saving checkpoint snapshot min: 6567, snapshot max: 6567 snapshot count: 0, oldest timestamp: (1743735741, 1) , meta checkpoint timestamp: (1743736041, 1) base write gen: 33"}}
{"t":{"$date":"2025-04-04T03:08:27.266+00:00"},"s":"I",  "c":"STORAGE",  "id":22430,   "ctx":"Checkpointer","msg":"WiredTiger message","attr":{"message":"[1743736107:266476][2082:0xffff9cbefc80], WT_SESSION.checkpoint: [WT_VERB_CHECKPOINT_PROGRESS] saving checkpoint snapshot min: 6582, snapshot max: 6582 snapshot count: 0, oldest timestamp: (1743735801, 1) , meta checkpoint timestamp: (1743736101, 1) base write gen: 33"}}
{"t":{"$date":"2025-04-04T03:09:27.397+00:00"},"s":"I",  "c":"STORAGE",  "id":22430,   "ctx":"Checkpointer","msg":"WiredTiger message","attr":{"message":"[1743736167:397573][2082:0xffff9cbefc80], WT_SESSION.checkpoint: [WT_VERB_CHECKPOINT_PROGRESS] saving checkpoint snapshot min: 6597, snapshot max: 6597 snapshot count: 0, oldest timestamp: (1743735861, 1) , meta checkpoint timestamp: (1743736161, 1) base write gen: 33"}}
{"t":{"$date":"2025-04-04T03:10:27.504+00:00"},"s":"I",  "c":"STORAGE",  "id":22430,   "ctx":"Checkpointer","msg":"WiredTiger message","attr":{"message":"[1743736227:504878][2082:0xffff9cbefc80], WT_SESSION.checkpoint: [WT_VERB_CHECKPOINT_PROGRESS] saving checkpoint snapshot min: 6612, snapshot max: 6612 snapshot count: 0, oldest timestamp: (1743735921, 1) , meta checkpoint timestamp: (1743736221, 1) base write gen: 33"}}
{"t":{"$date":"2025-04-04T03:11:27.622+00:00"},"s":"I",  "c":"STORAGE",  "id":22430,   "ctx":"Checkpointer","msg":"WiredTiger message","attr":{"message":"[1743736287:622012][2082:0xffff9cbefc80], WT_SESSION.checkpoint: [WT_VERB_CHECKPOINT_PROGRESS] saving checkpoint snapshot min: 6627, snapshot max: 6627 snapshot count: 0, oldest timestamp: (1743735981, 1) , meta checkpoint timestamp: (1743736281, 1) base write gen: 33"}}
{"t":{"$date":"2025-04-04T03:12:27.744+00:00"},"s":"I",  "c":"STORAGE",  "id":22430,   "ctx":"Checkpointer","msg":"WiredTiger message","attr":{"message":"[1743736347:744524][2082:0xffff9cbefc80], WT_SESSION.checkpoint: [WT_VERB_CHECKPOINT_PROGRESS] saving checkpoint snapshot min: 6642, snapshot max: 6642 snapshot count: 0, oldest timestamp: (1743736041, 1) , meta checkpoint timestamp: (1743736341, 1) base write gen: 33"}}
{"t":{"$date":"2025-04-04T03:13:27.882+00:00"},"s":"I",  "c":"STORAGE",  "id":22430,   "ctx":"Checkpointer","msg":"WiredTiger message","attr":{"message":"[1743736407:882936][2082:0xffff9cbefc80], WT_SESSION.checkpoint: [WT_VERB_CHECKPOINT_PROGRESS] saving checkpoint snapshot min: 6657, snapshot max: 6657 snapshot count: 0, oldest timestamp: (1743736101, 1) , meta checkpoint timestamp: (1743736401, 1) base write gen: 33"}}
{"t":{"$date":"2025-04-04T03:14:28.025+00:00"},"s":"I",  "c":"STORAGE",  "id":22430,   "ctx":"Checkpointer","msg":"WiredTiger message","attr":{"message":"[1743736468:25076][2082:0xffff9cbefc80], WT_SESSION.checkpoint: [WT_VERB_CHECKPOINT_PROGRESS] saving checkpoint snapshot min: 6672, snapshot max: 6672 snapshot count: 0, oldest timestamp: (1743736161, 1) , meta checkpoint timestamp: (1743736461, 1) base write gen: 33"}}
{"t":{"$date":"2025-04-04T03:23:01.273+00:00"},"s":"I",  "c":"STORAGE",  "id":22430,   "ctx":"Checkpointer","msg":"WiredTiger message","attr":{"message":"[1743736981:273909][2082:0xffff9cbefc80], WT_SESSION.checkpoint: [WT_VERB_CHECKPOINT_PROGRESS] saving checkpoint snapshot min: 6679, snapshot max: 6679 snapshot count: 0, oldest timestamp: (1743736681, 2) , meta checkpoint timestamp: (1743736481, 1) base write gen: 33"}}
{"t":{"$date":"2025-04-04T03:24:01.534+00:00"},"s":"I",  "c":"STORAGE",  "id":22430,   "ctx":"Checkpointer","msg":"WiredTiger message","attr":{"message":"[1743737041:534506][2082:0xffff9cbefc80], WT_SESSION.checkpoint: [WT_VERB_CHECKPOINT_PROGRESS] saving checkpoint snapshot min: 6695, snapshot max: 6695 snapshot count: 0, oldest timestamp: (1743736741, 1) , meta checkpoint timestamp: (1743737041, 1) base write gen: 33"}}
{"t":{"$date":"2025-04-04T03:25:01.643+00:00"},"s":"I",  "c":"STORAGE",  "id":22430,   "ctx":"Checkpointer","msg":"WiredTiger message","attr":{"message":"[1743737101:643744][2082:0xffff9cbefc80], WT_SESSION.checkpoint: [WT_VERB_CHECKPOINT_PROGRESS] saving checkpoint snapshot min: 6710, snapshot max: 6710 snapshot count: 0, oldest timestamp: (1743736801, 1) , meta checkpoint timestamp: (1743737101, 1) base write gen: 33"}}
{"t":{"$date":"2025-04-04T03:26:01.795+00:00"},"s":"I",  "c":"STORAGE",  "id":22430,   "ctx":"Checkpointer","msg":"WiredTiger message","attr":{"message":"[1743737161:795321][2082:0xffff9cbefc80], WT_SESSION.checkpoint: [WT_VERB_CHECKPOINT_PROGRESS] saving checkpoint snapshot min: 6728, snapshot max: 6728 snapshot count: 0, oldest timestamp: (1743736861, 1) , meta checkpoint timestamp: (1743737161, 1) base write gen: 33"}}
{"t":{"$date":"2025-04-04T03:27:01.922+00:00"},"s":"I",  "c":"STORAGE",  "id":22430,   "ctx":"Checkpointer","msg":"WiredTiger message","attr":{"message":"[1743737221:922076][2082:0xffff9cbefc80], WT_SESSION.checkpoint: [WT_VERB_CHECKPOINT_PROGRESS] saving checkpoint snapshot min: 6743, snapshot max: 6743 snapshot count: 0, oldest timestamp: (1743736921, 1) , meta checkpoint timestamp: (1743737221, 1) base write gen: 33"}}
{"t":{"$date":"2025-04-04T03:28:02.058+00:00"},"s":"I",  "c":"STORAGE",  "id":22430,   "ctx":"Checkpointer","msg":"WiredTiger message","attr":{"message":"[1743737282:58875][2082:0xffff9cbefc80], WT_SESSION.checkpoint: [WT_VERB_CHECKPOINT_PROGRESS] saving checkpoint snapshot min: 6760, snapshot max: 6760 snapshot count: 0, oldest timestamp: (1743736981, 3) , meta checkpoint timestamp: (1743737281, 3) base write gen: 33"}}
{"t":{"$date":"2025-04-04T03:29:02.199+00:00"},"s":"I",  "c":"STORAGE",  "id":22430,   "ctx":"Checkpointer","msg":"WiredTiger message","attr":{"message":"[1743737342:199859][2082:0xffff9cbefc80], WT_SESSION.checkpoint: [WT_VERB_CHECKPOINT_PROGRESS] saving checkpoint snapshot min: 6775, snapshot max: 6775 snapshot count: 0, oldest timestamp: (1743737041, 1) , meta checkpoint timestamp: (1743737341, 1) base write gen: 33"}}
{"t":{"$date":"2025-04-04T03:30:02.322+00:00"},"s":"I",  "c":"STORAGE",  "id":22430,   "ctx":"Checkpointer","msg":"WiredTiger message","attr":{"message":"[1743737402:322383][2082:0xffff9cbefc80], WT_SESSION.checkpoint: [WT_VERB_CHECKPOINT_PROGRESS] saving checkpoint snapshot min: 6790, snapshot max: 6790 snapshot count: 0, oldest timestamp: (1743737101, 1) , meta checkpoint timestamp: (1743737401, 1) base write gen: 33"}}
{"t":{"$date":"2025-04-04T03:31:02.443+00:00"},"s":"I",  "c":"STORAGE",  "id":22430,   "ctx":"Checkpointer","msg":"WiredTiger message","attr":{"message":"[1743737462:443356][2082:0xffff9cbefc80], WT_SESSION.checkpoint: [WT_VERB_CHECKPOINT_PROGRESS] saving checkpoint snapshot min: 6805, snapshot max: 6805 snapshot count: 0, oldest timestamp: (1743737161, 1) , meta checkpoint timestamp: (1743737461, 1) base write gen: 33"}}
{"t":{"$date":"2025-04-04T03:32:02.579+00:00"},"s":"I",  "c":"STORAGE",  "id":22430,   "ctx":"Checkpointer","msg":"WiredTiger message","attr":{"message":"[1743737522:579152][2082:0xffff9cbefc80], WT_SESSION.checkpoint: [WT_VERB_CHECKPOINT_PROGRESS] saving checkpoint snapshot min: 6820, snapshot max: 6820 snapshot count: 0, oldest timestamp: (1743737221, 1) , meta checkpoint timestamp: (1743737521, 1) base write gen: 33"}}
{"t":{"$date":"2025-04-04T03:33:02.702+00:00"},"s":"I",  "c":"STORAGE",  "id":22430,   "ctx":"Checkpointer","msg":"WiredTiger message","attr":{"message":"[1743737582:702142][2082:0xffff9cbefc80], WT_SESSION.checkpoint: [WT_VERB_CHECKPOINT_PROGRESS] saving checkpoint snapshot min: 6835, snapshot max: 6835 snapshot count: 0, oldest timestamp: (1743737281, 1) , meta checkpoint timestamp: (1743737581, 1) base write gen: 33"}}
{"t":{"$date":"2025-04-04T03:34:02.839+00:00"},"s":"I",  "c":"STORAGE",  "id":22430,   "ctx":"Checkpointer","msg":"WiredTiger message","attr":{"message":"[1743737642:839338][2082:0xffff9cbefc80], WT_SESSION.checkpoint: [WT_VERB_CHECKPOINT_PROGRESS] saving checkpoint snapshot min: 6850, snapshot max: 6850 snapshot count: 0, oldest timestamp: (1743737341, 1) , meta checkpoint timestamp: (1743737641, 1) base write gen: 33"}}
{"t":{"$date":"2025-04-04T03:35:02.925+00:00"},"s":"I",  "c":"STORAGE",  "id":22430,   "ctx":"Checkpointer","msg":"WiredTiger message","attr":{"message":"[1743737702:925018][2082:0xffff9cbefc80], WT_SESSION.checkpoint: [WT_VERB_CHECKPOINT_PROGRESS] saving checkpoint snapshot min: 6865, snapshot max: 6865 snapshot count: 0, oldest timestamp: (1743737401, 1) , meta checkpoint timestamp: (1743737701, 1) base write gen: 33"}}
{"t":{"$date":"2025-04-04T03:36:03.053+00:00"},"s":"I",  "c":"STORAGE",  "id":22430,   "ctx":"Checkpointer","msg":"WiredTiger message","attr":{"message":"[1743737763:53336][2082:0xffff9cbefc80], WT_SESSION.checkpoint: [WT_VERB_CHECKPOINT_PROGRESS] saving checkpoint snapshot min: 6880, snapshot max: 6880 snapshot count: 0, oldest timestamp: (1743737461, 1) , meta checkpoint timestamp: (1743737761, 1) base write gen: 33"}}
{"t":{"$date":"2025-04-04T03:37:03.170+00:00"},"s":"I",  "c":"STORAGE",  "id":22430,   "ctx":"Checkpointer","msg":"WiredTiger message","attr":{"message":"[1743737823:170174][2082:0xffff9cbefc80], WT_SESSION.checkpoint: [WT_VERB_CHECKPOINT_PROGRESS] saving checkpoint snapshot min: 6895, snapshot max: 6895 snapshot count: 0, oldest timestamp: (1743737521, 1) , meta checkpoint timestamp: (1743737821, 1) base write gen: 33"}}
{"t":{"$date":"2025-04-04T03:38:03.297+00:00"},"s":"I",  "c":"STORAGE",  "id":22430,   "ctx":"Checkpointer","msg":"WiredTiger message","attr":{"message":"[1743737883:297006][2082:0xffff9cbefc80], WT_SESSION.checkpoint: [WT_VERB_CHECKPOINT_PROGRESS] saving checkpoint snapshot min: 6910, snapshot max: 6910 snapshot count: 0, oldest timestamp: (1743737581, 1) , meta checkpoint timestamp: (1743737881, 1) base write gen: 33"}}
{"t":{"$date":"2025-04-04T03:39:03.421+00:00"},"s":"I",  "c":"STORAGE",  "id":22430,   "ctx":"Checkpointer","msg":"WiredTiger message","attr":{"message":"[1743737943:421119][2082:0xffff9cbefc80], WT_SESSION.checkpoint: [WT_VERB_CHECKPOINT_PROGRESS] saving checkpoint snapshot min: 6925, snapshot max: 6925 snapshot count: 0, oldest timestamp: (1743737641, 1) , meta checkpoint timestamp: (1743737941, 1) base write gen: 33"}}
{"t":{"$date":"2025-04-04T03:40:03.553+00:00"},"s":"I",  "c":"STORAGE",  "id":22430,   "ctx":"Checkpointer","msg":"WiredTiger message","attr":{"message":"[1743738003:553294][2082:0xffff9cbefc80], WT_SESSION.checkpoint: [WT_VERB_CHECKPOINT_PROGRESS] saving checkpoint snapshot min: 6940, snapshot max: 6940 snapshot count: 0, oldest timestamp: (1743737701, 1) , meta checkpoint timestamp: (1743738001, 1) base write gen: 33"}}
{"t":{"$date":"2025-04-04T03:41:03.672+00:00"},"s":"I",  "c":"STORAGE",  "id":22430,   "ctx":"Checkpointer","msg":"WiredTiger message","attr":{"message":"[1743738063:672333][2082:0xffff9cbefc80], WT_SESSION.checkpoint: [WT_VERB_CHECKPOINT_PROGRESS] saving checkpoint snapshot min: 6955, snapshot max: 6955 snapshot count: 0, oldest timestamp: (1743737761, 1) , meta checkpoint timestamp: (1743738061, 1) base write gen: 33"}}
{"t":{"$date":"2025-04-04T03:42:03.803+00:00"},"s":"I",  "c":"STORAGE",  "id":22430,   "ctx":"Checkpointer","msg":"WiredTiger message","attr":{"message":"[1743738123:803014][2082:0xffff9cbefc80], WT_SESSION.checkpoint: [WT_VERB_CHECKPOINT_PROGRESS] saving checkpoint snapshot min: 6970, snapshot max: 6970 snapshot count: 0, oldest timestamp: (1743737821, 1) , meta checkpoint timestamp: (1743738121, 1) base write gen: 33"}}
{"t":{"$date":"2025-04-04T03:43:03.927+00:00"},"s":"I",  "c":"STORAGE",  "id":22430,   "ctx":"Checkpointer","msg":"WiredTiger message","attr":{"message":"[1743738183:927132][2082:0xffff9cbefc80], WT_SESSION.checkpoint: [WT_VERB_CHECKPOINT_PROGRESS] saving checkpoint snapshot min: 6985, snapshot max: 6985 snapshot count: 0, oldest timestamp: (1743737881, 1) , meta checkpoint timestamp: (1743738181, 1) base write gen: 33"}}
{"t":{"$date":"2025-04-04T03:44:04.055+00:00"},"s":"I",  "c":"STORAGE",  "id":22430,   "ctx":"Checkpointer","msg":"WiredTiger message","attr":{"message":"[1743738244:55388][2082:0xffff9cbefc80], WT_SESSION.checkpoint: [WT_VERB_CHECKPOINT_PROGRESS] saving checkpoint snapshot min: 7000, snapshot max: 7000 snapshot count: 0, oldest timestamp: (1743737941, 1) , meta checkpoint timestamp: (1743738241, 1) base write gen: 33"}}
{"t":{"$date":"2025-04-04T03:45:04.170+00:00"},"s":"I",  "c":"STORAGE",  "id":22430,   "ctx":"Checkpointer","msg":"WiredTiger message","attr":{"message":"[1743738304:170436][2082:0xffff9cbefc80], WT_SESSION.checkpoint: [WT_VERB_CHECKPOINT_PROGRESS] saving checkpoint snapshot min: 7015, snapshot max: 7015 snapshot count: 0, oldest timestamp: (1743738001, 1) , meta checkpoint timestamp: (1743738301, 1) base write gen: 33"}}
{"t":{"$date":"2025-04-04T03:46:04.303+00:00"},"s":"I",  "c":"STORAGE",  "id":22430,   "ctx":"Checkpointer","msg":"WiredTiger message","attr":{"message":"[1743738364:303657][2082:0xffff9cbefc80], WT_SESSION.checkpoint: [WT_VERB_CHECKPOINT_PROGRESS] saving checkpoint snapshot min: 7030, snapshot max: 7030 snapshot count: 0, oldest timestamp: (1743738061, 1) , meta checkpoint timestamp: (1743738361, 1) base write gen: 33"}}
{"t":{"$date":"2025-04-04T03:47:04.427+00:00"},"s":"I",  "c":"STORAGE",  "id":22430,   "ctx":"Checkpointer","msg":"WiredTiger message","attr":{"message":"[1743738424:427004][2082:0xffff9cbefc80], WT_SESSION.checkpoint: [WT_VERB_CHECKPOINT_PROGRESS] saving checkpoint snapshot min: 7045, snapshot max: 7045 snapshot count: 0, oldest timestamp: (1743738121, 1) , meta checkpoint timestamp: (1743738421, 1) base write gen: 33"}}
{"t":{"$date":"2025-04-04T03:48:04.561+00:00"},"s":"I",  "c":"STORAGE",  "id":22430,   "ctx":"Checkpointer","msg":"WiredTiger message","attr":{"message":"[1743738484:561172][2082:0xffff9cbefc80], WT_SESSION.checkpoint: [WT_VERB_CHECKPOINT_PROGRESS] saving checkpoint snapshot min: 7060, snapshot max: 7060 snapshot count: 0, oldest timestamp: (1743738181, 1) , meta checkpoint timestamp: (1743738481, 1) base write gen: 33"}}
{"t":{"$date":"2025-04-04T03:49:04.689+00:00"},"s":"I",  "c":"STORAGE",  "id":22430,   "ctx":"Checkpointer","msg":"WiredTiger message","attr":{"message":"[1743738544:689899][2082:0xffff9cbefc80], WT_SESSION.checkpoint: [WT_VERB_CHECKPOINT_PROGRESS] saving checkpoint snapshot min: 7075, snapshot max: 7075 snapshot count: 0, oldest timestamp: (1743738241, 1) , meta checkpoint timestamp: (1743738541, 1) base write gen: 33"}}
{"t":{"$date":"2025-04-04T03:50:04.827+00:00"},"s":"I",  "c":"STORAGE",  "id":22430,   "ctx":"Checkpointer","msg":"WiredTiger message","attr":{"message":"[1743738604:827291][2082:0xffff9cbefc80], WT_SESSION.checkpoint: [WT_VERB_CHECKPOINT_PROGRESS] saving checkpoint snapshot min: 7090, snapshot max: 7090 snapshot count: 0, oldest timestamp: (1743738301, 1) , meta checkpoint timestamp: (1743738601, 1) base write gen: 33"}}
{"t":{"$date":"2025-04-04T03:51:04.950+00:00"},"s":"I",  "c":"STORAGE",  "id":22430,   "ctx":"Checkpointer","msg":"WiredTiger message","attr":{"message":"[1743738664:950690][2082:0xffff9cbefc80], WT_SESSION.checkpoint: [WT_VERB_CHECKPOINT_PROGRESS] saving checkpoint snapshot min: 7105, snapshot max: 7105 snapshot count: 0, oldest timestamp: (1743738361, 1) , meta checkpoint timestamp: (1743738661, 1) base write gen: 33"}}
{"t":{"$date":"2025-04-04T03:52:05.099+00:00"},"s":"I",  "c":"STORAGE",  "id":22430,   "ctx":"Checkpointer","msg":"WiredTiger message","attr":{"message":"[1743738725:99924][2082:0xffff9cbefc80], WT_SESSION.checkpoint: [WT_VERB_CHECKPOINT_PROGRESS] saving checkpoint snapshot min: 7120, snapshot max: 7120 snapshot count: 0, oldest timestamp: (1743738421, 1) , meta checkpoint timestamp: (1743738721, 1) base write gen: 33"}}
{"t":{"$date":"2025-04-04T03:53:05.219+00:00"},"s":"I",  "c":"STORAGE",  "id":22430,   "ctx":"Checkpointer","msg":"WiredTiger message","attr":{"message":"[1743738785:219348][2082:0xffff9cbefc80], WT_SESSION.checkpoint: [WT_VERB_CHECKPOINT_PROGRESS] saving checkpoint snapshot min: 7135, snapshot max: 7135 snapshot count: 0, oldest timestamp: (1743738481, 1) , meta checkpoint timestamp: (1743738781, 1) base write gen: 33"}}
{"t":{"$date":"2025-04-04T03:54:05.354+00:00"},"s":"I",  "c":"STORAGE",  "id":22430,   "ctx":"Checkpointer","msg":"WiredTiger message","attr":{"message":"[1743738845:354228][2082:0xffff9cbefc80], WT_SESSION.checkpoint: [WT_VERB_CHECKPOINT_PROGRESS] saving checkpoint snapshot min: 7150, snapshot max: 7150 snapshot count: 0, oldest timestamp: (1743738541, 1) , meta checkpoint timestamp: (1743738841, 1) base write gen: 33"}}
{"t":{"$date":"2025-04-04T03:55:05.481+00:00"},"s":"I",  "c":"STORAGE",  "id":22430,   "ctx":"Checkpointer","msg":"WiredTiger message","attr":{"message":"[1743738905:481981][2082:0xffff9cbefc80], WT_SESSION.checkpoint: [WT_VERB_CHECKPOINT_PROGRESS] saving checkpoint snapshot min: 7165, snapshot max: 7165 snapshot count: 0, oldest timestamp: (1743738601, 1) , meta checkpoint timestamp: (1743738901, 1) base write gen: 33"}}
{"t":{"$date":"2025-04-04T03:56:05.612+00:00"},"s":"I",  "c":"STORAGE",  "id":22430,   "ctx":"Checkpointer","msg":"WiredTiger message","attr":{"message":"[1743738965:612206][2082:0xffff9cbefc80], WT_SESSION.checkpoint: [WT_VERB_CHECKPOINT_PROGRESS] saving checkpoint snapshot min: 7180, snapshot max: 7180 snapshot count: 0, oldest timestamp: (1743738661, 1) , meta checkpoint timestamp: (1743738961, 1) base write gen: 33"}}
{"t":{"$date":"2025-04-04T03:57:05.727+00:00"},"s":"I",  "c":"STORAGE",  "id":22430,   "ctx":"Checkpointer","msg":"WiredTiger message","attr":{"message":"[1743739025:727335][2082:0xffff9cbefc80], WT_SESSION.checkpoint: [WT_VERB_CHECKPOINT_PROGRESS] saving checkpoint snapshot min: 7195, snapshot max: 7195 snapshot count: 0, oldest timestamp: (1743738721, 1) , meta checkpoint timestamp: (1743739021, 1) base write gen: 33"}}
{"t":{"$date":"2025-04-04T04:30:24.376+00:00"},"s":"I",  "c":"STORAGE",  "id":22430,   "ctx":"Checkpointer","msg":"WiredTiger message","attr":{"message":"[1743741024:376800][2082:0xffff9cbefc80], WT_SESSION.checkpoint: [WT_VERB_CHECKPOINT_PROGRESS] saving checkpoint snapshot min: 7207, snapshot max: 7207 snapshot count: 0, oldest timestamp: (1743740724, 6) , meta checkpoint timestamp: (1743739041, 1) base write gen: 33"}}
{"t":{"$date":"2025-04-04T05:11:32.096+00:00"},"s":"I",  "c":"COMMAND",  "id":23099,   "ctx":"PeriodicTaskRunner","msg":"Task finished","attr":{"taskName":"UnusedLockCleaner","durationMillis":209}}
{"t":{"$date":"2025-04-04T05:11:32.311+00:00"},"s":"I",  "c":"STORAGE",  "id":22430,   "ctx":"Checkpointer","msg":"WiredTiger message","attr":{"message":"[1743743492:311054][2082:0xffff9cbefc80], WT_SESSION.checkpoint: [WT_VERB_CHECKPOINT_PROGRESS] saving checkpoint snapshot min: 7219, snapshot max: 7219 snapshot count: 0, oldest timestamp: (1743743192, 2) , meta checkpoint timestamp: (1743741044, 1) base write gen: 33"}}
{"t":{"$date":"2025-04-04T05:30:55.024+00:00"},"s":"I",  "c":"STORAGE",  "id":22430,   "ctx":"Checkpointer","msg":"WiredTiger message","attr":{"message":"[1743744655:24266][2082:0xffff9cbefc80], WT_SESSION.checkpoint: [WT_VERB_CHECKPOINT_PROGRESS] saving checkpoint snapshot min: 7226, snapshot max: 7226 snapshot count: 0, oldest timestamp: (1743744354, 2) , meta checkpoint timestamp: (1743743512, 1) base write gen: 33"}}
{"t":{"$date":"2025-04-04T06:53:34.636+00:00"},"s":"I",  "c":"STORAGE",  "id":22430,   "ctx":"Checkpointer","msg":"WiredTiger message","attr":{"message":"[1743749614:636223][2082:0xffff9cbefc80], WT_SESSION.checkpoint: [WT_VERB_CHECKPOINT_PROGRESS] saving checkpoint snapshot min: 7234, snapshot max: 7234 snapshot count: 0, oldest timestamp: (1743749314, 1) , meta checkpoint timestamp: (1743744674, 1) base write gen: 33"}}
{"t":{"$date":"2025-04-04T07:44:06.195+00:00"},"s":"I",  "c":"STORAGE",  "id":22430,   "ctx":"Checkpointer","msg":"WiredTiger message","attr":{"message":"[1743752646:195326][2082:0xffff9cbefc80], WT_SESSION.checkpoint: [WT_VERB_CHECKPOINT_PROGRESS] saving checkpoint snapshot min: 7243, snapshot max: 7243 snapshot count: 0, oldest timestamp: (1743752346, 1) , meta checkpoint timestamp: (1743749634, 1) base write gen: 33"}}
{"t":{"$date":"2025-04-04T08:54:39.244+00:00"},"s":"I",  "c":"STORAGE",  "id":22430,   "ctx":"Checkpointer","msg":"WiredTiger message","attr":{"message":"[1743756879:244008][2082:0xffff9cbefc80], WT_SESSION.checkpoint: [WT_VERB_CHECKPOINT_PROGRESS] saving checkpoint snapshot min: 7253, snapshot max: 7253 snapshot count: 0, oldest timestamp: (1743756579, 1) , meta checkpoint timestamp: (1743752666, 1) base write gen: 33"}}
{"t":{"$date":"2025-04-04T10:02:53.900+00:00"},"s":"I",  "c":"STORAGE",  "id":22430,   "ctx":"Checkpointer","msg":"WiredTiger message","attr":{"message":"[1743760973:900768][2082:0xffff9cbefc80], WT_SESSION.checkpoint: [WT_VERB_CHECKPOINT_PROGRESS] saving checkpoint snapshot min: 7262, snapshot max: 7262 snapshot count: 0, oldest timestamp: (1743760673, 1) , meta checkpoint timestamp: (1743756899, 1) base write gen: 33"}}
{"t":{"$date":"2025-04-04T10:54:52.978+00:00"},"s":"I",  "c":"COMMAND",  "id":51803,   "ctx":"LogicalSessionCacheReap","msg":"Slow query","attr":{"type":"command","ns":"config.transactions","command":{"find":"transactions","filter":{"lastWriteDate":{"$lt":{"$date":"2025-04-04T10:24:52.759Z"}}},"projection":{"_id":1},"sort":{"_id":1},"readConcern":{},"$db":"config"},"planSummary":"IXSCAN { _id: 1 }","keysExamined":0,"docsExamined":0,"cursorExhausted":true,"numYields":0,"nreturned":0,"queryHash":"9971D7EE","planCacheKey":"105285D9","reslen":233,"locks":{"FeatureCompatibilityVersion":{"acquireCount":{"r":3}},"ReplicationStateTransition":{"acquireCount":{"w":1}},"Global":{"acquireCount":{"r":3}},"Database":{"acquireCount":{"r":1}},"Collection":{"acquireCount":{"r":1}},"Mutex":{"acquireCount":{"r":2}}},"readConcern":{"provenance":"implicitDefault"},"storage":{},"protocol":"op_msg","durationMillis":219}}
{"t":{"$date":"2025-04-04T10:54:53.102+00:00"},"s":"I",  "c":"STORAGE",  "id":22430,   "ctx":"Checkpointer","msg":"WiredTiger message","attr":{"message":"[1743764093:102052][2082:0xffff9cbefc80], WT_SESSION.checkpoint: [WT_VERB_CHECKPOINT_PROGRESS] saving checkpoint snapshot min: 7272, snapshot max: 7272 snapshot count: 0, oldest timestamp: (1743763792, 1) , meta checkpoint timestamp: (1743760993, 1) base write gen: 33"}}
{"t":{"$date":"2025-04-04T12:23:55.050+00:00"},"s":"I",  "c":"STORAGE",  "id":22430,   "ctx":"Checkpointer","msg":"WiredTiger message","attr":{"message":"[1743769435:50025][2082:0xffff9cbefc80], WT_SESSION.checkpoint: [WT_VERB_CHECKPOINT_PROGRESS] saving checkpoint snapshot min: 7283, snapshot max: 7283 snapshot count: 0, oldest timestamp: (1743763812, 1) , meta checkpoint timestamp: (1743764112, 1) base write gen: 33"}}
{"t":{"$date":"2025-04-04T12:49:00.731+00:00"},"s":"I",  "c":"STORAGE",  "id":22430,   "ctx":"Checkpointer","msg":"WiredTiger message","attr":{"message":"[1743770940:731089][2082:0xffff9cbefc80], WT_SESSION.checkpoint: [WT_VERB_CHECKPOINT_PROGRESS] saving checkpoint snapshot min: 7293, snapshot max: 7293 snapshot count: 0, oldest timestamp: (1743770640, 1) , meta checkpoint timestamp: (1743769454, 1) base write gen: 33"}}
{"t":{"$date":"2025-04-04T12:50:00.829+00:00"},"s":"I",  "c":"STORAGE",  "id":22430,   "ctx":"Checkpointer","msg":"WiredTiger message","attr":{"message":"[1743771000:829987][2082:0xffff9cbefc80], WT_SESSION.checkpoint: [WT_VERB_CHECKPOINT_PROGRESS] saving checkpoint snapshot min: 7308, snapshot max: 7308 snapshot count: 0, oldest timestamp: (1743770700, 1) , meta checkpoint timestamp: (1743771000, 1) base write gen: 33"}}
{"t":{"$date":"2025-04-04T12:51:00.928+00:00"},"s":"I",  "c":"STORAGE",  "id":22430,   "ctx":"Checkpointer","msg":"WiredTiger message","attr":{"message":"[1743771060:928825][2082:0xffff9cbefc80], WT_SESSION.checkpoint: [WT_VERB_CHECKPOINT_PROGRESS] saving checkpoint snapshot min: 7323, snapshot max: 7323 snapshot count: 0, oldest timestamp: (1743770760, 1) , meta checkpoint timestamp: (1743771060, 1) base write gen: 33"}}
{"t":{"$date":"2025-04-04T12:52:01.048+00:00"},"s":"I",  "c":"STORAGE",  "id":22430,   "ctx":"Checkpointer","msg":"WiredTiger message","attr":{"message":"[1743771121:48620][2082:0xffff9cbefc80], WT_SESSION.checkpoint: [WT_VERB_CHECKPOINT_PROGRESS] saving checkpoint snapshot min: 7338, snapshot max: 7338 snapshot count: 0, oldest timestamp: (1743770820, 1) , meta checkpoint timestamp: (1743771120, 1) base write gen: 33"}}
{"t":{"$date":"2025-04-04T12:53:01.144+00:00"},"s":"I",  "c":"STORAGE",  "id":22430,   "ctx":"Checkpointer","msg":"WiredTiger message","attr":{"message":"[1743771181:144301][2082:0xffff9cbefc80], WT_SESSION.checkpoint: [WT_VERB_CHECKPOINT_PROGRESS] saving checkpoint snapshot min: 7353, snapshot max: 7353 snapshot count: 0, oldest timestamp: (1743770880, 1) , meta checkpoint timestamp: (1743771180, 1) base write gen: 33"}}
{"t":{"$date":"2025-04-04T12:54:01.278+00:00"},"s":"I",  "c":"STORAGE",  "id":22430,   "ctx":"Checkpointer","msg":"WiredTiger message","attr":{"message":"[1743771241:278708][2082:0xffff9cbefc80], WT_SESSION.checkpoint: [WT_VERB_CHECKPOINT_PROGRESS] saving checkpoint snapshot min: 7368, snapshot max: 7368 snapshot count: 0, oldest timestamp: (1743770940, 1) , meta checkpoint timestamp: (1743771240, 1) base write gen: 33"}}
{"t":{"$date":"2025-04-04T12:55:01.363+00:00"},"s":"I",  "c":"STORAGE",  "id":22430,   "ctx":"Checkpointer","msg":"WiredTiger message","attr":{"message":"[1743771301:363966][2082:0xffff9cbefc80], WT_SESSION.checkpoint: [WT_VERB_CHECKPOINT_PROGRESS] saving checkpoint snapshot min: 7383, snapshot max: 7383 snapshot count: 0, oldest timestamp: (1743771000, 1) , meta checkpoint timestamp: (1743771300, 1) base write gen: 33"}}
{"t":{"$date":"2025-04-04T12:56:01.504+00:00"},"s":"I",  "c":"STORAGE",  "id":22430,   "ctx":"Checkpointer","msg":"WiredTiger message","attr":{"message":"[1743771361:504789][2082:0xffff9cbefc80], WT_SESSION.checkpoint: [WT_VERB_CHECKPOINT_PROGRESS] saving checkpoint snapshot min: 7398, snapshot max: 7398 snapshot count: 0, oldest timestamp: (1743771060, 1) , meta checkpoint timestamp: (1743771360, 1) base write gen: 33"}}
{"t":{"$date":"2025-04-04T12:57:01.638+00:00"},"s":"I",  "c":"STORAGE",  "id":22430,   "ctx":"Checkpointer","msg":"WiredTiger message","attr":{"message":"[1743771421:638681][2082:0xffff9cbefc80], WT_SESSION.checkpoint: [WT_VERB_CHECKPOINT_PROGRESS] saving checkpoint snapshot min: 7413, snapshot max: 7413 snapshot count: 0, oldest timestamp: (1743771120, 1) , meta checkpoint timestamp: (1743771420, 1) base write gen: 33"}}
{"t":{"$date":"2025-04-04T12:58:01.770+00:00"},"s":"I",  "c":"STORAGE",  "id":22430,   "ctx":"Checkpointer","msg":"WiredTiger message","attr":{"message":"[1743771481:770125][2082:0xffff9cbefc80], WT_SESSION.checkpoint: [WT_VERB_CHECKPOINT_PROGRESS] saving checkpoint snapshot min: 7428, snapshot max: 7428 snapshot count: 0, oldest timestamp: (1743771180, 1) , meta checkpoint timestamp: (1743771480, 1) base write gen: 33"}}
{"t":{"$date":"2025-04-04T12:59:01.912+00:00"},"s":"I",  "c":"STORAGE",  "id":22430,   "ctx":"Checkpointer","msg":"WiredTiger message","attr":{"message":"[1743771541:912191][2082:0xffff9cbefc80], WT_SESSION.checkpoint: [WT_VERB_CHECKPOINT_PROGRESS] saving checkpoint snapshot min: 7443, snapshot max: 7443 snapshot count: 0, oldest timestamp: (1743771240, 1) , meta checkpoint timestamp: (1743771540, 1) base write gen: 33"}}
{"t":{"$date":"2025-04-04T13:00:02.050+00:00"},"s":"I",  "c":"STORAGE",  "id":22430,   "ctx":"Checkpointer","msg":"WiredTiger message","attr":{"message":"[1743771602:50395][2082:0xffff9cbefc80], WT_SESSION.checkpoint: [WT_VERB_CHECKPOINT_PROGRESS] saving checkpoint snapshot min: 7458, snapshot max: 7458 snapshot count: 0, oldest timestamp: (1743771300, 1) , meta checkpoint timestamp: (1743771600, 1) base write gen: 33"}}
{"t":{"$date":"2025-04-04T13:01:02.193+00:00"},"s":"I",  "c":"STORAGE",  "id":22430,   "ctx":"Checkpointer","msg":"WiredTiger message","attr":{"message":"[1743771662:193807][2082:0xffff9cbefc80], WT_SESSION.checkpoint: [WT_VERB_CHECKPOINT_PROGRESS] saving checkpoint snapshot min: 7473, snapshot max: 7473 snapshot count: 0, oldest timestamp: (1743771360, 1) , meta checkpoint timestamp: (1743771660, 1) base write gen: 33"}}
{"t":{"$date":"2025-04-04T13:02:02.336+00:00"},"s":"I",  "c":"STORAGE",  "id":22430,   "ctx":"Checkpointer","msg":"WiredTiger message","attr":{"message":"[1743771722:336452][2082:0xffff9cbefc80], WT_SESSION.checkpoint: [WT_VERB_CHECKPOINT_PROGRESS] saving checkpoint snapshot min: 7488, snapshot max: 7488 snapshot count: 0, oldest timestamp: (1743771420, 1) , meta checkpoint timestamp: (1743771720, 1) base write gen: 33"}}
{"t":{"$date":"2025-04-04T13:03:02.464+00:00"},"s":"I",  "c":"STORAGE",  "id":22430,   "ctx":"Checkpointer","msg":"WiredTiger message","attr":{"message":"[1743771782:464020][2082:0xffff9cbefc80], WT_SESSION.checkpoint: [WT_VERB_CHECKPOINT_PROGRESS] saving checkpoint snapshot min: 7503, snapshot max: 7503 snapshot count: 0, oldest timestamp: (1743771480, 1) , meta checkpoint timestamp: (1743771780, 1) base write gen: 33"}}
{"t":{"$date":"2025-04-04T13:04:02.614+00:00"},"s":"I",  "c":"STORAGE",  "id":22430,   "ctx":"Checkpointer","msg":"WiredTiger message","attr":{"message":"[1743771842:614034][2082:0xffff9cbefc80], WT_SESSION.checkpoint: [WT_VERB_CHECKPOINT_PROGRESS] saving checkpoint snapshot min: 7518, snapshot max: 7518 snapshot count: 0, oldest timestamp: (1743771540, 1) , meta checkpoint timestamp: (1743771840, 1) base write gen: 33"}}
{"t":{"$date":"2025-04-04T13:05:02.747+00:00"},"s":"I",  "c":"STORAGE",  "id":22430,   "ctx":"Checkpointer","msg":"WiredTiger message","attr":{"message":"[1743771902:747012][2082:0xffff9cbefc80], WT_SESSION.checkpoint: [WT_VERB_CHECKPOINT_PROGRESS] saving checkpoint snapshot min: 7533, snapshot max: 7533 snapshot count: 0, oldest timestamp: (1743771600, 1) , meta checkpoint timestamp: (1743771900, 1) base write gen: 33"}}
{"t":{"$date":"2025-04-04T13:06:02.897+00:00"},"s":"I",  "c":"STORAGE",  "id":22430,   "ctx":"Checkpointer","msg":"WiredTiger message","attr":{"message":"[1743771962:897718][2082:0xffff9cbefc80], WT_SESSION.checkpoint: [WT_VERB_CHECKPOINT_PROGRESS] saving checkpoint snapshot min: 7548, snapshot max: 7548 snapshot count: 0, oldest timestamp: (1743771660, 1) , meta checkpoint timestamp: (1743771960, 1) base write gen: 33"}}
{"t":{"$date":"2025-04-04T13:07:03.047+00:00"},"s":"I",  "c":"STORAGE",  "id":22430,   "ctx":"Checkpointer","msg":"WiredTiger message","attr":{"message":"[1743772023:47337][2082:0xffff9cbefc80], WT_SESSION.checkpoint: [WT_VERB_CHECKPOINT_PROGRESS] saving checkpoint snapshot min: 7563, snapshot max: 7563 snapshot count: 0, oldest timestamp: (1743771720, 1) , meta checkpoint timestamp: (1743772020, 1) base write gen: 33"}}
{"t":{"$date":"2025-04-04T13:08:03.202+00:00"},"s":"I",  "c":"STORAGE",  "id":22430,   "ctx":"Checkpointer","msg":"WiredTiger message","attr":{"message":"[1743772083:202164][2082:0xffff9cbefc80], WT_SESSION.checkpoint: [WT_VERB_CHECKPOINT_PROGRESS] saving checkpoint snapshot min: 7578, snapshot max: 7578 snapshot count: 0, oldest timestamp: (1743771780, 1) , meta checkpoint timestamp: (1743772080, 1) base write gen: 33"}}
{"t":{"$date":"2025-04-04T13:09:03.338+00:00"},"s":"I",  "c":"STORAGE",  "id":22430,   "ctx":"Checkpointer","msg":"WiredTiger message","attr":{"message":"[1743772143:338534][2082:0xffff9cbefc80], WT_SESSION.checkpoint: [WT_VERB_CHECKPOINT_PROGRESS] saving checkpoint snapshot min: 7593, snapshot max: 7593 snapshot count: 0, oldest timestamp: (1743771840, 1) , meta checkpoint timestamp: (1743772140, 1) base write gen: 33"}}
{"t":{"$date":"2025-04-04T13:10:03.486+00:00"},"s":"I",  "c":"STORAGE",  "id":22430,   "ctx":"Checkpointer","msg":"WiredTiger message","attr":{"message":"[1743772203:486385][2082:0xffff9cbefc80], WT_SESSION.checkpoint: [WT_VERB_CHECKPOINT_PROGRESS] saving checkpoint snapshot min: 7608, snapshot max: 7608 snapshot count: 0, oldest timestamp: (1743771900, 1) , meta checkpoint timestamp: (1743772200, 1) base write gen: 33"}}
{"t":{"$date":"2025-04-04T13:11:03.570+00:00"},"s":"I",  "c":"STORAGE",  "id":22430,   "ctx":"Checkpointer","msg":"WiredTiger message","attr":{"message":"[1743772263:570186][2082:0xffff9cbefc80], WT_SESSION.checkpoint: [WT_VERB_CHECKPOINT_PROGRESS] saving checkpoint snapshot min: 7623, snapshot max: 7623 snapshot count: 0, oldest timestamp: (1743771960, 1) , meta checkpoint timestamp: (1743772260, 1) base write gen: 33"}}
{"t":{"$date":"2025-04-04T13:12:03.686+00:00"},"s":"I",  "c":"STORAGE",  "id":22430,   "ctx":"Checkpointer","msg":"WiredTiger message","attr":{"message":"[1743772323:686219][2082:0xffff9cbefc80], WT_SESSION.checkpoint: [WT_VERB_CHECKPOINT_PROGRESS] saving checkpoint snapshot min: 7638, snapshot max: 7638 snapshot count: 0, oldest timestamp: (1743772020, 1) , meta checkpoint timestamp: (1743772320, 1) base write gen: 33"}}
{"t":{"$date":"2025-04-04T13:13:03.813+00:00"},"s":"I",  "c":"STORAGE",  "id":22430,   "ctx":"Checkpointer","msg":"WiredTiger message","attr":{"message":"[1743772383:813312][2082:0xffff9cbefc80], WT_SESSION.checkpoint: [WT_VERB_CHECKPOINT_PROGRESS] saving checkpoint snapshot min: 7653, snapshot max: 7653 snapshot count: 0, oldest timestamp: (1743772080, 1) , meta checkpoint timestamp: (1743772380, 1) base write gen: 33"}}
{"t":{"$date":"2025-04-04T13:14:03.933+00:00"},"s":"I",  "c":"STORAGE",  "id":22430,   "ctx":"Checkpointer","msg":"WiredTiger message","attr":{"message":"[1743772443:933629][2082:0xffff9cbefc80], WT_SESSION.checkpoint: [WT_VERB_CHECKPOINT_PROGRESS] saving checkpoint snapshot min: 7668, snapshot max: 7668 snapshot count: 0, oldest timestamp: (1743772140, 1) , meta checkpoint timestamp: (1743772440, 1) base write gen: 33"}}
{"t":{"$date":"2025-04-04T13:15:04.050+00:00"},"s":"I",  "c":"STORAGE",  "id":22430,   "ctx":"Checkpointer","msg":"WiredTiger message","attr":{"message":"[1743772504:50409][2082:0xffff9cbefc80], WT_SESSION.checkpoint: [WT_VERB_CHECKPOINT_PROGRESS] saving checkpoint snapshot min: 7683, snapshot max: 7683 snapshot count: 0, oldest timestamp: (1743772200, 1) , meta checkpoint timestamp: (1743772500, 1) base write gen: 33"}}
{"t":{"$date":"2025-04-04T13:16:04.182+00:00"},"s":"I",  "c":"STORAGE",  "id":22430,   "ctx":"Checkpointer","msg":"WiredTiger message","attr":{"message":"[1743772564:182963][2082:0xffff9cbefc80], WT_SESSION.checkpoint: [WT_VERB_CHECKPOINT_PROGRESS] saving checkpoint snapshot min: 7698, snapshot max: 7698 snapshot count: 0, oldest timestamp: (1743772260, 1) , meta checkpoint timestamp: (1743772560, 1) base write gen: 33"}}
{"t":{"$date":"2025-04-04T13:17:04.318+00:00"},"s":"I",  "c":"STORAGE",  "id":22430,   "ctx":"Checkpointer","msg":"WiredTiger message","attr":{"message":"[1743772624:318122][2082:0xffff9cbefc80], WT_SESSION.checkpoint: [WT_VERB_CHECKPOINT_PROGRESS] saving checkpoint snapshot min: 7713, snapshot max: 7713 snapshot count: 0, oldest timestamp: (1743772320, 1) , meta checkpoint timestamp: (1743772620, 1) base write gen: 33"}}
{"t":{"$date":"2025-04-04T13:18:04.455+00:00"},"s":"I",  "c":"STORAGE",  "id":22430,   "ctx":"Checkpointer","msg":"WiredTiger message","attr":{"message":"[1743772684:455900][2082:0xffff9cbefc80], WT_SESSION.checkpoint: [WT_VERB_CHECKPOINT_PROGRESS] saving checkpoint snapshot min: 7728, snapshot max: 7728 snapshot count: 0, oldest timestamp: (1743772380, 1) , meta checkpoint timestamp: (1743772680, 1) base write gen: 33"}}
{"t":{"$date":"2025-04-04T13:19:04.580+00:00"},"s":"I",  "c":"STORAGE",  "id":22430,   "ctx":"Checkpointer","msg":"WiredTiger message","attr":{"message":"[1743772744:580636][2082:0xffff9cbefc80], WT_SESSION.checkpoint: [WT_VERB_CHECKPOINT_PROGRESS] saving checkpoint snapshot min: 7743, snapshot max: 7743 snapshot count: 0, oldest timestamp: (1743772441, 1) , meta checkpoint timestamp: (1743772741, 1) base write gen: 33"}}
{"t":{"$date":"2025-04-04T13:20:04.700+00:00"},"s":"I",  "c":"STORAGE",  "id":22430,   "ctx":"Checkpointer","msg":"WiredTiger message","attr":{"message":"[1743772804:700953][2082:0xffff9cbefc80], WT_SESSION.checkpoint: [WT_VERB_CHECKPOINT_PROGRESS] saving checkpoint snapshot min: 7758, snapshot max: 7758 snapshot count: 0, oldest timestamp: (1743772501, 1) , meta checkpoint timestamp: (1743772801, 1) base write gen: 33"}}
{"t":{"$date":"2025-04-04T13:21:04.829+00:00"},"s":"I",  "c":"STORAGE",  "id":22430,   "ctx":"Checkpointer","msg":"WiredTiger message","attr":{"message":"[1743772864:829671][2082:0xffff9cbefc80], WT_SESSION.checkpoint: [WT_VERB_CHECKPOINT_PROGRESS] saving checkpoint snapshot min: 7773, snapshot max: 7773 snapshot count: 0, oldest timestamp: (1743772561, 1) , meta checkpoint timestamp: (1743772861, 1) base write gen: 33"}}
{"t":{"$date":"2025-04-04T13:22:04.970+00:00"},"s":"I",  "c":"STORAGE",  "id":22430,   "ctx":"Checkpointer","msg":"WiredTiger message","attr":{"message":"[1743772924:970296][2082:0xffff9cbefc80], WT_SESSION.checkpoint: [WT_VERB_CHECKPOINT_PROGRESS] saving checkpoint snapshot min: 7788, snapshot max: 7788 snapshot count: 0, oldest timestamp: (1743772621, 1) , meta checkpoint timestamp: (1743772921, 1) base write gen: 33"}}
